,str,dex,con,int,wis,cha,ac,hp,perception,fortitude,reflex,will,focus,melee_max_bonus,avg_melee_dmg,ranged_max_bonus,avg_ranged_dmg,max_spell_lvl,spell_dc,spell_attack,book,level,name
4949,3,4,1,0,1,1,18,42,9,9,12,6,0,10,8.5,10,8.5,0,0,0,Pathfinder Society Scenario #6-99: Under the Eye of the Mantis,3,Dispatch Disciple Veteran
4957,3,1,3,0,1,0,13,9,1,6,4,2,0,7,4.5,0,0.0,0,0,0,Pathfinder Society Scenario #6-99: Under the Eye of the Mantis,-1,Tired Dockhand
4956,2,3,2,6,3,0,24,115,18,15,15,18,0,16,13.0,0,0.0,4,25,17,Pathfinder Society Scenario #6-99: Under the Eye of the Mantis,7,Sotroz
4955,3,5,2,1,0,3,18,28,10,5,11,5,0,11,6.0,0,0.0,0,0,0,Pathfinder Society Scenario #6-99: Under the Eye of the Mantis,2,Rowan the Whispering
4948,2,4,1,0,1,1,14,7,5,5,8,2,0,6,2.5,6,2.5,0,0,0,Pathfinder Society Scenario #6-99: Under the Eye of the Mantis,-1,Dispatch Disciple Trainee
4947,2,4,1,0,1,1,15,14,6,6,9,3,0,6,4.5,6,4.5,0,0,0,Pathfinder Society Scenario #6-99: Under the Eye of the Mantis,0,Dispatch Disciple Novice
4954,2,4,3,6,4,0,27,115,21,18,18,21,0,19,11.0,0,0.0,5,25,17,Pathfinder Society Scenario #6-99: Under the Eye of the Mantis,9,Invigorated Sotroz
4953,4,3,2,1,2,4,21,72,12,12,12,10,0,15,13.0,0,0.0,0,0,0,Pathfinder Society Scenario #6-99: Under the Eye of the Mantis,5,Ghoul Commando
4952,3,5,2,1,0,3,20,43,12,7,13,7,0,13,8.0,0,0.0,0,0,0,Pathfinder Society Scenario #6-99: Under the Eye of the Mantis,2,Enraged Rowan the Whispering
4951,3,5,2,1,0,3,22,72,15,9,15,9,0,15,11.0,0,0.0,0,0,0,Pathfinder Society Scenario #6-99: Under the Eye of the Mantis,5,Empowered Rowan the Whispering
4950,3,4,1,0,1,1,15,19,7,7,10,4,0,7,5.5,7,5.5,0,0,0,Pathfinder Society Scenario #6-99: Under the Eye of the Mantis,1,Dispatch Disciple
4946,4,5,2,0,2,1,21,72,12,12,15,9,0,13,8.5,13,11.0,0,0,0,Pathfinder Society Scenario #6-99: Under the Eye of the Mantis,5,Dispatch Disciple Captain
2507,4,8,4,5,6,5,36,252,28,22,28,24,0,30,22.5,0,0.0,0,0,0,Pathfinder Adventures: Dark Archive Web Supplement: In Darkness (Remastered),14,Kuchisake-Onna
2513,4,7,4,5,5,8,39,310,33,28,29,32,0,32,37.0,0,0.0,0,0,0,Pathfinder Adventures: Dark Archive Web Supplement: In Darkness (Remastered),15,The Weaver in Dreams
2511,7,2,6,-5,0,-5,33,215,20,26,20,18,0,26,29.5,24,30.0,0,0,0,Pathfinder Adventures: Dark Archive Web Supplement: In Darkness (Remastered),12,Spectral Fang Paleohemoth
2505,5,1,5,1,1,8,33,290,26,26,20,29,0,0,0.0,27,28.0,7,33,27,Pathfinder Adventures: Dark Archive Web Supplement: In Darkness (Remastered),13,Cocoon of Lucid Potential
2514,7,0,4,-2,4,3,24,120,16,18,10,16,0,20,19.0,0,0.0,0,0,0,Pathfinder Dark Archive (Remastered),8,Verdure's Moonflower
2512,8,7,7,5,4,4,34,320,24,28,25,25,0,29,27.5,0,0.0,0,0,0,Pathfinder Dark Archive (Remastered),14,The Morrowkin
2504,5,6,4,8,6,-1,33,220,23,22,22,26,0,24,27.5,27,21.5,7,33,25,Pathfinder Dark Archive (Remastered),13,Amalgamite
2510,0,0,0,0,0,0,24,30,0,11,17,0,0,17,15.0,0,0.0,0,0,0,Pathfinder Dark Archive (Remastered),6,Reflection
2509,-5,4,0,-2,2,3,20,40,10,8,14,12,0,15,10.0,0,0.0,0,0,0,Pathfinder Dark Archive (Remastered),4,Quartz-Spawned Shadow
2508,1,3,0,2,4,4,25,140,18,14,17,18,0,18,19.0,0,0.0,4,26,18,Pathfinder Dark Archive (Remastered),8,Mother Mitera
2506,4,5,4,5,5,8,36,280,30,23,24,28,0,29,30.0,0,0.0,0,0,0,Pathfinder Dark Archive (Remastered),14,K. H. W.'s Echo
5032,8,5,8,-2,0,4,34,10,26,32,26,20,0,28,45.0,25,30.5,0,0,0,Pathfinder Society Scenario #7-10: Shattered Blades,15,The Scourge of Woodsedge
5033,5,8,2,-2,4,2,35,180,23,20,26,23,0,25,26.5,0,0.0,0,0,0,Pathfinder Society Scenario #7-10: Shattered Blades,13,Torn Trio
5031,4,1,3,2,1,0,20,10,8,14,8,11,0,13,11.0,0,0.0,0,0,0,"Pathfinder Society Scenario #7-09: The Chitterwood Walks, Part 1: Scrambling the Tribes",4,Undead Hellknight
5038,2,4,0,-5,0,0,16,4,2,2,8,2,0,6,4.5,6,3.5,0,0,0,Pathfinder Society Quest #27: Within the Glacier,-1,Skeleton Guard
5039,2,4,1,-5,2,0,16,12,8,3,8,6,0,8,4.5,0,0.0,0,0,0,Pathfinder Society Quest #27: Within the Glacier,0,Skeleton Wolfguard
5034,1,1,1,5,4,3,16,26,7,4,7,10,1,9,4.5,0,0.0,1,20,12,Pathfinder Society Quest #27: Within the Glacier,1,"Kalagemmon, Decayed Cyclops"
5035,3,1,1,5,4,3,18,59,9,6,9,12,1,8,9.5,0,0.0,2,20,9,Pathfinder Society Quest #27: Within the Glacier,3,"Kalagemmon, Decayed Resentment Witch"
5036,0,2,0,3,2,1,14,8,4,2,4,6,1,6,3.5,0,0.0,0,15,7,Pathfinder Society Quest #27: Within the Glacier,-1,Skeleton Adept
5037,2,1,1,4,1,1,15,35,7,7,7,9,1,8,6.5,0,0.0,1,18,10,Pathfinder Society Quest #27: Within the Glacier,2,Skeleton Coven Aspirant
5025,0,2,0,4,3,2,17,37,11,6,7,11,0,14,12.0,0,0.0,0,0,0,Pathfinder Society Scenario #7-08: The Haunted Corridor,3,Lyari Zinfeld (3-4)
5026,0,2,0,4,3,2,14,16,9,4,5,9,0,9,4.5,0,0.0,0,0,0,Pathfinder Society Scenario #7-08: The Haunted Corridor,1,Lyari Zinfeld
5027,-2,3,1,-5,1,-3,14,14,5,2,7,4,0,0,0.0,0,0.0,0,0,0,Pathfinder Society Scenario #7-08: The Haunted Corridor,1,Partially Decomposed Rat Swarm
5028,-2,3,1,-5,1,-3,17,31,9,5,10,6,0,0,0.0,0,0.0,0,0,0,Pathfinder Society Scenario #7-08: The Haunted Corridor,3,Recently Slain Rat Swarm
5029,-4,3,-1,-1,2,2,17,19,7,5,11,9,0,12,6.5,0,0.0,0,0,0,Pathfinder Society Scenario #7-08: The Haunted Corridor,2,Shriveled Leaf of Talhindir
5030,-5,2,-2,-2,1,2,15,9,5,3,9,7,0,9,3.5,0,0.0,0,0,0,Pathfinder Society Scenario #7-08: The Haunted Corridor,0,Withered Leaf of Talhindir
5334,4,3,1,0,3,3,17,32,9,5,9,9,0,10,8.5,0,0.0,1,18,10,Pathfinder Season of Ghosts Hardcover Compilation,2,Meokdan
5335,5,3,2,2,3,3,17,58,11,8,11,13,0,14,14.0,0,0.0,2,21,13,Pathfinder Season of Ghosts Hardcover Compilation,4,Sojiruh
5337,4,2,0,2,4,6,25,90,15,11,13,17,1,16,16.5,0,0.0,4,25,17,Pathfinder Season of Ghosts Hardcover Compilation,7,Xin Yue
5350,4,4,4,4,4,4,22,93,14,14,11,17,0,15,13.0,0,0.0,3,24,16,Pathfinder Season of Ghosts Hardcover Compilation,6,Noppera-Bo Impersonator (Occult)
5339,-5,4,2,4,6,6,23,85,18,11,15,17,0,15,16.0,0,0.0,4,25,17,Pathfinder Season of Ghosts Hardcover Compilation,7,Zhi Hui
5340,5,5,3,3,3,7,29,175,19,17,21,19,0,21,21.5,0,0.0,5,29,21,Pathfinder Season of Ghosts Hardcover Compilation,10,Akashti
5341,5,4,2,-5,0,-5,23,65,9,11,13,7,0,14,15.0,0,0.0,0,0,0,Pathfinder Season of Ghosts Hardcover Compilation,5,Animated Axe
5342,2,2,3,1,4,2,24,135,16,15,14,18,0,17,14.0,0,0.0,4,26,18,Pathfinder Season of Ghosts Hardcover Compilation,8,Exorcist
5344,3,2,1,4,0,4,25,135,15,15,18,16,0,21,19.5,0,0.0,0,28,20,Pathfinder Season of Ghosts Hardcover Compilation,9,Heh Shan-Bao
5345,4,6,3,3,6,4,25,135,16,15,16,18,0,19,19.5,0,0.0,4,26,18,Pathfinder Season of Ghosts Hardcover Compilation,8,Kagekuma
5346,5,2,4,1,0,4,29,220,17,24,18,21,0,24,30.5,0,0.0,0,0,0,Pathfinder Season of Ghosts Hardcover Compilation,11,Mago Kai
5347,4,4,4,4,4,4,22,93,14,14,11,17,0,15,13.0,0,0.0,3,24,16,Pathfinder Season of Ghosts Hardcover Compilation,6,Noppera-Bo Impersonator (Arcane)
5348,4,4,4,4,4,4,22,93,14,14,11,17,0,15,13.0,0,0.0,3,24,16,Pathfinder Season of Ghosts Hardcover Compilation,6,Noppera-Bo Impersonator (Divine)
5349,4,4,4,4,4,4,22,93,14,17,14,11,0,17,15.0,0,0.0,0,0,0,Pathfinder Season of Ghosts Hardcover Compilation,6,Noppera-Bo Impersonator (Martial)
5332,6,2,5,-2,2,0,23,100,15,15,13,12,0,17,18.5,0,0.0,2,24,16,Pathfinder Season of Ghosts Hardcover Compilation,6,Ijda
5351,4,4,4,4,4,4,22,93,14,14,11,17,0,15,13.0,0,0.0,3,24,16,Pathfinder Season of Ghosts Hardcover Compilation,6,Noppera-Bo Impersonator (Primal)
5352,4,4,4,4,4,4,22,93,14,11,17,14,0,15,13.0,0,0.0,0,0,0,Pathfinder Season of Ghosts Hardcover Compilation,6,Noppera-Bo Impersonator (Skilled)
5353,-5,6,2,0,3,6,26,100,15,13,19,13,0,18,21.0,0,0.0,0,0,0,Pathfinder Season of Ghosts Hardcover Compilation,8,Rin
5338,-5,2,0,2,4,4,23,82,15,11,15,17,0,15,17.0,0,0.0,0,0,0,Pathfinder Season of Ghosts Hardcover Compilation,7,Yuni
5331,4,3,5,0,2,0,21,68,10,13,11,8,0,12,11.0,0,0.0,0,0,0,Pathfinder Season of Ghosts Hardcover Compilation,4,Heart-Eating Vulture
5323,4,5,3,1,5,0,22,62,14,10,12,14,0,0,0.0,14,0.0,3,21,13,Pathfinder Season of Ghosts Hardcover Compilation,5,Stone Spider
5328,-5,4,2,0,3,3,21,58,12,9,15,12,0,12,16.0,0,0.0,0,0,0,Pathfinder Season of Ghosts Hardcover Compilation,5,Dalgyal Gwishin
5308,1,3,4,-5,0,-5,16,14,5,9,8,3,0,0,0.0,0,0.0,0,0,0,Pathfinder Season of Ghosts Hardcover Compilation,1,Animated Cookware Swarm
5309,0,3,2,0,2,3,17,32,8,6,9,8,0,9,8.0,0,0.0,1,18,10,Pathfinder Season of Ghosts Hardcover Compilation,2,Fan Hongrui
5310,2,1,1,2,2,4,20,75,11,10,10,13,0,13,12.0,0,0.0,0,0,0,Pathfinder Season of Ghosts Hardcover Compilation,5,Hu Ban-Niang
5311,-2,4,0,2,2,2,15,19,7,6,10,7,1,9,1.5,0,0.0,0,17,9,Pathfinder Season of Ghosts Hardcover Compilation,1,Jinkin
5313,2,-1,1,4,3,3,18,70,12,10,8,12,0,11,9.0,0,0.0,0,0,0,Pathfinder Season of Ghosts Hardcover Compilation,5,Matsuki Shou
5314,1,2,2,1,0,2,15,18,4,6,5,4,0,7,4.5,0,0.0,0,0,0,Pathfinder Season of Ghosts Hardcover Compilation,0,Noppera-bo Grunt
5315,1,3,2,3,0,3,17,30,8,6,9,8,0,7,5.5,0,0.0,1,18,9,Pathfinder Season of Ghosts Hardcover Compilation,2,Noppera-bo Occultist
5316,1,3,2,1,0,3,16,20,5,7,8,5,0,8,4.5,8,3.5,0,0,0,Pathfinder Season of Ghosts Hardcover Compilation,1,Noppera-bo Trickster
5317,-5,1,4,-3,2,0,18,22,8,10,5,8,0,7,7.5,0,0.0,1,15,7,Pathfinder Season of Ghosts Hardcover Compilation,2,Phantom Boar
5318,-5,4,1,-4,2,0,15,15,5,5,8,5,0,7,5.5,0,0.0,1,14,6,Pathfinder Season of Ghosts Hardcover Compilation,1,Phantom Gecko
5319,-5,3,0,-3,3,0,15,6,5,2,7,5,0,7,3.5,0,0.0,0,13,5,Pathfinder Season of Ghosts Hardcover Compilation,-1,Phantom Raven
5320,-5,4,1,-3,2,0,15,14,7,6,9,5,0,7,5.5,0,0.0,1,14,6,Pathfinder Season of Ghosts Hardcover Compilation,1,Phantom Wolf
5321,0,3,2,0,2,3,17,32,8,6,9,8,0,9,8.0,0,0.0,1,18,10,Pathfinder Season of Ghosts Hardcover Compilation,2,Red-Hooded Thatchling
5322,8,6,7,5,6,9,40,260,31,32,29,31,0,33,33.0,0,0.0,9,38,30,Pathfinder Season of Ghosts Hardcover Compilation,17,Shinigami
5354,4,6,3,0,4,0,25,119,15,12,17,15,0,17,17.0,0,0.0,2,25,17,Pathfinder Season of Ghosts Hardcover Compilation,7,Shimmerthief
5324,0,3,2,0,2,3,15,16,6,4,7,6,0,5,3.5,0,0.0,0,0,0,Pathfinder Season of Ghosts Hardcover Compilation,0,Thatchling
5325,-2,0,0,-2,0,0,12,9,0,2,4,2,1,2,1.5,0,0.0,0,13,5,Pathfinder Season of Ghosts Hardcover Compilation,-1,Very Drunken Jinkin
5326,2,4,3,3,2,4,19,45,8,10,11,7,0,9,6.5,0,0.0,2,20,12,Pathfinder Season of Ghosts Hardcover Compilation,3,Zoudou the Zealous
5327,3,3,4,1,2,1,20,35,9,8,7,4,0,10,9.5,0,0.0,2,20,12,Pathfinder Season of Ghosts Hardcover Compilation,3,Bakeneko
5330,4,2,4,2,5,2,21,80,14,13,9,14,0,14,16.5,0,0.0,3,22,14,Pathfinder Season of Ghosts Hardcover Compilation,5,Guhdggi
5355,1,3,1,2,4,3,27,152,20,14,18,19,0,18,8.5,19,12.0,5,25,17,Pathfinder Season of Ghosts Hardcover Compilation,9,Shrine Maiden
5356,-5,5,4,2,4,0,23,68,14,14,17,12,0,15,15.0,0,0.0,1,24,16,Pathfinder Season of Ghosts Hardcover Compilation,6,Silsyche
5357,-5,6,3,3,6,4,24,88,16,12,14,16,0,16,14.0,0,0.0,3,22,14,Pathfinder Season of Ghosts Hardcover Compilation,7,Willowshore Waldgeist
5365,-5,5,0,4,4,6,31,160,22,18,22,24,0,21,24.5,0,0.0,6,32,24,Pathfinder Season of Ghosts Hardcover Compilation,12,Path Maiden (Spring's Path)
5366,-5,5,0,4,4,6,31,160,22,18,22,24,0,21,24.5,0,0.0,6,32,24,Pathfinder Season of Ghosts Hardcover Compilation,12,Path Maiden
5367,8,7,6,6,5,9,39,295,29,28,31,25,0,27,27.5,23,0.0,5,37,29,Pathfinder Season of Ghosts Hardcover Compilation,16,Ren Mei Li
5368,4,7,4,3,4,6,33,214,22,22,25,20,0,25,24.0,0,0.0,6,32,24,Pathfinder Season of Ghosts Hardcover Compilation,12,Shisagishin
5369,4,3,3,1,1,1,22,105,13,15,11,13,0,15,14.5,14,10.5,0,0,0,Pathfinder Season of Ghosts Hardcover Compilation,6,Silkwasp Bandit
5372,2,4,2,0,1,0,20,20,7,8,10,5,0,10,6.5,0,0.0,0,0,0,Pathfinder Season of Ghosts Hardcover Compilation,2,Gray Butcher
5374,4,0,3,0,2,2,12,20,8,6,0,2,0,10,10.5,0,0.0,0,0,0,Pathfinder Season of Ghosts Hardcover Compilation,2,Kalen Bray
5375,8,1,5,0,5,3,28,155,18,20,16,18,0,21,23.0,0,0.0,0,0,0,Pathfinder Season of Ghosts Hardcover Compilation,9,Kugaptee's Centipede
5377,4,2,3,1,2,1,24,102,14,15,15,11,0,15,14.5,15,12.5,0,0,0,Pathfinder Season of Ghosts Hardcover Compilation,6,Mercenary Enforcer
5378,3,4,3,2,3,4,18,30,9,7,8,9,0,10,7.5,0,0.0,0,0,0,Pathfinder Season of Ghosts Hardcover Compilation,2,Mo Douqiu the Hedonist
5379,5,4,2,1,4,2,24,90,14,12,16,14,0,17,18.5,0,0.0,0,0,0,Pathfinder Season of Ghosts Hardcover Compilation,6,Monk of Kugaptee
5380,4,3,3,-2,-1,0,19,65,6,10,12,4,0,12,11.0,11,10.0,0,0,0,Pathfinder Season of Ghosts Hardcover Compilation,3,Shrine Caretaker
5381,1,3,1,-5,1,-4,16,18,4,6,8,4,0,8,-0.5,0,0.0,0,0,0,Pathfinder Season of Ghosts Hardcover Compilation,1,Stingy
5382,1,5,1,0,4,1,24,100,15,12,16,13,0,16,17.5,0,10.5,0,0,0,Pathfinder Season of Ghosts Hardcover Compilation,6,Taunting Monk's Skull
5383,5,2,3,-4,2,-2,17,36,8,9,8,6,0,11,0.0,0,0.0,0,0,0,Pathfinder Season of Ghosts Hardcover Compilation,2,Warty
5364,3,6,5,3,6,5,31,180,23,18,23,21,0,23,22.0,0,0.0,4,30,22,Pathfinder Season of Ghosts Hardcover Compilation,11,Imprecasia
5362,7,6,5,5,4,8,35,180,23,24,25,21,0,26,31.5,0,0.0,6,30,22,Pathfinder Season of Ghosts Hardcover Compilation,13,Heh Shan-Bao (Level 13)
5363,5,3,4,3,6,4,29,128,20,20,15,22,0,23,25.0,0,0.0,5,29,21,Pathfinder Season of Ghosts Hardcover Compilation,10,Hong Meigui
5360,5,5,3,3,3,7,32,220,19,20,24,22,0,24,25.0,0,0.0,6,32,24,Pathfinder Season of Ghosts Hardcover Compilation,12,False Governor
5358,4,4,4,0,6,2,27,155,21,15,17,21,0,19,20.0,19,0.0,4,28,20,Pathfinder Season of Ghosts Hardcover Compilation,9,Algriever
5359,8,5,4,6,4,5,34,240,23,23,24,21,0,28,27.0,0,0.0,6,33,25,Pathfinder Season of Ghosts Hardcover Compilation,13,Argyrzei
5361,7,4,5,4,5,4,32,216,23,23,20,23,0,26,20.0,23,18.5,0,0,0,Pathfinder Season of Ghosts Hardcover Compilation,12,Gurglegut (Level 12)
5287,11,8,9,7,7,9,49,575,40,40,37,40,0,44,50.0,41,36.0,10,46,38,Pathfinder #221: Into the Apocalypse Archive,21,The Ashen Man
5286,8,6,8,4,4,6,38,300,28,30,28,24,0,32,32.5,30,28.0,8,35,27,Pathfinder #221: Into the Apocalypse Archive,16,Runic Warmaw
5283,6,8,6,10,8,8,46,385,36,30,34,36,0,36,42.0,0,0.0,10,42,34,Pathfinder #221: Into the Apocalypse Archive,20,Risen Runelord Alaznist
5282,5,6,5,9,6,6,42,333,32,27,30,32,0,33,34.5,0,0.0,9,40,32,Pathfinder #221: Into the Apocalypse Archive,18,Risen Runelord Aethusa II
5281,8,6,5,5,6,8,42,335,32,27,34,30,0,34,39.0,34,26.5,8,38,30,Pathfinder #221: Into the Apocalypse Archive,18,Phantom of Desire
5280,-5,8,0,-2,7,9,44,280,35,28,36,33,1,38,32.0,0,0.0,6,42,34,Pathfinder #221: Into the Apocalypse Archive,20,Lythazossa
5279,1,6,3,1,4,5,41,335,30,27,34,30,0,34,28.0,32,28.0,0,0,0,Pathfinder #221: Into the Apocalypse Archive,18,Lograsi
5278,5,7,5,10,9,8,45,375,35,31,33,36,0,36,34.5,0,0.0,10,47,39,Pathfinder #221: Into the Apocalypse Archive,20,Liralarue
5277,9,6,9,2,5,6,38,330,27,30,28,25,0,32,35.0,0,0.0,0,0,0,Pathfinder #221: Into the Apocalypse Archive,16,Knight of Malice
5275,-5,6,3,3,6,4,42,270,33,28,35,31,0,35,26.0,0,0.0,5,38,30,Pathfinder #221: Into the Apocalypse Archive,19,Erzgeist
5274,9,2,7,2,6,4,38,350,28,33,26,28,1,34,36.5,0,0.0,6,35,27,Pathfinder #221: Into the Apocalypse Archive,16,Commander Yrasthura
5273,6,6,8,10,6,3,43,350,33,34,32,36,0,34,34.0,0,0.0,10,41,33,Pathfinder #221: Into the Apocalypse Archive,19,Belimarius
5272,4,8,10,10,6,10,44,400,34,36,32,34,0,39,28.0,0,0.0,9,42,34,Pathfinder #221: Into the Apocalypse Archive,20,Areelu Vorlesh
5268,9,6,9,-3,6,-5,42,333,30,33,30,28,0,35,34.5,32,35.0,0,0,0,Pathfinder #221: Into the Apocalypse Archive,18,Abysium Sentinel
5271,10,7,6,6,7,8,45,440,36,34,33,35,0,38,41.0,35,27.0,9,42,34,Pathfinder #221: Into the Apocalypse Archive,20,Ancient One
5270,10,7,6,6,7,8,45,440,36,34,33,35,0,41,33.0,35,27.0,9,42,34,Pathfinder #221: Into the Apocalypse Archive,20,Ancient One (The Ashen Man's Anger)
5288,9,6,6,-1,7,9,42,340,33,30,30,33,0,35,34.5,0,0.0,0,0,0,Pathfinder #221: Into the Apocalypse Archive,18,Tormented Hero
5269,7,4,8,-3,4,-5,37,275,27,29,27,24,0,30,31.5,27,30.5,0,0,0,Pathfinder #221: Into the Apocalypse Archive,15,Adamantine Sentinel
5276,8,6,8,4,4,6,42,335,30,34,30,28,0,34,32.5,0,0.0,0,0,0,Pathfinder #221: Into the Apocalypse Archive,18,Goldgorger
5289,10,8,10,9,11,6,48,450,43,36,34,40,0,40,40.0,0,0.0,10,43,35,Pathfinder #221: Into the Apocalypse Archive,21,Watcher
5285,7,9,10,12,6,10,52,560,41,41,38,45,0,45,48.0,47,39.5,10,51,43,Pathfinder #221: Into the Apocalypse Archive,21,Runelord Xanderghul
5284,5,6,5,9,6,6,42,333,32,27,30,32,0,33,34.5,0,0.0,9,40,32,Pathfinder #221: Into the Apocalypse Archive,18,Risen Runelord Jurah
5023,4,6,3,-2,3,4,26,144,16,16,11,19,0,16,17.0,0,0.0,0,0,0,Pathfinder Society Scenario #7-07: Draconic Folly,8,Marshy Snapdrake
5022,6,2,4,0,2,1,24,105,14,16,11,15,1,17,17.0,17,14.0,5,21,13,Pathfinder Society Scenario #7-07: Draconic Folly,6,Lesser Marsh Giant
5020,4,4,3,5,3,15,27,135,16,15,18,16,0,18,19.5,0,0.0,4,27,19,Pathfinder Society Scenario #7-07: Draconic Folly,8,Distracted Zaluraak
5019,3,1,2,4,4,0,22,100,15,13,12,15,1,17,13.5,0,0.0,4,25,17,Pathfinder Society Scenario #7-07: Draconic Folly,7,Demonologist
5021,3,1,2,4,4,0,25,135,18,16,15,18,1,20,16.5,0,0.0,4,28,20,Pathfinder Society Scenario #7-07: Draconic Folly,9,Greater Demonologist
5024,7,0,4,0,1,1,28,180,17,22,15,18,0,22,19.5,0,0.0,0,0,0,Pathfinder Society Scenario #7-07: Draconic Folly,9,Ogre Hunter
5255,6,4,5,5,4,5,31,195,21,24,21,19,0,23,21.0,0,0.0,0,0,0,Pathfinder #220: Crypt of Runes,11,Kraken Caller
5254,3,6,4,1,8,7,35,290,28,22,26,30,0,27,26.5,0,0.0,8,36,28,Pathfinder #220: Crypt of Runes,14,Javownir
5253,8,6,7,5,6,4,38,265,28,31,28,28,0,32,39.5,0,0.0,8,38,30,Pathfinder #220: Crypt of Runes,16,Jandelay Tolokand
5252,5,9,6,-5,6,-4,40,240,29,29,32,27,0,0,0.0,0,0.0,0,0,0,Pathfinder #220: Crypt of Runes,17,Insatiable Bore Worm Swarm
5251,6,6,6,0,3,0,31,195,22,21,22,19,0,24,25.0,0,0.0,0,0,0,Pathfinder #220: Crypt of Runes,11,Elemental Tsunami
5250,7,4,6,-1,6,0,37,255,27,29,23,27,0,30,28.5,0,0.0,0,0,0,Pathfinder #220: Crypt of Runes,15,Elder Shantak
5249,5,7,5,9,7,7,41,330,33,29,33,35,0,34,26.5,0,0.0,9,40,32,Pathfinder #220: Crypt of Runes,18,Dream Aethusa
5248,8,3,7,9,6,5,41,375,32,35,29,32,1,34,29.5,0,0.0,6,37,29,Pathfinder #220: Crypt of Runes,18,Czaresia
5247,10,5,6,-5,5,-5,40,315,30,31,28,26,0,33,37.5,0,0.0,0,0,0,Pathfinder #220: Crypt of Runes,17,Clockwork Whale
5246,9,7,5,7,8,5,38,350,31,26,32,29,0,23,34.5,0,0.0,9,38,30,Pathfinder #220: Crypt of Runes,17,Bittersweet Sister
5245,9,4,9,7,5,6,42,360,31,35,28,31,1,37,33.5,0,0.0,8,40,32,Pathfinder #220: Crypt of Runes,18,Baolen
5244,-5,6,5,5,6,9,39,235,29,28,31,30,0,31,36.0,0,0.0,9,38,30,Pathfinder #220: Crypt of Runes,17,Animate Nightmare
5243,3,5,2,7,2,4,36,260,25,23,28,25,0,28,23.0,0,0.0,7,36,28,Pathfinder #220: Crypt of Runes,15,Aethusa
5266,5,8,5,6,4,3,36,255,26,26,28,25,0,29,25.5,0,0.0,6,34,26,Pathfinder #220: Crypt of Runes,14,Silent Devotee
5265,6,6,5,9,6,6,38,195,30,25,28,30,0,29,33.5,0,0.0,8,37,29,Pathfinder #220: Crypt of Runes,16,Risen Runelord Xirie
5264,6,6,5,9,6,6,38,195,30,25,28,30,0,29,33.5,0,0.0,8,37,29,Pathfinder #220: Crypt of Runes,16,Risen Runelord of Envy (Prison)
5263,6,6,5,9,6,6,42,333,32,29,32,34,0,34,35.5,0,0.0,9,37,29,Pathfinder #220: Crypt of Runes,18,Risen Runelord Karzoug
5262,6,6,5,9,6,6,38,195,30,25,28,30,0,29,33.5,0,0.0,8,37,29,Pathfinder #220: Crypt of Runes,16,Risen Runelord Kaliphesta
5261,6,6,5,9,6,6,38,195,30,25,28,30,0,29,33.5,0,0.0,8,37,29,Pathfinder #220: Crypt of Runes,16,Risen Runelord Haphrama
5260,8,4,7,-5,3,-5,36,200,23,28,24,21,0,28,28.5,0,0.0,0,0,0,Pathfinder #220: Crypt of Runes,14,Ravenous Crypt
5259,8,6,6,-4,4,-2,37,270,27,27,29,23,0,29,33.5,0,0.0,0,0,0,Pathfinder #220: Crypt of Runes,15,Quoroc
5258,-5,8,5,8,7,7,39,240,31,26,33,30,0,0,0.0,0,0.0,9,42,34,Pathfinder #220: Crypt of Runes,17,Peacock Phoenix
5257,6,7,5,7,5,5,34,255,24,22,26,24,1,28,21.0,0,0.0,7,33,25,Pathfinder #220: Crypt of Runes,13,Maze-Weaver
5256,6,4,5,6,4,6,36,251,24,25,22,26,0,28,17.0,0,0.0,7,34,26,Pathfinder #220: Crypt of Runes,14,Maddenmist
5267,8,2,8,5,7,5,40,340,31,34,26,31,0,0,0.0,0,0.0,7,40,32,Pathfinder #220: Crypt of Runes,18,Vogorond
2896,4,8,7,6,5,2,40,220,29,25,31,27,0,32,12.5,30,23.5,0,0,0,Pathfinder Monster Core 2,16,Thousand Thieves
2895,4,4,3,3,5,3,25,125,18,16,13,18,1,17,17.0,0,0.0,4,25,17,Pathfinder Monster Core 2,7,Theletos
2893,6,6,4,3,5,7,34,270,26,21,23,26,1,28,28.5,0,0.0,7,34,24,Pathfinder Monster Core 2,13,Thanadaemon
2894,10,4,9,8,6,8,46,540,36,37,34,35,0,42,47.0,39,30.5,9,45,37,Pathfinder Monster Core 2,21,Thanatotic Titan
2909,2,6,4,-5,3,-5,26,90,16,17,15,12,0,19,14.0,0,0.0,3,24,16,Pathfinder Monster Core 2,7,Tupilaq
2898,4,4,3,-2,0,3,21,80,14,15,12,9,0,13,16.0,0,0.0,0,0,0,Pathfinder Monster Core 2,5,Tiger Topiary
2952,0,4,0,2,1,2,16,15,6,3,9,8,0,9,3.5,0,0.0,0,0,0,Pathfinder Monster Core 2,1,Wyrwood Sneak
2951,5,2,4,3,7,6,32,160,23,20,20,25,0,24,3.5,0,0.0,6,33,25,Pathfinder Monster Core 2,12,Worm Prophet
2950,2,4,1,-5,2,0,16,12,8,3,8,6,0,8,4.5,0,0.0,0,0,0,Pathfinder Monster Core 2,0,Wolf Skeleton
2949,3,3,1,4,3,5,22,110,12,13,13,15,0,16,11.5,0,0.0,5,23,15,Pathfinder Monster Core 2,6,Witchwyrd
2948,4,2,3,4,3,6,24,145,16,14,13,16,0,17,15.5,0,0.0,8,25,17,Pathfinder Monster Core 2,7,Winter Hag
2947,4,5,4,1,2,3,24,105,14,14,15,14,0,17,20.5,0,0.0,4,23,15,Pathfinder Monster Core 2,6,Wihsaak
2946,4,2,3,3,2,3,25,110,15,15,13,18,0,18,15.0,0,0.0,4,25,0,Pathfinder Monster Core 2,7,Whisper Dragon (Young)
2945,4,2,3,3,2,3,25,110,15,15,13,18,0,18,15.0,0,0.0,4,25,0,Pathfinder Monster Core 2,7,"Whisper Dragon (Young, Spellcaster)"
2944,7,5,6,9,6,8,39,290,28,28,26,30,0,32,31.5,0,0.0,8,37,0,Pathfinder Monster Core 2,16,Whisper Dragon (Ancient)
2943,7,5,6,9,6,8,39,290,28,28,26,30,0,32,31.5,0,0.0,8,37,0,Pathfinder Monster Core 2,16,"Whisper Dragon (Ancient, Spellcaster)"
2942,5,3,4,7,4,6,31,190,21,21,19,24,0,24,22.0,0,0.0,5,30,0,Pathfinder Monster Core 2,11,Whisper Dragon (Adult)
2941,5,3,4,7,4,6,31,190,21,21,19,24,0,24,22.0,0,0.0,5,30,0,Pathfinder Monster Core 2,11,"Whisper Dragon (Adult, Spellcaster)"
2940,8,6,6,-2,4,2,37,335,25,27,27,24,0,29,36.0,27,32.0,0,0,0,Pathfinder Monster Core 2,15,Wemmuth
2939,0,4,1,3,0,1,16,19,9,6,9,5,0,8,3.5,0,0.0,0,0,0,Pathfinder Monster Core 2,1,Wayang Whisperblade
2938,2,2,3,0,1,0,13,20,6,8,4,4,0,6,4.5,0,0.0,0,0,0,Pathfinder Monster Core 2,0,Water Wisp
2953,9,3,9,2,5,8,39,380,30,32,26,28,0,34,37.5,0,0.0,8,38,30,Pathfinder Monster Core 2,17,Ximtal
2954,7,3,4,5,5,6,33,220,23,20,19,25,1,25,30.0,0,0.0,7,32,24,Pathfinder Monster Core 2,12,Xiuh Coatl
2955,3,4,2,3,4,5,21,75,12,9,13,13,0,15,13.0,0,0.0,5,21,14,Pathfinder Monster Core 2,5,Yamah
2956,1,4,1,0,3,1,18,30,12,8,10,8,1,12,10.5,0,0.0,4,17,7,Pathfinder Monster Core 2,3,Zebub
2648,4,1,3,-4,3,-1,18,30,8,10,6,8,0,11,7.5,0,0.0,0,0,0,Pathfinder Monster Core 2,2,Giant Badger
2649,5,3,1,-4,3,-2,18,60,10,8,12,8,0,12,0.0,0,0.0,0,0,0,Pathfinder Monster Core 2,3,Giant Chameleon
2650,1,3,1,-5,1,-1,16,20,6,6,8,4,0,8,4.5,0,0.0,0,0,0,Pathfinder Monster Core 2,1,Giant Cockroach
2651,4,3,1,-4,2,-3,18,25,8,7,9,8,0,9,9.5,0,0.0,0,0,0,Pathfinder Monster Core 2,2,Giant Crab
2652,3,2,4,-5,1,-5,19,45,8,11,9,6,0,12,11.5,0,0.0,0,0,0,Pathfinder Monster Core 2,3,Giant Dragonfly Nymph
2653,4,4,2,-5,3,0,21,60,11,12,14,9,0,14,13.5,0,0.0,0,0,0,Pathfinder Monster Core 2,4,Giant Dragonfly
2654,3,4,3,-5,3,-5,16,20,8,6,9,6,0,8,6.5,0,0.0,0,0,0,Pathfinder Monster Core 2,1,Giant Fly
2937,8,5,5,-3,5,0,30,170,21,21,19,17,0,24,18.0,0,0.0,0,0,0,Pathfinder Monster Core 2,10,Water Orm
2655,3,2,3,-4,2,-1,15,30,7,8,7,5,0,8,0.0,0,0.0,0,0,0,Pathfinder Monster Core 2,1,Giant Frog
2657,4,1,3,-5,1,-5,17,32,5,9,7,5,0,10,8.5,0,0.0,0,0,0,Pathfinder Monster Core 2,2,Giant Leech
2658,2,-1,3,-5,1,-5,13,15,3,9,3,3,0,6,6.5,0,0.0,0,0,0,Pathfinder Monster Core 2,0,Giant Maggot
2659,4,5,2,-5,2,-5,24,80,17,14,17,12,0,17,18.0,0,0.0,0,0,0,Pathfinder Monster Core 2,6,Giant Mosquito
2660,4,2,3,-4,2,0,17,35,8,11,8,5,0,10,6.5,0,0.0,0,0,0,Pathfinder Monster Core 2,2,Giant Opossum
2959,6,7,5,1,5,3,30,180,21,19,23,17,0,23,16.0,24,18.0,5,29,21,Pathfinder Monster Core 2,10,Zuishin
2958,6,3,4,-5,3,-2,27,210,16,19,18,16,0,21,21.0,0,0.0,0,0,0,Pathfinder Monster Core 2,9,Zombie Dragon
2957,4,6,5,7,7,5,37,280,28,23,26,29,0,27,29.5,27,26.5,6,36,0,Pathfinder Monster Core 2,15,Zhuraita
2656,6,4,6,-5,0,-5,15,165,12,17,15,1,0,18,17.0,0,0.0,0,0,0,Pathfinder Monster Core 2,7,Giant Jellyfish
2897,8,6,6,0,4,2,33,250,21,23,25,21,0,28,23.0,0,0.0,5,33,0,Pathfinder Monster Core 2,13,Tide Giant
2936,-5,6,3,3,4,6,27,130,19,16,19,21,0,21,19.0,0,0.0,0,0,0,Pathfinder Monster Core 2,9,War Wraith
2934,9,11,11,-2,3,7,48,515,39,39,36,33,0,41,42.0,41,39.0,0,0,0,Pathfinder Monster Core 2,21,Volnagur
2913,10,8,6,5,7,8,43,390,32,29,32,35,0,34,49.5,34,61.0,9,0,0,Pathfinder Monster Core 2,19,Tzitzimitl
2912,7,0,5,-5,2,0,27,140,17,20,13,17,0,20,20.0,0,0.0,0,0,0,Pathfinder Monster Core 2,9,Tyrannosaurus Skeleton
2911,7,5,5,-4,4,-2,27,137,18,17,19,14,0,20,23.0,0,0.0,0,0,0,Pathfinder Monster Core 2,8,Tylosaurus
2910,6,1,6,-2,4,3,24,190,16,19,15,14,0,18,17.0,0,0.0,0,0,0,Pathfinder Monster Core 2,8,Two-Headed Troll
2892,5,4,3,-4,1,0,20,60,11,13,12,7,0,12,12.0,0,0.0,0,0,0,Pathfinder Monster Core 2,4,Terror Shrike
2908,4,1,5,-3,1,-2,17,65,6,14,8,6,0,11,10.5,0,0.0,0,0,0,Pathfinder Monster Core 2,3,Trollhound
2907,1,4,2,0,3,-1,16,20,8,7,9,6,0,9,3.5,0,0.0,0,0,0,Pathfinder Monster Core 2,1,Tripkee Scout
2906,1,3,2,1,5,0,20,60,12,8,11,14,1,12,6.5,0,0.0,2,21,14,Pathfinder Monster Core 2,4,Tripkee Rain-Caller
2905,1,3,2,-5,2,0,15,7,8,4,7,4,0,7,3.5,0,0.0,0,0,0,Pathfinder Monster Core 2,-1,Trilobite
2904,1,4,3,-5,2,0,18,30,9,10,9,7,0,0,0.0,0,0.0,0,0,0,Pathfinder Monster Core 2,3,Trilobite Swarm
2903,-3,3,0,-4,3,0,15,7,5,2,7,5,0,7,1.5,0,0.0,0,0,0,Pathfinder Monster Core 2,-1,Trained Raven
2902,6,3,4,8,3,3,35,104,30,26,23,29,0,30,29.5,0,0.0,5,33,25,Pathfinder Monster Core 2,15,Totum Font
2901,4,6,2,1,2,3,24,130,15,15,17,13,0,18,16.0,0,0.0,0,0,0,Pathfinder Monster Core 2,7,Totenmaske
2900,7,3,6,3,7,4,32,255,25,22,19,25,0,27,24.0,24,26.5,3,32,0,Pathfinder Monster Core 2,12,Tomb Giant
2899,5,4,4,-1,3,6,27,197,16,19,17,14,0,20,19.0,0,0.0,8,29,21,Pathfinder Monster Core 2,9,Tikbalang
2914,0,2,1,0,2,4,15,15,5,4,5,7,1,7,2.5,0,0.0,1,17,9,Pathfinder Monster Core 2,1,Undine Hydromancer
2915,7,4,5,-2,6,3,28,220,21,22,17,21,0,24,22.0,0,0.0,0,0,0,Pathfinder Monster Core 2,11,Unrisen
2916,3,1,3,2,4,2,21,75,13,11,10,15,0,14,12.0,0,0.0,3,23,15,Pathfinder Monster Core 2,5,Urdefhan Tormentor
2917,3,1,2,0,2,2,18,55,9,9,8,9,0,12,9.5,10,8.5,2,17,9,Pathfinder Monster Core 2,3,Urdefhan Warrior
2933,4,2,4,-1,4,3,21,90,13,15,11,13,0,15,10.5,0,0.0,3,22,14,Pathfinder Monster Core 2,5,Vloriak
2932,2,4,1,0,1,2,19,45,10,6,11,8,0,11,6.5,0,0.0,0,0,0,Pathfinder Monster Core 2,3,Vishkanya Infiltrator
2931,8,5,7,-4,5,-3,33,270,22,26,24,22,0,27,32.0,0,0.0,0,0,0,Pathfinder Monster Core 2,13,Viper Vine
2930,1,5,3,-4,2,-3,18,50,12,11,13,10,0,0,0.0,0,0.0,0,0,0,Pathfinder Monster Core 2,4,Viper Swarm
2929,7,3,5,2,5,-1,30,190,24,23,18,20,0,24,26.5,0,0.0,2,30,0,Pathfinder Monster Core 2,11,Vigilia
2928,3,1,4,0,1,2,16,55,8,11,8,6,0,12,8.5,0,0.0,1,19,0,Pathfinder Monster Core 2,3,Vermlek
2927,5,-4,5,-5,0,-5,12,157,8,17,8,10,0,15,17.5,0,0.0,0,0,0,Pathfinder Monster Core 2,6,Verdurous Ooze
2935,2,4,4,5,3,6,23,105,15,12,14,15,1,15,14.5,0,0.0,5,24,16,Pathfinder Monster Core 2,6,Vulpinal
2926,8,6,8,6,10,8,45,475,38,36,34,38,1,36,45.5,0,0.0,10,42,34,Pathfinder Monster Core 2,20,Veranallia
2924,2,5,3,0,2,2,21,75,12,11,14,8,0,0,0.0,0,0.0,0,0,0,Pathfinder Monster Core 2,5,Velociraptor Pack
2923,8,4,6,8,5,6,41,335,30,31,25,32,0,33,32.5,33,25.0,7,41,33,Pathfinder Monster Core 2,17,Vaspercham
2922,8,4,6,4,5,5,34,275,26,29,23,22,0,27,33.0,0,0.0,7,34,26,Pathfinder Monster Core 2,13,Vanyver
2921,1,4,0,1,3,0,19,16,6,5,9,8,0,7,4.5,0,0.0,1,13,5,Pathfinder Monster Core 2,1,Vanara Disciple
2920,7,5,5,3,4,5,33,215,22,24,20,23,0,28,28.5,0,0.0,7,29,21,Pathfinder Monster Core 2,12,Valkyrie
2919,10,5,8,5,6,6,40,460,32,32,29,34,0,36,35.5,0,0.0,7,40,32,Pathfinder Monster Core 2,18,Urveth
2918,9,4,8,4,3,4,31,290,20,26,20,20,0,25,40.5,0,0.0,8,30,22,Pathfinder Monster Core 2,13,Urglid
2925,6,8,4,4,5,-2,33,230,24,21,25,24,0,0,0.0,27,26.5,7,33,0,Pathfinder Monster Core 2,13,Venator
2891,4,3,3,-4,0,0,17,30,6,11,9,4,0,9,7.5,0,0.0,0,0,0,Pathfinder Monster Core 2,2,Terror Bird
2532,9,2,8,-5,0,-5,36,200,21,29,19,17,0,27,30.5,27,27.5,0,0,0,Pathfinder Monster Core 2,13,Animated Trebuchet
2889,2,6,3,2,4,6,27,155,17,16,21,17,0,20,22.0,0,0.0,5,29,21,Pathfinder Monster Core 2,9,Tennin
2751,11,6,7,8,8,7,45,510,36,35,32,36,0,39,40.5,0,0.0,7,43,35,Pathfinder Monster Core 2,20,Nasurgeth
2752,5,3,5,0,3,3,24,120,14,18,14,12,0,18,17.0,0,0.0,4,25,17,Pathfinder Monster Core 2,7,Naunet
2753,5,3,2,-2,2,0,21,60,10,10,13,10,0,12,0.0,0,0.0,0,0,0,Pathfinder Monster Core 2,4,Nightgaunt
2754,9,4,7,3,6,7,39,350,29,30,27,33,0,34,33.0,34,30.5,8,38,30,Pathfinder Monster Core 2,17,Ninkonda
2755,0,3,1,0,1,4,16,22,6,6,10,6,1,7,3.5,0,0.0,2,17,9,Pathfinder Monster Core 2,1,Nixie
2756,5,7,3,7,5,3,30,135,19,17,21,19,0,23,24.0,0,0.0,6,29,21,Pathfinder Monster Core 2,10,Nosferatu Malefactor
2757,6,8,4,8,6,4,37,215,27,23,27,29,0,30,31.5,0,0.0,6,36,28,Pathfinder Monster Core 2,15,Nosferatu Overlord
2758,4,3,2,2,2,1,26,135,16,16,17,14,0,19,21.0,0,0.0,0,0,0,Pathfinder Monster Core 2,8,Nosferatu Thrall
2759,4,2,3,0,3,2,20,75,11,13,10,11,0,12,17.5,0,0.0,2,20,12,Pathfinder Monster Core 2,4,Nucol
2760,5,2,4,6,4,6,28,190,22,20,15,22,0,23,21.0,0,0.0,5,30,21,Pathfinder Monster Core 2,10,Nymolus
2761,10,4,8,4,5,7,43,425,35,35,29,32,0,36,39.5,0,0.0,9,38,30,Pathfinder Monster Core 2,19,Obcisidaemon
2750,6,4,2,-1,4,2,24,130,15,18,15,12,0,18,13.0,16,0.0,0,0,0,Pathfinder Monster Core 2,7,Narrik
2762,6,4,4,-5,2,-4,22,70,13,15,13,9,0,15,17.0,13,0.0,0,0,0,Pathfinder Monster Core 2,5,Ogre Spider
2764,2,2,0,1,0,4,15,16,5,3,5,5,0,9,8.5,0,0.0,0,0,0,Pathfinder Monster Core 2,1,Oread Guard
2765,0,4,2,2,4,5,21,65,15,9,15,13,0,13,16.0,0,0.0,3,24,16,Pathfinder Monster Core 2,5,Ostiarius
2766,0,4,3,-4,1,0,15,30,4,6,9,4,0,9,9.0,0,0.0,0,0,0,Pathfinder Monster Core 2,1,Ostovite
2767,0,5,0,2,5,3,20,60,14,8,13,11,0,13,10.0,0,0.0,4,21,13,Pathfinder Monster Core 2,4,Ovinnik
2768,8,6,8,4,5,7,34,225,24,25,23,24,0,27,29.0,25,27.0,7,33,25,Pathfinder Monster Core 2,13,Owb Prophet
2769,4,5,4,0,3,3,24,90,13,14,15,13,0,16,16.0,17,13.5,7,23,15,Pathfinder Monster Core 2,6,Owb
2770,7,8,4,2,2,5,35,85,25,23,28,24,1,25,29.0,0,0.0,0,0,0,Pathfinder Monster Core 2,14,Ozthoom Shadow Double
2771,7,8,4,2,2,5,35,280,25,23,28,24,1,29,29.0,0,0.0,8,34,26,Pathfinder Monster Core 2,14,Ozthoom
2772,3,5,3,2,4,7,24,105,15,12,16,17,1,16,18.0,0,0.0,4,25,17,Pathfinder Monster Core 2,7,Pairaka
2773,4,5,4,2,3,6,26,150,18,17,18,20,0,18,20.5,18,18.0,7,30,22,Pathfinder Monster Core 2,9,Pakalchi
2774,3,5,2,0,2,5,22,85,11,9,16,11,0,15,12.0,0,0.0,0,0,0,Pathfinder Monster Core 2,5,Penanggalan
2763,4,6,5,6,8,7,35,250,29,25,26,31,0,29,32.0,27,32.0,5,36,28,Pathfinder Monster Core 2,15,Okenevem
2749,4,1,3,-1,2,1,18,28,8,9,7,6,0,10,8.5,7,4.5,0,0,0,Pathfinder Monster Core 2,2,Nagaji Soldier
2748,0,3,2,3,0,1,16,18,3,5,6,3,1,8,2.5,8,6.5,0,16,8,Pathfinder Monster Core 2,1,Naari Pyrochemist
2747,4,3,4,-1,2,0,20,70,10,14,9,10,0,14,11.0,0,0.0,0,0,0,Pathfinder Monster Core 2,4,Myceloid
2722,0,5,4,2,3,5,21,85,12,11,14,12,0,14,13.0,14,13.5,4,22,0,Pathfinder Monster Core 2,5,Lampad
2723,2,6,3,4,4,7,30,175,22,18,24,21,0,23,19.0,22,19.0,6,30,22,Pathfinder Monster Core 2,11,Larabay
2724,1,4,1,3,3,4,18,25,11,8,11,10,1,7,6.5,0,0.0,2,18,10,Pathfinder Monster Core 2,2,Leprechaun
2725,6,3,4,2,3,1,25,105,16,17,14,12,1,19,21.0,16,0.0,1,0,0,Pathfinder Monster Core 2,7,Levaloch
2726,4,-1,4,-4,2,-1,17,35,6,10,5,8,0,10,10.5,0,0.0,0,0,0,Pathfinder Monster Core 2,2,Living Boulder
2727,3,4,2,-3,1,0,21,50,9,10,12,9,0,14,13.0,14,13.0,0,0,0,Pathfinder Monster Core 2,4,Living Thunderclap
2728,4,5,3,-2,2,3,21,60,10,9,13,12,1,13,8.5,0,0.0,2,21,13,Pathfinder Monster Core 2,4,Lovelorn
2729,5,3,4,3,2,0,23,90,14,14,15,12,0,17,15.0,0,0.0,1,23,15,Pathfinder Monster Core 2,6,Maftet Guardian
2730,6,3,5,-4,4,0,27,155,18,19,14,16,0,20,18.0,17,16.0,0,0,0,Pathfinder Monster Core 2,8,Magma Scorpion
2731,2,5,3,-1,2,0,21,60,11,11,13,8,0,14,9.0,0,0.0,0,0,0,Pathfinder Monster Core 2,4,Mandragora
2732,6,4,8,4,6,8,37,280,27,29,25,27,1,29,38.5,29,28.0,7,36,28,Pathfinder Monster Core 2,15,Marrmora
2733,7,2,4,-4,2,-2,25,125,15,17,15,13,0,18,20.0,0,0.0,0,0,0,Pathfinder Monster Core 2,7,Megalania
2734,7,5,6,3,4,6,31,225,21,23,20,19,1,24,25.0,0,0.0,4,31,21,Pathfinder Monster Core 2,11,Meladaemon
2735,4,6,2,2,5,6,30,170,21,16,22,19,0,23,21.0,23,19.0,0,0,0,Pathfinder Monster Core 2,10,Melody on the Wind
2736,2,5,3,5,4,2,23,120,14,13,17,14,0,15,11.0,0,0.0,0,0,0,Pathfinder Monster Core 2,6,Mi-Go
2737,4,8,1,7,4,2,33,275,23,20,27,23,0,27,22.5,0,0.0,0,0,0,Pathfinder Monster Core 2,13,Millindemalion
2738,4,1,3,0,1,0,20,75,9,11,9,9,0,14,8.5,0,0.0,0,0,0,Pathfinder Monster Core 2,4,Mimic
2739,4,4,2,1,5,0,20,60,13,10,12,11,0,14,13.0,0,0.0,0,0,0,Pathfinder Monster Core 2,4,Mist Stalker
2740,6,3,4,4,5,4,27,135,19,14,15,19,1,20,20.0,0,0.0,7,26,18,Pathfinder Monster Core 2,8,Mix Coatl
2741,7,5,6,-2,5,7,29,160,21,22,17,19,1,23,20.0,0,0.0,5,27,19,Pathfinder Monster Core 2,10,Mobogo
2742,7,5,3,5,6,3,28,190,22,17,19,22,0,23,23.0,0,0.0,8,29,21,Pathfinder Monster Core 2,10,Moon Hag
2743,5,3,4,-4,0,1,18,50,9,11,10,5,0,12,11.5,0,0.0,0,0,0,Pathfinder Monster Core 2,3,Moose
2744,4,3,1,-2,3,1,17,40,7,7,11,9,0,9,6.5,0,0.0,0,0,0,Pathfinder Monster Core 2,2,Morlock Tinkerer
2745,4,0,2,0,1,3,18,30,7,8,6,7,0,8,8.5,0,0.0,1,17,9,Pathfinder Monster Core 2,2,Munavri Spellblade
2746,3,1,4,2,2,0,17,40,8,10,5,8,0,9,6.5,0,0.0,0,0,0,Pathfinder Monster Core 2,2,Munsahir
2775,5,7,3,8,6,5,33,180,25,20,25,24,0,26,25.5,0,0.0,6,33,25,Pathfinder Monster Core 2,13,"Phase Dragon (Adult, Spellcaster)"
2776,5,7,3,8,6,5,33,180,25,20,25,24,0,26,25.5,0,0.0,6,33,25,Pathfinder Monster Core 2,13,Phase Dragon (Adult)
2777,6,8,4,9,7,6,41,250,32,27,32,31,0,26,25.5,0,0.0,8,40,32,Pathfinder Monster Core 2,18,"Phase Dragon (Ancient, Spellcaster)"
2778,6,8,4,9,7,6,41,250,32,27,32,31,0,26,25.5,0,0.0,8,40,32,Pathfinder Monster Core 2,18,Phase Dragon (Ancient)
2808,8,8,9,10,8,5,43,355,34,32,30,34,0,35,34.0,0,0.0,0,0,0,Pathfinder Monster Core 2,19,Rune Dragon (Ancient)
2809,4,4,5,6,4,3,30,175,21,19,17,21,0,22,17.0,0,0.0,4,29,21,Pathfinder Monster Core 2,10,"Rune Dragon (Young, Spellcaster)"
2810,4,4,5,6,4,3,30,175,21,19,17,21,0,22,17.0,0,0.0,0,0,0,Pathfinder Monster Core 2,10,Rune Dragon (Young)
2811,4,5,3,1,3,7,33,230,22,21,25,21,0,24,23.5,0,0.0,5,35,27,Pathfinder Monster Core 2,12,Rusalka
2812,4,5,2,-1,1,0,22,78,10,11,14,10,0,15,10.5,0,0.0,0,0,0,Pathfinder Monster Core 2,5,Sabosan
2813,6,5,6,0,3,2,30,175,19,22,19,17,0,22,28.5,0,0.0,3,29,21,Pathfinder Monster Core 2,10,Sacristan
2814,5,7,6,2,7,8,35,350,30,25,28,30,0,30,18.0,0,0.0,7,36,28,Pathfinder Monster Core 2,15,Sakugami
2815,0,2,0,1,4,2,15,15,9,3,7,9,0,5,5.5,7,4.5,1,17,9,Pathfinder Monster Core 2,1,Samsaran Anchorite
2816,5,2,4,0,2,1,24,90,14,16,12,14,0,17,17.0,0,0.0,0,0,0,Pathfinder Monster Core 2,6,Sand Sentry
2817,2,6,4,2,4,0,25,100,15,16,18,14,1,18,18.0,0,0.0,4,25,0,Pathfinder Monster Core 2,7,Sceaduinar
2818,0,3,1,-4,1,-2,16,15,5,5,9,3,0,7,4.5,0,0.0,0,0,0,Pathfinder Monster Core 2,0,Sea Snake
2819,8,5,8,4,4,6,34,350,24,28,23,20,1,30,30.5,0,0.0,4,34,26,Pathfinder Monster Core 2,14,Sepid
2820,1,2,0,-5,2,0,15,7,6,4,6,4,0,6,3.5,0,0.0,0,0,0,Pathfinder Monster Core 2,-1,Severed Head
2821,2,2,2,2,2,2,15,22,7,7,7,7,0,7,6.5,0,0.0,0,0,0,Pathfinder Monster Core 2,1,Shade (Abaddon)
2822,2,2,2,2,2,2,15,22,7,7,7,7,0,7,6.5,0,0.0,0,0,0,Pathfinder Monster Core 2,1,Shade (Astral Plane)
2823,2,2,2,2,2,2,15,22,7,7,7,7,0,7,6.5,0,0.0,0,0,0,Pathfinder Monster Core 2,1,Shade (Axis)
2824,2,2,2,2,2,2,15,22,7,7,7,7,0,7,6.5,0,0.0,0,0,0,Pathfinder Monster Core 2,1,Shade (Boneyard)
2825,2,2,2,2,2,2,15,22,7,7,7,7,0,7,6.5,0,0.0,0,0,0,Pathfinder Monster Core 2,1,Shade (Creation's Forge)
2826,2,2,2,2,2,2,15,22,7,7,7,7,0,7,6.5,0,0.0,0,0,0,Pathfinder Monster Core 2,1,Shade (Dead Vault)
2827,2,2,2,2,2,2,15,22,7,7,7,7,0,7,6.5,0,0.0,0,0,0,Pathfinder Monster Core 2,1,Shade (Dreamlands)
2828,2,2,2,2,2,2,15,22,7,7,7,7,0,7,6.5,0,0.0,0,0,0,Pathfinder Monster Core 2,1,Shade (Elysium)
2829,2,2,2,2,2,2,15,22,7,7,7,7,0,7,6.5,0,0.0,0,0,0,Pathfinder Monster Core 2,1,Shade (Ethereal Plane)
2830,2,2,2,2,2,2,15,22,7,7,7,7,0,7,6.5,0,0.0,0,0,0,Pathfinder Monster Core 2,1,Shade (Heaven)
2831,2,2,2,2,2,2,15,22,7,7,7,7,0,7,6.5,0,0.0,0,0,0,Pathfinder Monster Core 2,1,Shade (Hell)
2832,2,2,2,2,2,2,15,22,7,7,7,7,0,7,6.5,0,0.0,0,0,0,Pathfinder Monster Core 2,1,Shade (Maelstrom)
2807,8,8,9,10,8,5,43,355,34,32,30,34,0,35,34.0,0,0.0,9,41,33,Pathfinder Monster Core 2,19,"Rune Dragon (Ancient, Spellcaster)"
2835,2,2,2,2,2,2,15,22,7,7,7,7,0,7,6.5,0,0.0,0,0,0,Pathfinder Monster Core 2,1,Shade (Outer Rifts)
2806,6,6,7,8,6,4,36,255,27,25,23,27,0,28,27.5,0,0.0,0,0,0,Pathfinder Monster Core 2,14,Rune Dragon (Adult)
2804,6,3,4,3,6,4,26,140,19,15,14,19,0,20,18.0,0,0.0,4,26,0,Pathfinder Monster Core 2,8,Resurrection Dragon (Young)
2779,4,5,3,6,5,4,27,120,20,15,20,19,0,20,17.0,0,0.0,4,28,20,Pathfinder Monster Core 2,9,"Phase Dragon (Young, Spellcaster)"
2780,4,5,3,6,5,4,27,120,20,15,20,19,0,20,17.0,0,0.0,4,28,20,Pathfinder Monster Core 2,9,Phase Dragon (Young)
2781,8,8,6,3,4,6,39,340,29,31,26,31,0,33,32.5,0,0.0,9,38,30,Pathfinder Monster Core 2,17,Phasmadaemon
2782,5,4,3,-4,2,-2,19,46,9,10,11,7,0,12,11.5,0,0.0,0,0,0,Pathfinder Monster Core 2,3,Platecarpus
2783,2,0,2,0,1,3,15,17,5,9,3,6,0,8,4.5,6,4.5,0,0,0,Pathfinder Monster Core 2,0,Poppet Attendant
2784,1,1,0,4,3,1,15,30,7,6,5,11,0,9,6.5,9,6.5,1,18,10,Pathfinder Monster Core 2,2,Poppet Mage
2785,7,2,5,-2,3,0,25,120,15,17,12,13,0,18,18.0,0,0.0,0,0,0,Pathfinder Monster Core 2,7,Praskith
2786,4,4,6,5,6,4,26,170,18,16,14,18,1,19,20.5,0,0.0,5,26,18,Pathfinder Monster Core 2,8,Procyal
2787,9,6,5,6,5,0,40,300,30,32,29,28,0,32,34.5,31,28.0,8,38,30,Pathfinder Monster Core 2,17,Radiant Warden
2788,6,6,5,4,3,5,30,200,21,21,24,18,0,23,16.0,0,0.0,6,30,22,Pathfinder Monster Core 2,11,Raelis
2789,0,4,2,-4,2,-3,16,25,8,8,10,6,0,0,0.0,0,0.0,0,0,0,Pathfinder Monster Core 2,2,Rat Snake Swarm
2790,0,3,0,-4,4,0,19,30,9,7,12,9,0,0,0.0,0,0.0,0,0,0,Pathfinder Monster Core 2,3,Raven Swarm
2791,8,0,6,-5,4,4,35,325,26,28,22,26,0,29,36.5,0,0.0,0,0,0,Pathfinder Monster Core 2,14,Ravener Husk
2792,9,5,9,5,6,8,47,500,37,38,34,37,0,39,42.0,0,0.0,0,0,0,Pathfinder Monster Core 2,21,Ravener
2793,8,5,6,5,8,6,36,270,29,26,23,29,0,30,31.5,0,0.0,6,33,0,Pathfinder Monster Core 2,15,"Requiem Dragon (Adult, Spellcaster)"
2794,8,5,6,5,8,6,36,270,29,26,23,29,0,30,31.5,0,0.0,6,33,0,Pathfinder Monster Core 2,15,Requiem Dragon (Adult)
2795,10,6,7,6,10,7,44,370,36,33,30,36,0,38,38.0,0,0.0,9,39,0,Pathfinder Monster Core 2,20,"Requiem Dragon (Ancient, Spellcaster)"
2796,10,6,7,6,10,7,44,370,36,33,30,36,0,38,38.0,0,0.0,1,39,0,Pathfinder Monster Core 2,20,Requiem Dragon (Ancient)
2797,7,4,5,4,7,5,30,190,24,21,18,24,0,24,23.5,0,0.0,4,27,0,Pathfinder Monster Core 2,11,"Requiem Dragon (Young, Spellcaster)"
2798,7,4,5,4,7,5,30,190,24,21,18,24,0,24,23.5,0,0.0,1,27,0,Pathfinder Monster Core 2,11,Requiem Dragon (Young)
2799,7,4,5,4,7,5,32,230,25,21,20,25,0,26,24.5,0,0.0,6,32,0,Pathfinder Monster Core 2,12,"Resurrection Dragon (Adult, Spellcaster)"
2800,7,4,5,4,7,5,32,230,25,21,20,25,0,26,24.5,0,0.0,6,32,0,Pathfinder Monster Core 2,12,Resurrection Dragon (Adult)
2801,9,5,6,5,9,6,39,320,32,28,27,32,0,33,31.5,0,0.0,8,38,0,Pathfinder Monster Core 2,17,"Resurrection Dragon (Ancient, Spellcaster)"
2802,9,5,6,5,9,6,39,320,32,28,27,32,0,33,31.5,0,0.0,6,38,0,Pathfinder Monster Core 2,17,Resurrection Dragon (Ancient)
2803,6,3,4,3,6,4,26,140,19,15,14,19,0,20,18.0,0,0.0,4,26,0,Pathfinder Monster Core 2,8,"Resurrection Dragon (Young, Spellcaster)"
2805,6,6,7,8,6,4,36,255,27,25,23,27,0,28,27.5,0,0.0,6,34,26,Pathfinder Monster Core 2,14,"Rune Dragon (Adult, Spellcaster)"
2890,8,-1,6,4,0,2,33,265,23,26,19,23,0,26,32.5,24,25.5,0,0,0,Pathfinder Monster Core 2,13,Terra Carver
2836,2,2,2,2,2,2,15,22,7,7,7,7,0,7,6.5,0,0.0,0,0,0,Pathfinder Monster Core 2,1,Shade (Plane of Air)
2838,2,2,2,2,2,2,15,22,7,7,7,7,0,7,6.5,0,0.0,0,0,0,Pathfinder Monster Core 2,1,Shade (Plane of Fire)
2669,8,4,5,2,4,6,38,275,27,28,26,25,0,30,30.0,28,20.5,7,33,25,Pathfinder Monster Core 2,15,Graveknight Champion
2670,8,4,5,3,4,6,37,255,26,27,24,24,0,29,24.5,25,22.5,0,0,0,Pathfinder Monster Core 2,14,Graveknight Warmaster
2671,12,9,11,7,10,8,51,525,42,43,39,42,1,46,49.0,43,45.0,10,48,40,Pathfinder Monster Core 2,21,Green Man
2672,1,3,3,1,2,-2,14,9,6,5,7,4,0,7,3.5,7,3.5,1,16,8,Pathfinder Monster Core 2,-1,Grimple
2673,0,3,2,2,3,0,18,40,10,7,10,10,0,10,6.5,0,0.0,2,19,11,Pathfinder Monster Core 2,3,Grioth Cultist
2674,0,4,2,1,2,0,16,18,7,5,9,7,0,7,2.5,0,0.0,1,16,8,Pathfinder Monster Core 2,1,Grioth Scout
2675,7,5,7,-3,4,-2,32,215,25,25,22,19,0,26,25.5,0,0.0,0,0,0,Pathfinder Monster Core 2,12,Grisantian Lion
2676,4,2,4,1,2,2,20,90,13,15,9,11,1,15,12.5,13,10.5,5,22,0,Pathfinder Monster Core 2,5,Grodair
2677,7,3,6,0,3,0,30,175,19,22,17,19,0,23,22.0,0,0.0,0,0,0,Pathfinder Monster Core 2,10,Gug
2678,0,3,4,-5,0,-5,7,20,2,8,3,5,0,8,3.5,0,0.0,0,0,0,Pathfinder Monster Core 2,-1,Gutter Ooze
2679,6,4,6,-3,3,-3,27,118,17,18,14,17,0,20,18.0,18,17.5,0,0,0,Pathfinder Monster Core 2,8,Hadrinnex
2668,5,3,4,1,2,3,24,90,14,16,14,13,0,16,15.5,0,0.0,0,0,0,Pathfinder Monster Core 2,6,Graveknight Captain
2680,1,3,2,-1,1,2,15,8,5,4,7,3,0,7,3.5,0,0.0,1,13,5,Pathfinder Monster Core 2,-1,Haniver
2682,1,2,0,4,1,3,20,60,11,9,12,13,0,12,5.5,0,0.0,1,21,13,Pathfinder Monster Core 2,4,Hellbound Attorney
2683,6,4,4,0,3,1,25,110,16,15,17,12,0,18,21.0,0,0.0,0,0,0,Pathfinder Monster Core 2,7,Hellcat
2684,4,2,3,-4,1,-1,20,42,11,13,10,7,0,0,0.0,0,0.0,0,0,0,Pathfinder Monster Core 2,4,Hermit Crab Swarm
2685,5,9,6,7,7,10,44,305,34,31,36,34,0,36,42.0,36,42.5,10,44,36,Pathfinder Monster Core 2,19,Hesperid Queen
2686,0,6,4,4,4,6,27,175,19,15,21,19,0,21,24.0,21,22.5,3,28,20,Pathfinder Monster Core 2,9,Hesperid
2687,7,4,4,-2,0,3,30,220,20,24,21,18,0,22,24.0,0,0.0,0,0,0,Pathfinder Monster Core 2,11,Hippopotamus Topiary
2688,6,2,6,-4,4,-2,21,85,11,15,9,11,0,15,13.5,0,0.0,0,0,0,Pathfinder Monster Core 2,5,Hippopotamus
2689,5,4,5,-2,4,0,24,90,14,17,14,12,0,17,15.0,0,0.0,0,0,0,Pathfinder Monster Core 2,6,Hodag
2690,4,6,2,6,4,2,25,90,17,13,17,15,0,17,16.0,0,0.0,8,21,13,Pathfinder Monster Core 2,7,Hound of Tindalos
2691,4,2,3,-2,0,3,18,50,9,12,9,6,0,10,9.5,0,0.0,0,0,0,Pathfinder Monster Core 2,3,Hound Topiary
2692,1,4,2,1,3,2,17,15,8,6,8,10,0,9,5.5,0,0.0,2,17,9,Pathfinder Monster Core 2,1,House Drake
2681,12,10,12,7,7,9,52,500,43,44,40,37,0,45,44.0,0,0.0,9,48,40,Pathfinder Monster Core 2,21,Hekatonkheires Titan
2667,6,1,6,0,5,0,27,145,17,18,13,17,0,20,22.0,0,0.0,0,0,0,Pathfinder Monster Core 2,8,Granite Glyptodont
2666,6,2,5,1,4,0,25,170,16,19,12,16,0,20,19.0,0,0.0,4,24,16,Pathfinder Monster Core 2,8,Golem
2665,3,5,2,-2,1,2,21,60,10,12,13,8,0,14,12.0,0,0.0,0,0,0,Pathfinder Monster Core 2,4,Gobmob Snake
2888,4,1,3,-3,2,0,18,30,8,11,5,8,0,10,10.5,0,0.0,0,0,0,Pathfinder Monster Core 2,2,Tatzlwyrm
2887,2,3,2,0,-1,3,16,21,4,7,8,2,0,8,4.5,0,0.0,0,0,0,Pathfinder Monster Core 2,1,Tanuki Village Hero
2886,0,4,1,1,0,3,18,17,5,4,9,8,0,9,4.5,0,0.0,0,0,0,Pathfinder Monster Core 2,1,Sylph Sneak
2885,8,4,6,6,6,7,37,335,29,25,25,31,0,31,40.0,0,0.0,7,36,28,Pathfinder Monster Core 2,15,Sykever
2883,8,9,3,6,5,4,39,290,29,25,33,27,0,33,23.5,0,0.0,3,36,28,Pathfinder Monster Core 2,16,Sumbreiva
2882,2,2,0,1,0,4,15,16,5,3,5,5,1,7,5.5,0,0.0,1,17,9,Pathfinder Monster Core 2,1,Suli Dune Dancer
2881,5,2,4,-5,2,-2,23,125,12,16,12,10,0,17,15.5,0,0.0,0,0,0,Pathfinder Monster Core 2,6,Sulfur Zombie
2880,4,4,5,4,6,2,25,80,17,15,13,19,0,17,17.0,0,0.0,4,25,17,Pathfinder Monster Core 2,7,Stygira
2879,8,4,0,0,3,0,18,25,9,6,10,7,0,10,7.5,10,5.5,0,0,0,Pathfinder Monster Core 2,2,Strix Kinmate
2878,3,5,2,1,2,3,28,120,19,18,21,15,0,21,12.0,0,0.0,0,0,0,Pathfinder Monster Core 2,9,Strix Aerialist
2877,2,5,3,0,4,1,24,115,14,11,17,14,0,17,17.5,0,0.0,0,0,0,Pathfinder Monster Core 2,6,Striding Fire
2876,4,2,4,2,3,4,21,90,12,15,9,12,0,15,13.0,13,14.0,8,22,14,Pathfinder Monster Core 2,5,Storm Hag
2875,4,3,3,1,5,0,21,50,13,11,9,13,0,0,0.0,0,0.0,0,0,0,Pathfinder Monster Core 2,4,Stone Lion
2874,3,3,0,1,4,0,18,28,10,6,7,10,0,0,0.0,0,0.0,1,17,9,Pathfinder Monster Core 2,2,Stone Lion Cub
2873,4,5,3,3,4,1,21,65,15,10,14,13,0,15,13.0,0,0.0,4,20,0,Pathfinder Monster Core 2,5,Stalker Automaton
2872,8,4,6,4,8,5,36,300,29,26,24,28,0,31,28.0,0,0.0,8,37,29,Pathfinder Monster Core 2,15,Sramana
2871,2,6,4,-4,2,4,25,85,13,15,17,13,0,0,0.0,0,0.0,0,0,0,Pathfinder Monster Core 2,7,Sportlebore Swarm
2870,6,6,5,-5,2,-5,31,170,20,22,25,16,0,23,25.0,0,0.0,0,0,0,Pathfinder Monster Core 2,11,Spiral Centurion
2869,8,4,6,-4,2,1,30,200,21,23,21,19,0,23,23.0,0,0.0,0,0,0,Pathfinder Monster Core 2,11,Spinosaurus
2868,-2,3,1,-4,2,0,14,12,6,5,7,6,0,7,3.5,0,0.0,0,0,0,Pathfinder Monster Core 2,0,Spear Frog
2867,1,3,4,-2,3,-1,15,20,8,10,7,4,0,8,4.5,0,0.0,0,0,0,Pathfinder Monster Core 2,1,Spawning Soulrider (Monitor)
2661,6,5,6,3,7,3,33,210,25,22,19,25,0,24,22.5,0,0.0,6,33,0,Pathfinder Monster Core 2,12,Girtablilu Seer
2662,6,4,6,3,4,3,27,160,18,20,16,12,0,21,18.0,0,0.0,0,0,0,Pathfinder Monster Core 2,8,Girtablilu Sentry
2663,2,4,0,5,4,4,21,70,15,9,12,15,0,13,13.0,13,14.0,5,22,14,Pathfinder Monster Core 2,5,Gnokesh
2664,3,4,2,-2,0,1,17,15,6,7,10,4,0,9,5.5,0,0.0,0,0,0,Pathfinder Monster Core 2,1,Goblin Snake
2693,-5,5,0,4,5,4,23,60,13,12,15,15,0,17,13.0,0,0.0,0,0,0,Pathfinder Monster Core 2,6,Hungry Ghost
2694,4,6,4,9,6,4,36,275,29,23,25,29,0,27,26.5,0,0.0,8,40,32,Pathfinder Monster Core 2,15,Hyakume
2695,6,4,4,2,2,4,25,130,15,15,17,13,0,18,15.0,0,0.0,0,0,0,Pathfinder Monster Core 2,7,Hārakasura
2696,5,2,5,-2,2,-2,19,90,10,13,10,8,0,13,10.0,0,0.0,0,0,0,Pathfinder Monster Core 2,4,Ice Troll
2863,0,3,2,-3,2,-1,14,8,5,5,8,2,0,6,3.5,0,0.0,0,0,0,Pathfinder Monster Core 2,-1,Soulrider (Monitor)
2862,0,3,2,-3,2,-1,14,8,5,5,8,2,0,6,3.5,0,0.0,0,0,0,Pathfinder Monster Core 2,-1,Soulrider (Fiend)
2861,0,3,2,-3,2,-1,14,8,5,5,8,2,0,6,3.5,0,0.0,0,0,0,Pathfinder Monster Core 2,-1,Soulrider (Celestial)
2860,12,9,12,10,7,5,52,550,42,42,38,36,0,44,45.0,44,38.5,0,0,0,Pathfinder Monster Core 2,21,Sorvuth-Ka
2859,8,3,9,6,5,5,37,300,26,30,24,26,1,29,31.0,0,0.0,8,38,28,Pathfinder Monster Core 2,15,Sordesdaemon
2858,1,5,3,-2,4,0,24,80,14,13,17,11,0,17,15.5,0,0.0,0,0,0,Pathfinder Monster Core 2,6,Smoke Creeper
2857,7,-5,7,-5,0,-5,14,220,9,18,6,11,0,18,18.0,0,0.0,0,0,0,Pathfinder Monster Core 2,7,Slithering Pit
2856,3,0,5,-5,0,-5,12,60,6,11,3,4,0,8,7.5,0,0.0,0,0,0,Pathfinder Monster Core 2,2,Slime Mold
2855,5,4,3,-3,3,1,24,75,17,13,16,11,0,17,19.0,0,0.0,0,0,0,Pathfinder Monster Core 2,6,Skull Peeler
2854,5,4,6,0,3,3,26,130,17,18,16,13,0,20,18.0,0,0.0,0,0,0,Pathfinder Monster Core 2,8,Skittering Slayer
2853,5,3,4,-5,2,0,31,180,17,21,18,19,0,0,0.0,0,0.0,0,0,0,Pathfinder Monster Core 2,11,Skeleton Infantry
2852,9,3,4,-5,2,-1,33,210,19,23,24,21,0,26,26.5,24,24.0,4,31,21,Pathfinder Monster Core 2,13,Skeletal Titan
2851,6,4,2,1,6,2,22,80,15,11,13,15,0,15,13.0,0,0.0,0,0,0,Pathfinder Monster Core 2,5,Skaveling
2850,-2,4,2,0,3,2,17,20,8,5,9,6,1,9,3.0,0,0.0,4,17,9,Pathfinder Monster Core 2,1,Silvanshee
2849,3,5,4,-4,2,0,21,70,11,13,12,8,0,13,10.0,0,0.0,0,0,0,Pathfinder Monster Core 2,4,Shriezyx
2848,4,1,4,3,6,5,27,150,21,19,14,21,0,19,11.0,0,0.0,7,28,20,Pathfinder Monster Core 2,9,Shoki
2847,0,4,1,0,3,4,16,22,8,4,9,7,0,9,5.5,0,0.0,3,17,9,Pathfinder Monster Core 2,1,Shokasura
2846,10,6,9,-3,6,1,39,275,34,33,30,30,0,35,40.0,0,0.0,0,0,0,Pathfinder Monster Core 2,18,Shoggoth
2845,2,2,3,1,4,3,15,18,9,7,6,9,0,7,5.5,0,0.0,0,0,0,Pathfinder Monster Core 2,1,Shikigami
2844,5,0,3,-5,1,-2,18,90,7,11,8,9,0,0,0.0,0,0.0,0,0,0,Pathfinder Monster Core 2,4,Shambler Troop
2843,3,5,1,3,2,3,21,45,10,9,11,10,0,13,11.0,0,0.0,7,21,13,Pathfinder Monster Core 2,4,Shae
2842,2,2,2,2,2,2,15,22,7,7,7,7,0,7,6.5,0,0.0,0,0,0,Pathfinder Monster Core 2,1,Shade (Universe)
2841,2,2,2,2,2,2,15,30,7,7,7,7,0,7,6.5,0,0.0,0,0,0,Pathfinder Monster Core 2,1,Shade (Plane of Wood)
2840,2,2,2,2,2,2,15,22,7,7,7,7,0,7,6.5,0,0.0,0,0,0,Pathfinder Monster Core 2,1,Shade (Plane of Water)
2839,2,2,2,2,2,2,15,22,7,7,7,7,0,7,6.5,0,0.0,0,0,0,Pathfinder Monster Core 2,1,Shade (Plane of Metal)
2864,0,3,1,-4,1,0,18,20,7,5,11,7,0,11,7.5,0,0.0,0,0,0,Pathfinder Monster Core 2,2,Spark Moth
2837,2,2,2,2,2,2,15,22,7,7,7,7,0,7,6.5,0,0.0,0,0,0,Pathfinder Monster Core 2,1,Shade (Plane of Earth)
2531,1,3,4,-5,0,-5,16,14,5,9,8,3,0,0,0.0,0,0.0,0,0,0,Pathfinder Monster Core 2,1,Animated Silverware Swarm
2866,1,3,4,-2,3,-1,15,20,8,10,7,4,0,8,4.5,0,0.0,0,0,0,Pathfinder Monster Core 2,1,Spawning Soulrider (Fiend)
2697,6,5,8,-2,4,3,31,240,23,26,23,20,0,27,36.0,26,30.0,5,30,0,Pathfinder Monster Core 2,13,Iceberg Clam
2698,7,7,5,-1,5,3,30,185,19,20,21,17,0,23,23.5,23,20.0,0,0,0,Pathfinder Monster Core 2,10,Icewyrm
2699,1,3,2,-4,1,0,18,35,7,8,9,5,0,9,8.0,0,0.0,0,0,0,Pathfinder Monster Core 2,2,Icicle Snake
2700,7,4,4,-4,4,0,24,95,14,16,12,14,0,17,18.0,0,0.0,0,0,0,Pathfinder Monster Core 2,6,Iguanodon
2701,7,5,5,7,3,5,30,175,19,21,19,17,0,23,25.5,0,0.0,5,29,21,Pathfinder Monster Core 2,10,Imentesh
2702,4,3,1,1,3,-1,17,21,7,7,7,9,0,8,6.5,0,0.0,0,0,0,Pathfinder Monster Core 2,2,Incutilis
2703,7,3,5,2,6,5,33,215,24,23,21,26,0,25,36.5,0,0.0,7,33,25,Pathfinder Monster Core 2,12,Interlocutor
2704,7,8,5,4,5,4,34,265,24,22,25,24,0,26,29.5,0,0.0,5,31,23,Pathfinder Monster Core 2,13,Irlgaunt
2705,9,10,9,7,8,9,44,360,36,33,36,38,0,38,45.0,0,0.0,10,47,39,Pathfinder Monster Core 2,20,Izfiitar
2706,6,4,5,3,5,7,33,270,26,22,23,26,0,27,27.5,23,0.0,5,34,26,Pathfinder Monster Core 2,13,Jorogumo
2707,2,0,2,4,1,0,16,26,7,8,4,9,0,10,7.5,0,0.0,1,18,10,Pathfinder Monster Core 2,2,Jotunborn Sage
2708,8,4,8,-1,6,4,35,360,26,31,24,23,0,29,30.5,0,0.0,0,0,0,Pathfinder Monster Core 2,15,Jotund Troll
2709,3,5,4,5,6,3,28,155,21,15,18,21,0,21,15.0,0,0.0,5,0,0,Pathfinder Monster Core 2,9,Jyoti
2710,9,5,7,4,9,7,40,120,34,29,26,32,0,32,44.5,0,0.0,7,38,30,Pathfinder Monster Core 2,17,Kadamel
2711,3,4,1,1,3,1,17,35,9,7,10,7,0,11,8.5,0,0.0,0,0,0,Pathfinder Monster Core 2,2,Kappa
2712,6,5,9,7,6,5,41,415,31,35,29,30,0,34,31.0,0,0.0,7,40,32,Pathfinder Monster Core 2,18,Katpaskir
2713,5,2,3,-1,3,4,21,60,11,11,12,14,0,13,14.0,0,0.0,0,0,0,Pathfinder Monster Core 2,4,Kelpie
2714,6,3,5,-4,3,0,27,160,18,20,18,16,0,21,16.0,0,0.0,0,0,0,Pathfinder Monster Core 2,9,Khravgodon
2715,10,8,9,5,7,7,45,425,35,33,32,35,0,38,46.5,0,0.0,9,42,34,Pathfinder Monster Core 2,20,Kimenhul
2716,6,3,5,-2,4,3,28,205,19,20,15,19,0,21,18.0,0,0.0,4,25,17,Pathfinder Monster Core 2,9,Kithangian
2717,0,4,0,0,2,4,18,25,10,6,10,8,0,10,5.5,12,4.5,1,0,0,Pathfinder Monster Core 2,2,Kitsune Trickster
2718,2,4,5,0,4,4,21,95,15,12,11,13,0,13,11.0,0,0.0,5,23,15,Pathfinder Monster Core 2,5,Kodama
2719,2,4,1,0,2,1,17,45,11,6,11,9,0,11,8.5,11,8.5,0,0,0,Pathfinder Monster Core 2,3,Kuribu
2720,1,4,2,0,1,2,18,45,9,9,12,6,0,12,12.0,0,0.0,2,17,0,Pathfinder Monster Core 2,3,Lacridaemon
2721,3,8,7,4,4,8,38,235,27,26,29,25,0,29,29.0,29,32.0,8,38,30,Pathfinder Monster Core 2,15,Lampad Queen
2865,1,3,4,-2,3,-1,15,20,8,10,7,4,0,8,4.5,0,0.0,0,0,0,Pathfinder Monster Core 2,1,Spawning Soulrider (Celestial)
2884,7,5,5,-5,2,-5,29,245,20,21,19,14,0,23,22.0,0,0.0,0,0,0,Pathfinder Monster Core 2,10,Swordkeeper
2622,6,4,6,-4,5,-1,25,125,16,17,13,16,0,16,17.0,0,0.0,0,0,0,Pathfinder Monster Core 2,7,Elasmosaurus
2646,-5,4,3,0,4,4,25,105,16,15,14,18,0,0,0.0,0,0.0,0,0,0,Pathfinder Monster Core 2,8,Ghostly Mob
2586,9,5,6,5,5,6,39,315,32,32,27,28,0,34,30.5,0,0.0,0,0,0,Pathfinder Monster Core 2,17,Coral Dragon (Ancient)
2585,9,5,6,5,5,6,39,315,32,32,27,28,0,34,30.5,0,0.0,8,38,30,Pathfinder Monster Core 2,17,"Coral Dragon (Ancient, Spellcaster)"
2584,7,2,5,3,5,7,32,215,22,25,20,21,0,26,23.5,0,0.0,0,0,0,Pathfinder Monster Core 2,12,Coral Dragon (Adult)
2583,7,2,5,3,5,7,32,215,22,25,20,21,0,26,23.5,0,0.0,6,32,24,Pathfinder Monster Core 2,12,"Coral Dragon (Adult, Spellcaster)"
2582,2,4,2,0,1,0,19,40,9,8,12,7,0,0,0.0,0,0.0,0,0,0,Pathfinder Monster Core 2,3,Compsognathus Swarm
2581,2,4,3,-5,0,-4,18,20,6,9,10,6,0,0,0.0,0,0.0,0,0,0,Pathfinder Monster Core 2,2,Cockroach Swarm
2580,-1,3,0,-5,2,0,17,8,8,2,7,4,0,7,2.5,0,0.0,0,0,0,Pathfinder Monster Core 2,-1,Clockwork Spy
2579,6,2,4,-5,4,-5,24,80,16,16,14,12,0,17,15.5,0,0.0,0,0,0,Pathfinder Monster Core 2,6,Clockwork Soldier
2578,2,6,4,-5,2,-5,27,115,17,17,19,17,1,19,17.0,0,0.0,5,28,20,Pathfinder Monster Core 2,9,Clockwork Mage
2587,6,2,4,2,2,6,26,135,16,18,14,15,0,20,17.0,0,0.0,4,26,18,Pathfinder Monster Core 2,8,"Coral Dragon (Young, Spellcaster)"
2577,9,5,5,-5,4,-5,39,265,28,30,28,25,0,33,30.5,0,0.0,0,0,0,Pathfinder Monster Core 2,16,Clockwork Dragon
2575,6,1,4,1,2,3,29,210,20,21,17,19,0,23,21.0,0,0.0,4,29,21,Pathfinder Monster Core 2,10,"Cinder Dragon (Young, Spellcaster)"
2574,10,4,8,5,6,7,42,425,35,34,30,32,0,36,34.0,0,0.0,0,0,0,Pathfinder Monster Core 2,19,Cinder Dragon (Ancient)
2573,10,4,8,5,6,7,42,425,35,34,30,32,0,36,34.0,0,0.0,9,41,33,Pathfinder Monster Core 2,19,"Cinder Dragon (Ancient, Spellcaster)"
2572,8,2,6,3,4,5,35,310,26,27,23,25,0,29,28.5,0,0.0,0,0,0,Pathfinder Monster Core 2,14,Cinder Dragon (Adult)
2571,8,2,6,3,4,5,35,310,26,27,23,25,0,29,28.5,0,0.0,6,34,26,Pathfinder Monster Core 2,14,"Cinder Dragon (Adult, Spellcaster)"
2570,6,5,5,3,4,4,29,170,18,21,19,17,0,23,25.0,23,21.0,0,0,0,Pathfinder Monster Core 2,10,Champion Automaton
2569,6,2,6,-2,2,-2,22,135,14,16,13,9,0,16,15.0,16,14.5,0,0,0,Pathfinder Monster Core 2,6,Cavern Troll
2568,6,3,5,-2,3,2,23,110,15,17,13,11,0,18,13.5,16,17.0,0,0,0,Pathfinder Monster Core 2,6,Cave Giant
2567,0,5,4,2,4,5,22,75,13,11,12,13,0,14,11.0,0,0.0,5,22,14,Pathfinder Monster Core 2,5,Catrina
2576,6,1,4,1,2,3,29,210,20,21,17,19,0,23,21.0,0,0.0,0,0,0,Pathfinder Monster Core 2,10,Cinder Dragon (Young)
2588,6,2,4,2,2,6,26,135,16,18,14,15,0,20,17.0,0,0.0,0,0,0,Pathfinder Monster Core 2,8,Coral Dragon (Young)
2589,1,3,0,2,2,1,16,15,9,5,8,7,0,6,3.5,0,0.0,5,17,9,Pathfinder Monster Core 2,1,Cunning Fox
2590,11,8,10,10,8,6,49,470,41,41,37,37,0,43,55.0,40,47.0,9,46,38,Pathfinder Monster Core 2,21,Danava Titan
5333,4,2,4,2,3,4,21,90,12,15,9,12,0,15,13.0,13,14.0,8,22,14,Pathfinder Monster Core 2,5,Iogaka
2609,8,6,7,1,4,2,36,260,22,27,28,24,1,30,29.5,0,0.0,2,28,18,Pathfinder Monster Core 2,14,Doprillu
2647,3,-2,2,-5,0,-5,8,45,4,7,3,5,0,8,3.5,0,0.0,0,0,0,Pathfinder Monster Core 2,1,Giant Amoeba
2608,1,3,1,3,5,1,17,35,11,5,9,11,0,7,6.5,9,8.5,1,18,10,Pathfinder Monster Core 2,2,Domovoi
2607,3,3,0,1,2,4,18,45,7,6,10,11,0,11,10.5,0,0.0,3,20,0,Pathfinder Monster Core 2,3,Divoynik
2606,5,-2,4,-5,0,-5,24,95,14,17,11,14,1,16,12.0,0,0.0,1,21,0,Pathfinder Monster Core 2,6,Divine Warden of Pharasma
2605,2,5,1,-5,0,-5,23,65,9,10,14,7,0,14,13.0,0,0.0,0,0,0,Pathfinder Monster Core 2,5,Dig-Widget
2604,8,1,4,5,2,0,33,250,22,26,20,23,0,27,29.5,0,0.0,7,33,0,Pathfinder Monster Core 2,13,Dibrasgorth
2603,4,8,6,8,7,7,34,230,26,19,24,26,0,25,23.5,25,22.0,6,33,25,Pathfinder Monster Core 2,13,Destiny Tempest
2602,6,3,2,3,4,5,27,140,20,16,16,16,0,19,21.0,0,0.0,5,28,20,Pathfinder Monster Core 2,9,Despair Dragon (Young)
2601,6,3,2,3,4,5,27,140,20,16,16,16,0,19,21.0,0,0.0,5,28,20,Pathfinder Monster Core 2,9,"Despair Dragon (Young, Spellcaster)"
2600,9,5,4,5,5,8,41,325,31,28,30,32,0,33,36.5,0,0.0,5,40,32,Pathfinder Monster Core 2,18,Despair Dragon (Ancient)
2599,9,5,4,5,5,8,41,325,31,28,30,32,0,33,36.5,0,0.0,8,40,32,Pathfinder Monster Core 2,18,"Despair Dragon (Ancient, Spellcaster)"
2598,8,4,3,4,3,7,33,220,25,21,23,25,0,25,29.5,0,0.0,5,33,25,Pathfinder Monster Core 2,13,Despair Dragon (Adult)
2597,8,4,3,4,3,7,33,220,25,21,23,25,0,25,29.5,0,0.0,6,33,25,Pathfinder Monster Core 2,13,"Despair Dragon (Adult, Spellcaster)"
2596,6,6,5,3,4,0,27,185,19,18,21,15,0,21,19.0,19,21.0,0,0,0,Pathfinder Monster Core 2,9,Desert Giant
2595,3,3,4,6,3,5,27,100,17,16,19,17,1,18,16.5,0,0.0,5,26,18,Pathfinder Monster Core 2,8,Denizen of Leng
2594,7,8,6,4,7,9,40,285,32,27,29,32,1,33,31.5,0,0.0,7,38,34,Pathfinder Monster Core 2,17,Deimavigga
2593,3,1,4,2,1,1,16,24,7,9,4,8,0,7,5.5,0,0.0,1,14,6,Pathfinder Monster Core 2,1,Deep One
2592,1,1,2,1,4,0,16,20,9,7,5,9,1,4,5.5,0,0.0,1,17,0,Pathfinder Monster Core 2,1,Deep One Hybrid
2591,9,4,8,6,5,4,36,260,26,27,22,26,0,29,28.5,0,0.0,0,0,0,Pathfinder Monster Core 2,14,Deep One Elder
2566,7,4,6,-2,4,2,33,215,22,24,20,22,0,25,32.5,0,0.0,0,0,0,Pathfinder Monster Core 2,12,Catoblepas
2565,8,-3,6,-5,0,-5,20,300,23,25,14,19,0,25,32.0,0,0.0,0,0,0,Pathfinder Monster Core 2,13,Carnivorous Blob
2564,-3,0,3,-2,3,0,16,20,7,8,3,6,1,5,3.5,0,0.0,3,18,8,Pathfinder Monster Core 2,1,Carbuncle
2563,4,3,4,-4,1,-1,15,20,4,9,8,4,0,7,7.5,6,0.0,0,0,0,Pathfinder Monster Core 2,1,Camel
2537,7,3,5,-5,1,-1,30,200,18,24,21,18,0,24,22.0,0,0.0,0,0,0,Pathfinder Monster Core 2,11,Argorth
2536,6,2,4,2,2,4,25,130,15,17,13,15,0,18,15.0,16,16.5,3,22,14,Pathfinder Monster Core 2,7,Arboreal Reaper
2535,7,-1,5,4,7,4,33,230,25,23,17,27,0,25,26.5,0,0.0,6,32,24,Pathfinder Monster Core 2,12,Arboreal Archive
2534,6,2,5,5,3,4,24,120,18,18,11,16,0,16,15.0,0,0.0,5,26,17,Pathfinder Monster Core 2,7,Aqudel
2533,2,4,2,1,0,2,21,60,8,10,12,8,0,14,11.5,14,10.5,1,18,10,Pathfinder Monster Core 2,4,Aphorite Sharpshooter
2515,4,1,3,-2,2,0,19,70,10,15,9,7,1,14,14.5,11,11.0,1,20,12,Pathfinder Monster Core 2,4,Abrikandilu
2516,9,-1,9,-5,0,-5,42,255,26,33,27,29,0,35,33.5,0,0.0,0,0,0,Pathfinder Monster Core 2,18,Adamant Sentinel
2517,5,6,4,0,4,0,29,180,18,20,22,16,0,21,16.0,0,0.0,0,0,0,Pathfinder Monster Core 2,10,Adlet
2518,3,4,3,1,2,4,19,75,12,9,10,12,1,14,12.0,0,0.0,4,21,13,Pathfinder Monster Core 2,4,Aghash
2519,5,3,5,-1,3,3,23,105,14,17,13,13,0,17,13.0,0,0.0,0,0,0,Pathfinder Monster Core 2,6,Ahuizotl
2520,6,4,6,-2,3,0,27,140,19,19,16,13,0,20,22.0,0,0.0,0,0,0,Pathfinder Monster Core 2,8,Aigamuxa
2521,0,3,1,0,2,0,16,12,6,3,9,4,0,7,2.5,0,0.0,0,0,0,Pathfinder Monster Core 2,0,Air Wisp
2522,3,4,1,4,3,1,19,40,8,6,11,10,0,12,12.5,0,0.0,4,20,12,Pathfinder Monster Core 2,3,Akizendri
2523,6,3,4,0,2,1,24,120,15,18,15,12,0,18,16.0,0,0.0,0,0,0,Pathfinder Monster Core 2,7,Allosaurus
2524,8,4,6,0,4,0,33,300,20,25,22,22,0,27,33.5,0,0.0,0,0,0,Pathfinder Monster Core 2,13,Ambush Copse
2525,0,-2,3,-5,0,-5,9,35,3,8,1,3,0,0,0.0,0,0.0,0,0,0,Pathfinder Monster Core 2,1,Amoeba Swarm
2526,5,4,2,-4,0,-4,21,70,10,10,14,8,0,13,12.0,12,3.5,0,0,0,Pathfinder Monster Core 2,4,Amphisbaena
2527,5,7,5,4,6,8,33,260,28,22,24,25,0,25,27.5,27,27.0,7,30,22,Pathfinder Monster Core 2,13,Anguished Flame
2528,-5,4,3,0,2,6,24,110,14,15,18,14,1,20,18.0,0,0.0,4,26,16,Pathfinder Monster Core 2,8,Animate Dream
2529,9,2,8,-5,0,-5,39,245,23,31,21,19,0,32,30.5,0,0.0,0,0,0,Pathfinder Monster Core 2,15,Animated Colossus
2530,7,-2,6,-5,0,-5,30,135,15,21,11,13,0,21,26.5,0,0.0,0,0,0,Pathfinder Monster Core 2,9,Animated Furnace
2538,7,3,6,-1,4,-2,30,240,21,23,18,21,0,24,18.0,24,21.0,0,0,0,Pathfinder Monster Core 2,11,Ash Giant
2610,0,4,1,3,2,3,16,20,7,4,9,7,0,9,3.5,0,0.0,4,17,9,Pathfinder Monster Core 2,1,Doru
2539,4,7,5,8,6,4,31,240,26,20,26,23,0,27,27.5,27,24.5,6,33,25,Pathfinder Monster Core 2,13,Assault Alloy
2541,0,5,0,2,4,3,21,60,10,8,13,12,0,14,9.0,0,0.0,0,0,0,Pathfinder Monster Core 2,4,Attic Whisperer
2562,7,4,5,-2,2,4,31,235,22,23,22,20,0,28,24.0,0,0.0,6,28,20,Pathfinder Monster Core 2,12,Calikang
2561,5,-1,3,1,4,1,24,50,13,14,8,11,0,16,14.5,10,9.5,0,0,0,Pathfinder Monster Core 2,5,Caligni Vanguard
2560,2,5,1,1,1,4,24,80,11,9,15,11,1,15,10.0,0,0.0,5,24,16,Pathfinder Monster Core 2,6,Caligni Caller
2559,8,4,5,7,8,5,39,245,30,25,26,30,1,32,38.5,0,0.0,7,37,27,Pathfinder Monster Core 2,16,Bythos
2558,-2,4,1,2,4,3,16,21,7,4,9,9,1,7,3.5,0,0.0,4,17,9,Pathfinder Monster Core 2,1,Brownie
2557,0,3,4,-5,1,-5,19,50,9,12,11,9,0,0,0.0,0,0.0,0,0,0,Pathfinder Monster Core 2,4,Brood Leech Swarm
2556,4,5,4,2,3,7,30,200,18,21,22,18,0,24,24.0,24,20.0,4,30,22,Pathfinder Monster Core 2,11,Brainchild
2555,2,2,4,4,3,4,23,110,14,14,12,17,0,16,11.0,0,0.0,2,24,0,Pathfinder Monster Core 2,6,Bodach
2554,5,4,3,6,4,3,27,155,19,16,19,17,0,20,26.0,0,0.0,6,20,28,Pathfinder Monster Core 2,9,Blood Painter
2553,4,5,2,2,3,5,26,155,17,14,17,17,0,18,16.0,19,17.5,8,26,18,Pathfinder Monster Core 2,8,Blood Hag
2552,5,2,4,0,4,0,24,105,14,16,12,14,0,17,18.5,0,0.0,0,0,0,Pathfinder Monster Core 2,6,Blizzardborn
2551,6,3,5,-5,2,-1,20,70,8,13,11,8,0,12,15.0,0,0.0,0,0,0,Pathfinder Monster Core 2,4,Bison
2550,10,7,10,7,7,8,44,380,36,35,32,32,0,37,51.0,0,0.0,10,44,0,Pathfinder Monster Core 2,20,Bikkhasura
2549,4,7,5,4,4,5,33,170,22,19,25,22,0,25,29.5,0,0.0,0,0,0,Pathfinder Monster Core 2,12,Betobeto-San
2548,8,4,6,-1,3,4,36,310,26,29,23,24,0,31,35.5,0,0.0,0,0,0,Pathfinder Monster Core 2,15,Berberoka
2547,7,4,7,-4,5,-2,29,190,19,22,17,19,0,23,19.0,0,0.0,0,0,0,Pathfinder Monster Core 2,10,Behemoth Hippopotamus
2546,5,3,4,-5,2,-2,24,90,12,16,13,10,0,15,14.0,0,0.0,0,0,0,Pathfinder Monster Core 2,6,Beetle Carapace
2545,10,2,8,-3,6,1,46,315,34,36,30,34,0,38,44.0,38,40.0,0,0,0,Pathfinder Monster Core 2,20,Baomal
2544,0,1,2,-5,2,-2,15,15,6,8,5,6,0,8,3.5,0,0.0,0,0,0,Pathfinder Monster Core 2,0,Badger
2543,4,4,5,8,5,5,34,240,26,23,20,26,0,25,21.5,27,28.0,6,33,25,Pathfinder Monster Core 2,13,Ayngavhaul
2542,-1,3,1,2,1,-1,17,15,8,4,10,7,0,8,4.0,0,0.0,4,17,9,Pathfinder Monster Core 2,1,Augur
2540,7,5,4,3,1,3,31,190,22,24,21,18,0,23,23.0,0,0.0,0,0,0,Pathfinder Monster Core 2,11,Atrixyl
2611,10,5,8,8,10,9,45,370,36,34,31,38,0,38,45.5,0,0.0,10,46,0,Pathfinder Monster Core 2,20,Draconal
2834,2,2,2,2,2,2,15,22,7,7,7,7,0,7,6.5,0,0.0,0,0,0,Pathfinder Monster Core 2,1,Shade (Nirvana)
2617,4,4,3,3,4,5,25,100,15,12,17,17,0,17,16.0,0,0.0,4,25,17,Pathfinder Monster Core 2,7,Dweomercat
2627,8,8,5,6,4,2,39,290,29,28,32,27,0,33,30.5,0,0.0,6,38,30,Pathfinder Monster Core 2,17,Eseneth
2612,1,3,0,4,1,1,18,35,10,6,9,12,0,10,6.5,10,7.5,0,0,0,Pathfinder Monster Core 2,3,Dragonblood Occultist
2613,6,2,6,-2,4,2,23,135,16,17,13,13,0,17,19.0,0,0.0,0,0,0,Pathfinder Monster Core 2,7,Drainberry Bush
2614,4,2,3,-1,1,1,17,35,7,11,6,7,0,10,6.5,0,0.0,0,0,0,Pathfinder Monster Core 2,2,Draugr
2625,6,4,4,-4,2,-2,21,80,13,15,11,9,0,15,17.0,0,0.0,0,0,0,Pathfinder Monster Core 2,5,Emperor Cobra
2615,0,3,1,-5,0,-4,16,15,6,5,7,4,0,7,3.5,7,0.0,0,0,0,Pathfinder Monster Core 2,0,Dream Spider
2628,0,4,2,1,2,2,17,15,7,7,9,5,0,9,7.0,0,0.0,2,15,7,Pathfinder Monster Core 2,1,Esipil
2616,3,2,1,-1,0,1,18,44,12,10,9,7,0,12,10.5,0,0.0,2,0,0,Pathfinder Monster Core 2,3,Dvorovoi
2619,2,1,3,0,2,0,15,15,6,7,5,4,0,6,4.5,0,0.0,0,0,0,Pathfinder Monster Core 2,0,Earth Wisp
2620,4,1,4,-1,3,0,20,75,10,14,9,10,0,14,13.0,0,0.0,0,0,0,Pathfinder Monster Core 2,4,Earthen Destrier
2621,7,4,6,0,1,3,30,175,17,22,18,17,2,23,18.0,0,0.0,5,29,21,Pathfinder Monster Core 2,10,Einherji
2833,2,2,2,2,2,2,15,22,7,7,7,7,0,7,6.5,0,0.0,0,0,0,Pathfinder Monster Core 2,1,Shade (Netherworld)
2623,10,7,8,6,8,6,46,400,36,37,34,35,0,41,42.0,35,40.5,10,44,36,Pathfinder Monster Core 2,21,Elysian Titan
2626,9,6,7,6,6,10,45,375,34,37,32,34,0,39,36.5,0,0.0,9,42,34,Pathfinder Monster Core 2,20,Eremite
2618,1,3,1,1,3,4,18,45,10,6,12,10,1,12,9.5,0,0.0,7,19,9,Pathfinder Monster Core 2,3,D'ziriak
2629,3,3,4,-3,3,2,18,55,12,11,8,8,0,12,6.5,0,0.0,2,0,0,Pathfinder Monster Core 2,3,Esobok
2624,1,4,2,-2,2,1,17,35,8,6,10,8,0,10,8.0,0,0.0,0,0,0,Pathfinder Monster Core 2,2,Ember Fox
2631,4,3,2,0,1,1,24,90,13,15,14,11,0,17,17.5,0,0.0,0,0,0,Pathfinder Monster Core 2,6,Evangelist
2632,8,6,6,5,8,7,33,240,25,23,21,25,0,27,31.5,25,28.0,7,33,25,Pathfinder Monster Core 2,13,Exscinder
2645,6,4,4,2,4,4,27,160,20,20,19,16,0,21,21.5,19,18.0,4,25,18,Pathfinder Monster Core 2,9,Garuda
2633,7,2,5,0,2,3,29,160,18,21,16,18,0,21,19.5,0,0.0,5,27,19,Pathfinder Monster Core 2,10,Feathered Bear
2634,0,4,3,-5,0,-5,18,30,8,8,11,5,0,0,0.0,0,0.0,0,0,0,Pathfinder Monster Core 2,3,Fen Mosquito Swarm
2635,7,5,6,4,4,5,33,190,22,24,20,21,0,25,23.5,23,20.5,6,32,24,Pathfinder Monster Core 2,12,Ferrugon
2644,6,3,6,0,2,4,30,200,21,24,20,19,0,24,19.5,28,13.0,0,0,0,Pathfinder Monster Core 2,11,Garadasura
2636,4,2,2,0,1,1,15,25,6,7,7,6,0,9,6.5,0,0.0,0,0,0,Pathfinder Monster Core 2,1,Festrog
2643,3,4,0,-1,2,2,20,36,9,7,11,9,0,11,9.5,0,0.0,2,19,11,Pathfinder Monster Core 2,3,Ganzi Martial Artist
2639,-4,5,4,-5,0,-5,13,155,11,16,15,10,0,0,0.0,0,0.0,0,0,0,Pathfinder Monster Core 2,6,Fire Jellyfish Swarm
2642,1,4,2,1,3,-1,16,18,8,5,9,6,0,9,4.5,9,3.5,1,17,9,Pathfinder Monster Core 2,1,Fuath
2637,1,4,2,0,0,2,16,20,5,5,9,5,0,9,3.5,0,0.0,1,15,7,Pathfinder Monster Core 2,1,Fetchling Scout
2641,1,4,1,-5,3,0,18,30,9,5,10,7,0,10,10.0,10,8.5,0,0,0,Pathfinder Monster Core 2,2,Flaming Skull
2638,1,5,4,-2,3,0,21,70,11,12,13,9,0,13,13.5,13,10.0,0,0,0,Pathfinder Monster Core 2,4,Filth Fire
2630,5,4,3,-2,1,7,21,75,12,12,15,10,0,15,12.5,14,0.0,0,0,0,Pathfinder Monster Core 2,5,Ether Spider
2640,1,3,2,0,2,0,15,15,6,6,7,4,0,6,4.5,0,0.0,0,0,0,Pathfinder Monster Core 2,0,Fire Wisp
1593,9,5,6,6,5,5,42,330,33,36,30,33,0,35,27.5,31,26.5,8,40,0,Pathfinder Lost Omens Draconic Codex,18,"Vorpal Dragon (Ancient, Spellcaster)"
1595,6,3,4,4,3,3,28,150,18,21,15,18,0,21,17.0,17,16.0,4,28,20,Pathfinder Lost Omens Draconic Codex,9,"Vorpal Dragon (Young, Spellcaster)"
1594,9,5,6,6,5,5,42,330,33,36,30,33,0,35,27.5,31,26.5,7,40,0,Pathfinder Lost Omens Draconic Codex,18,Vorpal Dragon (Ancient)
1596,6,3,4,4,3,3,28,150,18,21,15,18,0,21,17.0,17,16.0,0,0,0,Pathfinder Lost Omens Draconic Codex,9,Vorpal Dragon (Young)
1601,8,6,4,2,4,6,36,330,29,26,29,24,0,28,26.5,26,18.5,8,34,0,Pathfinder Lost Omens Draconic Codex,15,"Wailing Dragon (Ancient, Spellcaster)"
1598,9,6,5,4,5,6,41,400,36,30,33,28,0,35,28.5,33,20.5,2,38,0,Pathfinder Lost Omens Draconic Codex,18,Wailing Archdragon
1599,7,5,3,0,3,5,29,215,22,19,22,17,0,21,18.0,19,11.0,5,27,0,Pathfinder Lost Omens Draconic Codex,10,"Wailing Dragon (Adult, Spellcaster)"
1600,7,5,3,0,3,5,29,215,22,19,22,17,0,21,18.0,19,11.0,2,27,0,Pathfinder Lost Omens Draconic Codex,10,Wailing Dragon (Adult)
1602,8,6,4,2,4,6,36,330,29,26,29,24,0,28,26.5,26,18.5,2,34,0,Pathfinder Lost Omens Draconic Codex,15,Wailing Dragon (Ancient)
1603,5,4,2,0,1,4,23,120,17,15,17,12,0,15,14.0,13,9.0,3,22,0,Pathfinder Lost Omens Draconic Codex,6,"Wailing Dragon (Young, Spellcaster)"
1604,5,4,2,0,1,4,23,120,17,15,17,12,0,15,14.0,13,9.0,2,22,0,Pathfinder Lost Omens Draconic Codex,6,Wailing Dragon (Young)
1605,8,6,7,10,7,9,44,370,33,35,34,37,0,37,42.0,0,0.0,9,42,34,Pathfinder Lost Omens Draconic Codex,20,Whisper Archdragon (Spellcaster)
1606,8,6,7,10,7,9,44,370,33,35,34,37,0,37,38.0,0,0.0,9,42,34,Pathfinder Lost Omens Draconic Codex,20,Whisper Archdragon
1607,8,6,6,11,6,10,48,475,38,35,35,39,0,41,37.0,0,0.0,10,45,0,Pathfinder Lost Omens Draconic Codex,21,Wish Archdragon (Spellcaster)
1609,5,4,4,7,4,6,35,260,26,24,24,28,0,28,23.5,0,0.0,6,34,0,Pathfinder Lost Omens Draconic Codex,14,"Wish Dragon (Adult, Spellcaster)"
1610,5,4,4,7,4,6,35,260,26,24,24,28,0,28,23.5,0,0.0,5,34,0,Pathfinder Lost Omens Draconic Codex,14,Wish Dragon (Adult)
1597,9,6,5,4,5,6,41,400,36,30,33,28,0,35,28.5,33,20.5,9,38,0,Pathfinder Lost Omens Draconic Codex,18,Wailing Archdragon (Spellcaster)
1608,8,6,6,11,6,10,48,475,38,35,35,39,0,41,37.0,0,0.0,7,45,0,Pathfinder Lost Omens Draconic Codex,21,Wish Archdragon
1585,9,5,6,5,6,7,44,450,36,35,33,39,0,38,49.0,0,0.0,9,42,0,Pathfinder Lost Omens Draconic Codex,20,"Vizier Dragon (Ancient, Spellcaster)"
1591,8,4,5,5,4,4,34,230,23,26,20,23,0,27,24.5,23,23.5,6,35,0,Pathfinder Lost Omens Draconic Codex,13,"Vorpal Dragon (Adult, Spellcaster)"
1564,6,4,7,5,4,3,30,245,20,24,19,22,0,24,21.0,0,0.0,5,30,0,Pathfinder Lost Omens Draconic Codex,11,Time Dragon (Young)
1565,12,7,10,7,10,6,48,525,40,42,39,42,0,43,36.0,0,0.0,10,43,0,Pathfinder Lost Omens Draconic Codex,21,Umbral Archdragon (Spellcaster)
1566,12,7,10,7,10,6,48,525,40,42,39,42,0,43,36.0,0,0.0,5,43,0,Pathfinder Lost Omens Draconic Codex,21,Umbral Archdragon
1567,8,5,6,4,6,4,36,275,26,27,24,27,0,30,26.5,0,0.0,7,33,0,Pathfinder Lost Omens Draconic Codex,15,"Umbral Dragon (Adult, Spellcaster)"
1568,8,5,6,4,6,4,36,275,26,27,24,27,0,30,26.5,0,0.0,5,33,0,Pathfinder Lost Omens Draconic Codex,15,Umbral Dragon (Adult)
1569,10,6,7,5,7,5,44,375,33,34,31,34,0,38,32.0,0,0.0,9,39,0,Pathfinder Lost Omens Draconic Codex,20,"Umbral Dragon (Ancient, Spellcaster)"
1570,10,6,7,5,7,5,44,375,33,34,31,34,0,38,32.0,0,0.0,5,39,0,Pathfinder Lost Omens Draconic Codex,20,Umbral Dragon (Ancient)
1571,6,4,5,3,5,3,30,195,22,22,19,22,0,24,19.0,0,0.0,5,27,0,Pathfinder Lost Omens Draconic Codex,11,"Umbral Dragon (Young, Spellcaster)"
1572,6,4,5,3,5,3,30,195,22,22,19,22,0,24,19.0,0,0.0,2,27,0,Pathfinder Lost Omens Draconic Codex,11,Umbral Dragon (Young)
1573,8,3,6,5,4,5,45,430,35,35,30,32,0,39,38.0,0,0.0,10,41,0,Pathfinder Lost Omens Draconic Codex,19,Underworld Archdragon (Spellcaster)
1574,8,3,6,5,4,5,45,430,35,35,30,32,0,39,38.0,0,0.0,4,41,0,Pathfinder Lost Omens Draconic Codex,19,Underworld Archdragon
1575,7,3,4,5,3,2,31,195,20,23,18,22,0,24,20.0,0,0.0,5,30,0,Pathfinder Lost Omens Draconic Codex,11,"Underworld Dragon (Adult, Spellcaster)"
1576,7,3,4,5,3,2,31,195,20,23,18,22,0,24,20.0,0,0.0,4,30,0,Pathfinder Lost Omens Draconic Codex,11,Underworld Dragon (Adult)
1577,8,3,6,5,4,5,39,295,28,30,25,28,0,32,26.5,0,0.0,7,37,0,Pathfinder Lost Omens Draconic Codex,16,"Underworld Dragon (Ancient, Spellcaster)"
1578,8,3,6,5,4,5,39,295,28,30,25,28,0,32,26.5,0,0.0,4,37,0,Pathfinder Lost Omens Draconic Codex,16,Underworld Dragon (Ancient)
1579,6,2,3,4,2,1,25,115,13,18,13,15,0,18,15.0,0,0.0,3,25,0,Pathfinder Lost Omens Draconic Codex,7,"Underworld Dragon (Young, Spellcaster)"
1580,6,2,3,4,2,1,25,115,13,18,13,15,0,18,15.0,0,0.0,2,25,0,Pathfinder Lost Omens Draconic Codex,7,Underworld Dragon (Young)
1581,10,6,7,6,7,8,48,530,39,37,34,40,0,42,59.0,0,0.0,10,46,0,Pathfinder Lost Omens Draconic Codex,21,Vizier Archdragon (Spellcaster)
1582,10,6,7,6,7,8,48,530,39,37,34,40,0,42,59.0,0,0.0,9,46,0,Pathfinder Lost Omens Draconic Codex,21,Vizier Archdragon
1583,7,3,5,3,4,6,36,300,29,27,25,29,0,30,39.0,0,0.0,6,36,0,Pathfinder Lost Omens Draconic Codex,15,"Vizier Dragon (Adult, Spellcaster)"
1584,7,3,5,3,4,6,36,300,29,27,25,29,0,30,39.0,0,0.0,5,36,0,Pathfinder Lost Omens Draconic Codex,15,Vizier Dragon (Adult)
1611,6,5,5,9,5,8,42,360,32,31,31,35,0,36,30.0,0,0.0,8,41,0,Pathfinder Lost Omens Draconic Codex,19,"Wish Dragon (Ancient, Spellcaster)"
1407,11,6,7,6,6,7,44,460,36,37,33,35,1,38,39.0,36,36.0,0,0,0,Pathfinder Lost Omens Draconic Codex,20,Brine Archdragon
1587,6,2,4,3,4,5,30,230,21,21,20,22,0,24,28.0,0,0.0,4,30,0,Pathfinder Lost Omens Draconic Codex,11,"Vizier Dragon (Young, Spellcaster)"
1588,6,2,4,3,4,5,30,230,21,21,20,22,0,24,28.0,0,0.0,2,30,0,Pathfinder Lost Omens Draconic Codex,11,Vizier Dragon (Young)
1589,11,6,7,7,6,6,46,400,38,41,35,38,0,39,35.0,35,34.0,10,44,0,Pathfinder Lost Omens Draconic Codex,21,Vorpal Archdragon (Spellcaster)
1590,11,6,7,7,6,6,46,400,38,41,35,38,0,39,35.0,35,34.0,7,44,0,Pathfinder Lost Omens Draconic Codex,21,Vorpal Archdragon
1592,8,4,5,5,4,4,34,230,23,26,20,23,0,27,24.5,23,23.5,6,35,0,Pathfinder Lost Omens Draconic Codex,13,Vorpal Dragon (Adult)
1612,6,5,5,9,5,8,42,360,32,31,31,35,0,36,30.0,0,0.0,5,41,0,Pathfinder Lost Omens Draconic Codex,19,Wish Dragon (Ancient)
1406,11,6,7,6,6,7,44,460,36,37,33,35,1,38,39.0,36,36.0,9,42,34,Pathfinder Lost Omens Draconic Codex,20,Brine Archdragon (Spellcaster)
1614,5,4,4,6,4,5,29,180,18,18,18,21,0,22,18.0,0,0.0,4,29,0,Pathfinder Lost Omens Draconic Codex,10,Wish Dragon (Young)
1436,6,11,7,6,8,7,48,400,40,48,35,40,0,40,45.0,0,0.0,10,45,37,Pathfinder Lost Omens Draconic Codex,21,Delight Archdragon (Spellcaster)
1437,6,11,7,6,8,7,48,400,40,48,35,40,0,40,45.0,0,0.0,9,45,37,Pathfinder Lost Omens Draconic Codex,21,Delight Archdragon
1438,5,7,5,4,6,5,36,240,28,24,27,25,0,28,29.0,0,0.0,7,34,26,Pathfinder Lost Omens Draconic Codex,14,"Delight Dragon (Adult, Spellcaster)"
1439,5,7,5,4,6,5,36,240,28,24,27,25,0,28,29.0,0,0.0,7,34,26,Pathfinder Lost Omens Draconic Codex,14,Delight Dragon (Adult)
1440,6,9,6,5,8,6,43,325,35,31,35,32,0,35,39.0,0,0.0,9,41,33,Pathfinder Lost Omens Draconic Codex,19,"Delight Dragon (Ancient, Spellcaster)"
1441,6,9,6,5,8,6,43,325,35,31,35,32,0,35,39.0,0,0.0,8,41,33,Pathfinder Lost Omens Draconic Codex,19,Delight Dragon (Ancient)
1442,4,6,4,3,5,4,30,165,22,18,21,19,0,22,21.5,0,0.0,5,29,21,Pathfinder Lost Omens Draconic Codex,10,"Delight Dragon (Young, Spellcaster)"
1443,4,6,4,3,5,4,30,165,22,18,21,19,0,22,21.5,0,0.0,5,29,21,Pathfinder Lost Omens Draconic Codex,10,Delight Dragon (Young)
1444,10,6,5,6,6,8,47,415,38,34,36,38,0,39,48.0,0,0.0,10,45,37,Pathfinder Lost Omens Draconic Codex,21,Despair Archdragon (Spellcaster)
1445,10,6,5,6,6,8,47,415,38,34,36,38,0,39,44.0,0,0.0,5,45,37,Pathfinder Lost Omens Draconic Codex,21,Despair Archdragon
1435,6,2,4,2,3,4,25,110,16,17,12,16,0,17,16.0,0,0.0,0,0,0,Pathfinder Lost Omens Draconic Codex,7,Crystal Dragon (Young)
1446,12,6,9,6,8,9,48,480,37,40,36,36,0,42,55.0,0,0.0,10,46,38,Pathfinder Lost Omens Draconic Codex,21,Diabolic Archdragon (Spellcaster)
1448,-2,3,0,1,4,1,16,17,9,5,10,8,0,7,4.5,0,0.0,0,19,11,Pathfinder Lost Omens Draconic Codex,1,Pearl Dragonet
1449,-1,6,4,-4,4,0,27,120,19,17,21,15,0,0,0.0,0,0.0,0,0,0,Pathfinder Lost Omens Draconic Codex,9,Pest Drake Swarm
1450,0,4,2,-1,3,3,17,53,10,7,12,9,0,10,8.5,0,0.0,1,20,12,Pathfinder Lost Omens Draconic Codex,3,Tidepool Dragonet
1451,10,8,9,7,9,8,49,450,40,36,36,40,0,41,46.5,0,0.0,10,46,38,Pathfinder Lost Omens Draconic Codex,21,Empyreal Archdragon (Spellcaster)
1452,10,8,9,7,9,8,49,450,40,36,36,40,0,41,42.5,0,0.0,10,46,38,Pathfinder Lost Omens Draconic Codex,21,Empyreal Archdragon
1453,11,5,6,4,7,5,45,400,35,35,33,38,0,38,37.0,0,0.0,9,44,0,Pathfinder Lost Omens Draconic Codex,21,Executor Archdragon (Spellcaster)
1454,11,5,6,4,7,5,45,400,35,35,33,38,0,38,37.0,0,0.0,9,44,0,Pathfinder Lost Omens Draconic Codex,21,Executor Archdragon
1455,8,3,4,2,5,3,33,235,23,25,23,28,0,27,27.5,0,0.0,6,33,0,Pathfinder Lost Omens Draconic Codex,13,"Executor Dragon (Adult, Spellcaster)"
1456,8,3,4,2,5,3,33,235,23,25,23,28,0,27,27.5,0,0.0,5,33,0,Pathfinder Lost Omens Draconic Codex,13,Executor Dragon (Adult)
1457,9,4,5,3,6,4,42,335,30,32,30,35,0,35,30.5,0,0.0,9,40,0,Pathfinder Lost Omens Draconic Codex,18,"Executor Dragon (Ancient, Spellcaster)"
1447,12,6,9,6,8,9,48,480,37,40,36,36,0,42,47.0,0,0.0,10,46,38,Pathfinder Lost Omens Draconic Codex,21,Diabolic Archdragon
1613,5,4,4,6,4,5,29,180,18,18,18,21,0,22,18.0,0,0.0,4,29,0,Pathfinder Lost Omens Draconic Codex,10,"Wish Dragon (Young, Spellcaster)"
1434,6,2,4,2,3,4,25,110,16,17,12,16,0,17,16.0,0,0.0,4,25,17,Pathfinder Lost Omens Draconic Codex,7,"Crystal Dragon (Young, Spellcaster)"
1432,9,4,6,4,5,6,39,290,29,30,25,28,0,32,30.5,0,0.0,8,37,29,Pathfinder Lost Omens Draconic Codex,16,"Crystal Dragon (Ancient, Spellcaster)"
1615,-5,11,0,9,9,11,48,400,40,37,40,45,1,42,41.0,0,0.0,10,46,38,Pathfinder Lost Omens Draconic Codex,21,Elder Wyrmwraith
1616,-5,9,0,7,7,9,39,280,29,29,32,35,1,34,30.5,0,0.0,7,35,27,Pathfinder Lost Omens Draconic Codex,17,Wyrmwraith
1413,6,4,3,3,3,4,26,170,16,19,16,14,1,20,16.0,18,14.0,0,0,0,Pathfinder Lost Omens Draconic Codex,8,Brine Dragon (Young)
1414,10,5,8,6,7,8,47,525,39,38,34,36,0,41,38.0,0,0.0,10,45,37,Pathfinder Lost Omens Draconic Codex,21,Cinder Archdragon (Spellcaster)
1415,10,5,8,6,7,8,47,525,39,38,34,36,0,41,38.0,0,0.0,0,0,0,Pathfinder Lost Omens Draconic Codex,21,Cinder Archdragon
1416,11,6,8,6,8,8,48,475,39,39,36,43,0,40,42.0,0,0.0,10,45,37,Pathfinder Lost Omens Draconic Codex,21,Cloud Archdragon (Spellcaster)
1417,11,6,8,6,8,8,48,475,39,39,36,43,0,40,42.0,0,0.0,9,45,37,Pathfinder Lost Omens Draconic Codex,21,Cloud Archdragon
1418,8,3,5,4,5,5,36,255,28,25,23,27,0,29,30.5,0,0.0,6,34,26,Pathfinder Lost Omens Draconic Codex,14,"Cloud Dragon (Adult, Spellcaster)"
1419,8,3,5,4,5,5,36,255,28,25,23,27,0,29,30.5,0,0.0,4,34,26,Pathfinder Lost Omens Draconic Codex,14,Cloud Dragon (Adult)
1563,6,4,7,5,4,3,30,245,20,24,19,22,0,24,21.0,0,0.0,6,30,0,Pathfinder Lost Omens Draconic Codex,11,"Time Dragon (Young, Spellcaster)"
1433,9,4,6,4,5,6,39,290,29,30,25,28,0,32,30.5,0,0.0,0,0,0,Pathfinder Lost Omens Draconic Codex,16,Crystal Dragon (Ancient)
1420,10,4,7,5,6,6,43,355,34,34,30,36,0,36,40.0,0,0.0,9,41,33,Pathfinder Lost Omens Draconic Codex,19,"Cloud Dragon (Ancient, Spellcaster)"
1422,7,2,5,2,3,3,30,175,22,19,17,21,0,23,22.0,0,0.0,4,29,21,Pathfinder Lost Omens Draconic Codex,10,"Cloud Dragon (Young, Spellcaster)"
1423,7,2,5,2,3,3,30,175,22,19,17,21,0,23,22.0,0,0.0,1,29,21,Pathfinder Lost Omens Draconic Codex,10,Cloud Dragon (Young)
1424,10,6,8,7,8,11,44,450,36,32,34,36,0,38,32.0,38,31.0,9,42,34,Pathfinder Lost Omens Draconic Codex,20,Conspirator Archdragon (Spellcaster)
1425,10,6,8,7,8,11,44,450,36,32,34,36,0,38,32.0,38,31.0,6,42,34,Pathfinder Lost Omens Draconic Codex,20,Conspirator Archdragon
1426,10,6,7,6,6,7,45,400,38,38,33,34,0,40,44.0,0,0.0,10,44,36,Pathfinder Lost Omens Draconic Codex,21,Coral Archdragon (Spellcaster)
1427,10,6,7,6,6,7,45,400,38,38,33,34,0,40,36.0,0,0.0,0,0,0,Pathfinder Lost Omens Draconic Codex,21,Coral Archdragon
1428,10,5,6,5,5,6,43,350,35,35,29,33,0,37,35.0,0,0.0,10,41,33,Pathfinder Lost Omens Draconic Codex,19,Crystal Archdragon (Spellcaster)
1429,10,5,6,5,5,6,43,350,35,35,29,33,0,37,35.0,0,0.0,0,0,0,Pathfinder Lost Omens Draconic Codex,19,Crystal Archdragon
1430,7,3,5,3,4,5,31,190,21,24,18,22,0,23,24.5,0,0.0,6,30,22,Pathfinder Lost Omens Draconic Codex,11,"Crystal Dragon (Adult, Spellcaster)"
1431,7,3,5,3,4,5,31,190,21,24,18,22,0,23,24.5,0,0.0,0,0,0,Pathfinder Lost Omens Draconic Codex,11,Crystal Dragon (Adult)
1421,10,4,7,5,6,6,43,355,34,34,30,36,0,36,40.0,0,0.0,5,41,33,Pathfinder Lost Omens Draconic Codex,19,Cloud Dragon (Ancient)
1562,9,6,10,7,6,5,44,470,33,38,32,35,0,38,37.0,0,0.0,9,42,0,Pathfinder Lost Omens Draconic Codex,20,Time Dragon (Ancient)
1586,9,5,6,5,6,7,44,450,36,35,33,39,0,38,49.0,0,0.0,6,42,0,Pathfinder Lost Omens Draconic Codex,20,Vizier Dragon (Ancient)
1560,7,4,8,5,4,3,36,342,26,30,25,27,0,30,28.5,0,0.0,6,36,0,Pathfinder Lost Omens Draconic Codex,15,Time Dragon (Adult)
1490,5,3,2,3,2,6,26,135,19,14,19,16,0,19,16.0,17,13.0,2,26,0,Pathfinder Lost Omens Draconic Codex,8,Mocking Dragon (Young)
1489,5,3,2,3,2,6,26,135,19,14,19,16,0,19,16.0,17,13.0,4,26,0,Pathfinder Lost Omens Draconic Codex,8,"Mocking Dragon (Young, Spellcaster)"
1488,7,5,4,5,4,9,39,325,32,27,32,29,0,33,30.5,31,23.5,2,38,0,Pathfinder Lost Omens Draconic Codex,17,Mocking Dragon (Ancient)
1487,7,5,4,5,4,9,39,325,32,27,32,29,0,33,30.5,31,23.5,8,38,0,Pathfinder Lost Omens Draconic Codex,17,"Mocking Dragon (Ancient, Spellcaster)"
1486,6,4,3,4,3,7,32,215,25,20,25,22,0,26,23.5,24,17.5,2,32,0,Pathfinder Lost Omens Draconic Codex,12,Mocking Dragon (Adult)
1485,6,4,3,4,3,7,32,215,25,20,25,22,0,26,23.5,24,17.5,6,32,0,Pathfinder Lost Omens Draconic Codex,12,"Mocking Dragon (Adult, Spellcaster)"
1491,9,4,9,6,9,12,50,400,43,37,34,42,0,40,54.0,0,0.0,10,42,34,Pathfinder Lost Omens Draconic Codex,21,Oath Archdragon (Spellcaster)
1484,9,7,6,7,6,10,45,420,39,33,38,35,0,38,37.0,36,28.0,2,42,0,Pathfinder Lost Omens Draconic Codex,20,Mocking Archdragon
1482,9,9,7,7,8,10,47,450,39,34,35,39,0,39,31.0,0,0.0,10,45,40,Pathfinder Lost Omens Draconic Codex,21,Mirage Archdragon
1481,9,9,7,7,8,10,47,450,39,34,35,39,0,39,31.0,0,0.0,10,45,40,Pathfinder Lost Omens Draconic Codex,21,Mirage Archdragon (Spellcaster)
1480,6,1,4,0,3,3,27,175,18,19,16,18,0,21,21.0,0,0.0,1,28,18,Pathfinder Lost Omens Draconic Codex,9,Magma Dragon (Young)
1479,6,1,4,0,3,3,27,175,18,19,16,18,0,21,21.0,0,0.0,4,28,18,Pathfinder Lost Omens Draconic Codex,9,"Magma Dragon (Young, Spellcaster)"
1478,8,4,6,4,5,6,42,380,33,33,28,30,0,36,32.5,0,0.0,4,40,32,Pathfinder Lost Omens Draconic Codex,18,Magma Dragon (Ancient)
1477,8,4,6,4,5,6,42,380,33,33,28,30,0,36,32.5,0,0.0,8,40,32,Pathfinder Lost Omens Draconic Codex,18,"Magma Dragon (Ancient, Spellcaster)"
1483,9,7,6,7,6,10,45,420,39,33,38,35,0,38,37.0,36,28.0,10,42,0,Pathfinder Lost Omens Draconic Codex,20,Mocking Archdragon (Spellcaster)
1492,9,4,9,6,9,12,50,400,43,37,34,42,0,40,54.0,0,0.0,10,42,34,Pathfinder Lost Omens Draconic Codex,21,Oath Archdragon
1493,6,3,6,4,6,8,36,255,28,25,22,28,0,27,37.0,0,0.0,6,31,23,Pathfinder Lost Omens Draconic Codex,14,"Oath Dragon (Adult, Spellcaster)"
1494,6,3,6,4,6,8,36,255,28,25,22,28,0,27,37.0,0,0.0,6,31,23,Pathfinder Lost Omens Draconic Codex,14,Oath Dragon (Adult)
1509,6,3,7,4,5,3,29,175,20,22,16,19,0,21,24.0,0,0.0,5,29,0,Pathfinder Lost Omens Draconic Codex,10,"Rime Dragon (Adult, Spellcaster)"
1508,8,4,9,6,7,5,42,375,34,34,28,30,0,35,38.5,0,0.0,5,40,0,Pathfinder Lost Omens Draconic Codex,18,Rime Archdragon
1507,8,4,9,6,7,5,42,375,34,34,28,30,0,35,38.5,0,0.0,9,40,0,Pathfinder Lost Omens Draconic Codex,18,Rime Archdragon (Spellcaster)
1506,11,6,8,6,10,8,48,470,40,36,35,40,0,42,41.0,0,0.0,6,46,38,Pathfinder Lost Omens Draconic Codex,21,Resurrection Archdragon
1505,11,6,8,6,10,8,48,470,40,36,35,40,0,42,41.0,0,0.0,10,46,38,Pathfinder Lost Omens Draconic Codex,21,Resurrection Archdragon (Spellcaster)
1504,10,6,7,6,12,7,50,500,42,38,36,42,0,43,43.0,0,0.0,1,48,40,Pathfinder Lost Omens Draconic Codex,21,Requiem Archdragon
1503,10,6,7,6,12,7,50,500,42,38,36,42,0,43,51.0,0,0.0,10,48,40,Pathfinder Lost Omens Draconic Codex,21,Requiem Archdragon (Spellcaster)
1502,7,9,5,10,8,7,47,300,38,33,38,37,0,40,35.0,0,0.0,10,45,37,Pathfinder Lost Omens Draconic Codex,21,Phase Archdragon
1501,7,9,5,10,8,7,47,300,38,33,38,37,0,40,43.0,0,0.0,10,45,37,Pathfinder Lost Omens Draconic Codex,21,Phase Archdragon (Spellcaster)
1500,9,7,8,10,8,6,44,360,35,32,33,35,0,36,35.5,0,0.0,10,44,36,Pathfinder Lost Omens Draconic Codex,20,Omen Archdragon
1499,9,7,8,10,8,6,44,360,35,32,33,35,0,36,35.5,0,0.0,10,44,36,Pathfinder Lost Omens Draconic Codex,20,Omen Archdragon (Spellcaster)
1498,5,2,5,3,5,6,30,175,22,19,16,22,0,21,27.5,0,0.0,5,26,18,Pathfinder Lost Omens Draconic Codex,10,Oath Dragon (Young)
1497,5,2,5,3,5,6,30,175,22,19,16,22,0,21,27.5,0,0.0,5,26,18,Pathfinder Lost Omens Draconic Codex,10,"Oath Dragon (Young, Spellcaster)"
1496,8,4,8,5,8,10,43,375,35,32,29,37,0,34,44.5,0,0.0,9,38,30,Pathfinder Lost Omens Draconic Codex,19,Oath Dragon (Ancient)
1495,8,4,8,5,8,10,43,375,35,32,29,37,0,34,44.5,0,0.0,9,38,30,Pathfinder Lost Omens Draconic Codex,19,"Oath Dragon (Ancient, Spellcaster)"
1476,8,2,5,2,4,4,33,270,23,25,21,23,0,27,28.5,0,0.0,4,33,23,Pathfinder Lost Omens Draconic Codex,13,Magma Dragon (Adult)
1510,6,3,7,4,5,3,29,175,20,22,16,19,0,21,24.0,0,0.0,5,29,0,Pathfinder Lost Omens Draconic Codex,10,Rime Dragon (Adult)
1475,8,2,5,2,4,4,33,270,23,25,21,23,0,27,28.5,0,0.0,6,33,23,Pathfinder Lost Omens Draconic Codex,13,"Magma Dragon (Adult, Spellcaster)"
1473,10,6,8,6,6,8,46,450,38,39,32,35,0,40,42.0,0,0.0,9,44,36,Pathfinder Lost Omens Draconic Codex,21,Magma Archdragon (Spellcaster)
1392,3,7,4,3,5,4,32,220,22,19,25,22,0,26,21.5,26,24.5,6,32,24,Pathfinder Lost Omens Draconic Codex,12,"Barrage Dragon (Adult, Spellcaster)"
1393,3,7,4,3,5,4,32,220,22,19,25,22,0,26,21.5,26,24.5,0,0,0,Pathfinder Lost Omens Draconic Codex,12,Barrage Dragon (Adult)
1394,4,9,5,4,6,5,39,340,29,26,32,29,0,33,24.5,33,26.5,9,38,30,Pathfinder Lost Omens Draconic Codex,17,"Barrage Dragon (Ancient, Spellcaster)"
1395,4,9,5,4,6,5,39,340,29,26,32,29,0,33,24.5,33,26.5,0,0,0,Pathfinder Lost Omens Draconic Codex,17,Barrage Dragon (Ancient)
1396,2,5,2,1,4,4,26,140,16,13,19,16,0,19,15.0,19,17.0,3,26,18,Pathfinder Lost Omens Draconic Codex,8,"Barrage Dragon (Young, Spellcaster)"
1397,2,5,2,1,4,4,26,140,16,13,19,16,0,19,15.0,19,17.0,0,0,0,Pathfinder Lost Omens Draconic Codex,8,Barrage Dragon (Young)
1391,5,10,6,5,7,6,45,440,35,33,39,36,0,38,34.0,38,37.0,0,0,0,Pathfinder Lost Omens Draconic Codex,20,Barrage Archdragon
1398,11,5,6,5,6,5,42,415,33,33,29,34,0,36,34.0,0,0.0,9,41,33,Pathfinder Lost Omens Draconic Codex,19,Bog Archdragon (Spellcaster)
1400,7,3,5,3,5,3,30,200,22,22,18,23,0,24,18.0,0,0.0,6,30,22,Pathfinder Lost Omens Draconic Codex,11,"Bog Dragon (Adult, Spellcaster)"
1401,7,3,5,3,5,3,30,200,22,22,18,23,0,24,18.0,0,0.0,0,0,0,Pathfinder Lost Omens Draconic Codex,11,Bog Dragon (Adult)
1402,10,5,6,5,6,5,38,335,29,29,25,30,0,32,28.5,0,0.0,8,37,29,Pathfinder Lost Omens Draconic Codex,16,"Bog Dragon (Ancient, Spellcaster)"
1403,10,5,6,5,6,5,38,335,29,29,25,30,0,32,28.5,0,0.0,0,0,0,Pathfinder Lost Omens Draconic Codex,16,Bog Dragon (Ancient)
1404,6,2,4,2,4,2,24,115,16,16,13,17,0,18,13.0,0,0.0,4,25,17,Pathfinder Lost Omens Draconic Codex,7,"Bog Dragon (Young, Spellcaster)"
1405,6,2,4,2,4,2,24,115,16,16,13,17,0,18,13.0,0,0.0,0,0,0,Pathfinder Lost Omens Draconic Codex,7,Bog Dragon (Young)
1399,11,5,6,5,6,5,42,415,33,33,29,34,0,36,34.0,0,0.0,8,41,33,Pathfinder Lost Omens Draconic Codex,19,Bog Archdragon
1390,5,10,6,5,7,6,45,440,35,33,39,36,0,38,34.0,38,37.0,9,42,34,Pathfinder Lost Omens Draconic Codex,20,Barrage Archdragon (Spellcaster)
1389,10,5,9,5,6,7,45,400,35,40,32,35,0,39,36.0,37,36.0,0,0,0,Pathfinder Lost Omens Draconic Codex,21,Adamantine Archdragon
1388,10,5,9,5,6,7,45,400,35,40,32,35,0,39,44.0,37,36.0,8,41,36,Pathfinder Lost Omens Draconic Codex,21,Adamantine Archdragon (Spellcaster)
1472,10,5,6,7,6,7,47,400,36,36,35,38,0,39,40.0,0,0.0,8,44,36,Pathfinder Lost Omens Draconic Codex,21,Horned Archdragon
1471,10,5,6,7,6,7,47,400,36,36,35,38,0,39,40.0,0,0.0,10,44,36,Pathfinder Lost Omens Draconic Codex,21,Horned Archdragon (Spellcaster)
1470,9,9,8,11,7,7,49,400,35,36,39,37,0,40,36.5,0,0.0,9,50,42,Pathfinder Lost Omens Draconic Codex,21,Fortune Archdragon
1469,9,9,8,11,7,7,49,400,35,36,39,37,0,40,44.5,0,0.0,10,50,42,Pathfinder Lost Omens Draconic Codex,21,Fortune Archdragon (Spellcaster)
1468,6,2,5,2,4,3,30,180,18,22,16,20,0,23,19.0,0,0.0,2,29,21,Pathfinder Lost Omens Draconic Codex,10,Forest Dragon (Young)
1467,6,2,5,2,4,3,30,180,18,22,16,20,0,23,19.0,0,0.0,4,29,21,Pathfinder Lost Omens Draconic Codex,10,"Forest Dragon (Young, Spellcaster)"
1466,9,4,6,5,7,5,43,375,33,32,29,35,0,36,31.0,0,0.0,6,41,33,Pathfinder Lost Omens Draconic Codex,19,Forest Dragon (Ancient)
1465,9,4,6,5,7,5,43,375,33,32,29,35,0,36,31.0,0,0.0,9,41,33,Pathfinder Lost Omens Draconic Codex,19,"Forest Dragon (Ancient, Spellcaster)"
1464,7,3,6,3,5,4,36,260,25,25,22,27,0,29,23.5,0,0.0,2,34,28,Pathfinder Lost Omens Draconic Codex,14,Forest Dragon (Adult)
1463,7,3,6,3,5,4,36,260,25,25,22,27,0,29,23.5,0,0.0,6,34,26,Pathfinder Lost Omens Draconic Codex,14,"Forest Dragon (Adult, Spellcaster)"
1462,10,5,8,6,9,7,48,480,36,36,32,39,0,43,38.0,0,0.0,8,45,37,Pathfinder Lost Omens Draconic Codex,21,Forest Archdragon
1461,10,5,8,6,9,7,48,480,36,36,32,39,0,43,38.0,0,0.0,10,45,37,Pathfinder Lost Omens Draconic Codex,21,Forest Archdragon (Spellcaster)
1460,6,2,3,1,4,2,27,155,18,18,16,21,0,21,18.0,0,0.0,5,28,0,Pathfinder Lost Omens Draconic Codex,9,Executor Dragon (Young)
1459,6,2,3,1,4,2,27,155,18,18,16,21,0,21,18.0,0,0.0,5,28,0,Pathfinder Lost Omens Draconic Codex,9,"Executor Dragon (Young, Spellcaster)"
1458,9,4,5,3,6,4,42,335,30,32,30,35,0,35,30.5,0,0.0,9,40,0,Pathfinder Lost Omens Draconic Codex,18,Executor Dragon (Ancient)
1474,10,6,8,6,6,8,46,450,38,39,32,35,0,40,42.0,0,0.0,4,44,36,Pathfinder Lost Omens Draconic Codex,21,Magma Archdragon
1561,9,6,10,7,6,5,44,470,33,38,32,35,0,38,37.0,0,0.0,9,42,0,Pathfinder Lost Omens Draconic Codex,20,"Time Dragon (Ancient, Spellcaster)"
1537,8,4,5,4,6,6,42,335,32,31,28,32,0,35,29.5,0,0.0,8,40,0,Pathfinder Lost Omens Draconic Codex,18,"Sky Dragon (Ancient, Spellcaster)"
1517,11,7,5,10,6,5,46,390,38,32,36,38,0,39,39.0,37,25.0,10,44,0,Pathfinder Lost Omens Draconic Codex,21,Sage Archdragon (Spellcaster)
1412,6,4,3,3,3,4,26,170,16,19,16,14,1,20,16.0,18,14.0,4,26,18,Pathfinder Lost Omens Draconic Codex,8,"Brine Dragon (Young, Spellcaster)"
1536,7,2,4,2,5,4,34,235,24,23,21,26,0,27,23.5,0,0.0,4,33,0,Pathfinder Lost Omens Draconic Codex,13,Sky Dragon (Adult)
1535,7,2,4,2,5,4,34,235,24,23,21,26,0,27,23.5,0,0.0,6,33,0,Pathfinder Lost Omens Draconic Codex,13,"Sky Dragon (Adult, Spellcaster)"
1534,9,4,5,4,6,6,46,400,38,35,33,39,0,39,36.0,0,0.0,5,44,0,Pathfinder Lost Omens Draconic Codex,21,Sky Archdragon
1533,9,4,5,4,6,6,46,400,38,35,33,39,0,39,36.0,0,0.0,10,44,0,Pathfinder Lost Omens Draconic Codex,21,Sky Archdragon (Spellcaster)
1532,5,4,3,2,3,2,27,140,15,17,18,15,0,20,20.0,0,0.0,2,26,18,Pathfinder Lost Omens Draconic Codex,8,Sea Dragon (Young)
1531,5,4,3,2,3,2,27,140,15,17,18,15,0,20,20.0,0,0.0,3,26,18,Pathfinder Lost Omens Draconic Codex,8,"Sea Dragon (Young, Spellcaster)"
1530,8,7,5,3,5,4,41,350,30,29,32,27,1,34,32.5,0,0.0,8,38,30,Pathfinder Lost Omens Draconic Codex,17,Sea Dragon (Ancient)
1529,8,7,5,3,5,4,41,350,30,29,32,27,1,34,32.5,0,0.0,8,38,30,Pathfinder Lost Omens Draconic Codex,17,"Sea Dragon (Ancient, Spellcaster)"
1511,7,4,8,5,6,4,37,275,29,32,25,29,0,28,35.5,0,0.0,8,36,0,Pathfinder Lost Omens Draconic Codex,15,"Rime Dragon (Ancient, Spellcaster)"
1512,7,4,8,5,6,4,37,275,29,32,25,29,0,28,35.5,0,0.0,5,36,0,Pathfinder Lost Omens Draconic Codex,15,Rime Dragon (Ancient)
1408,7,4,5,4,4,5,32,270,22,25,22,20,1,26,23.5,24,22.5,6,32,24,Pathfinder Lost Omens Draconic Codex,12,"Brine Dragon (Adult, Spellcaster)"
1409,7,4,5,4,4,5,32,270,22,25,22,20,1,26,23.5,24,22.5,0,0,0,Pathfinder Lost Omens Draconic Codex,12,Brine Dragon (Adult)
1538,8,4,5,4,6,6,42,335,32,31,28,32,0,35,29.5,0,0.0,4,40,0,Pathfinder Lost Omens Draconic Codex,18,Sky Dragon (Ancient)
1410,9,5,6,5,5,6,39,395,29,32,29,30,1,33,32.5,31,29.5,8,38,30,Pathfinder Lost Omens Draconic Codex,17,"Brine Dragon (Ancient, Spellcaster)"
1513,5,2,6,3,4,2,23,98,16,17,11,14,0,14,19.5,0,0.0,3,24,16,Pathfinder Lost Omens Draconic Codex,6,"Rime Dragon (Young, Spellcaster)"
1514,5,2,6,3,4,2,23,98,16,17,11,14,0,14,19.5,0,0.0,0,0,0,Pathfinder Lost Omens Draconic Codex,6,Rime Dragon (Young)
1515,7,7,8,9,7,6,49,460,39,37,35,39,0,41,33.0,0,0.0,10,46,38,Pathfinder Lost Omens Draconic Codex,21,Rune Archdragon (Spellcaster)
1528,6,5,4,2,4,3,32,225,21,22,25,20,1,26,25.5,0,0.0,8,32,24,Pathfinder Lost Omens Draconic Codex,12,Sea Dragon (Adult)
1516,7,7,8,9,7,6,49,460,39,37,35,39,0,41,33.0,0,0.0,0,0,0,Pathfinder Lost Omens Draconic Codex,21,Rune Archdragon
1527,6,5,4,2,4,3,32,225,21,22,25,20,1,26,25.5,0,0.0,8,32,24,Pathfinder Lost Omens Draconic Codex,12,"Sea Dragon (Adult, Spellcaster)"
1518,11,7,5,10,6,5,46,390,38,32,36,38,0,39,39.0,37,25.0,10,44,0,Pathfinder Lost Omens Draconic Codex,21,Sage Archdragon
1519,6,5,3,8,4,3,34,230,26,22,24,26,0,27,25.5,25,16.5,7,33,0,Pathfinder Lost Omens Draconic Codex,13,"Sage Dragon (Adult, Spellcaster)"
1520,6,5,3,8,4,3,34,230,26,22,24,26,0,27,25.5,25,16.5,7,33,0,Pathfinder Lost Omens Draconic Codex,13,Sage Dragon (Adult)
1521,10,6,4,9,5,4,42,330,33,27,31,33,0,35,31.5,33,20.5,9,40,0,Pathfinder Lost Omens Draconic Codex,18,"Sage Dragon (Ancient, Spellcaster)"
1522,10,6,4,9,5,4,42,330,33,27,31,33,0,35,31.5,33,20.5,9,40,0,Pathfinder Lost Omens Draconic Codex,18,Sage Dragon (Ancient)
1523,4,4,2,6,3,2,28,150,21,15,17,19,0,21,17.0,19,11.0,5,28,0,Pathfinder Lost Omens Draconic Codex,9,"Sage Dragon (Young, Spellcaster)"
1524,4,4,2,6,3,2,28,150,21,15,17,19,0,21,17.0,19,11.0,5,28,0,Pathfinder Lost Omens Draconic Codex,9,Sage Dragon (Young)
1411,9,5,6,5,5,6,39,395,29,32,29,30,1,33,32.5,31,29.5,0,0,0,Pathfinder Lost Omens Draconic Codex,17,Brine Dragon (Ancient)
1539,6,1,3,1,4,3,28,155,19,18,16,21,0,21,17.0,0,0.0,4,28,0,Pathfinder Lost Omens Draconic Codex,9,"Sky Dragon (Young, Spellcaster)"
1540,6,1,3,1,4,3,28,155,19,18,16,21,0,21,17.0,0,0.0,2,28,0,Pathfinder Lost Omens Draconic Codex,9,Sky Dragon (Young)
1541,12,6,8,7,9,11,50,520,37,41,42,44,0,42,45.0,0,0.0,10,46,0,Pathfinder Lost Omens Draconic Codex,21,Sovereign Archdragon (Spellcaster)
1559,7,4,8,5,4,3,36,342,26,30,25,27,0,30,28.5,0,0.0,8,36,0,Pathfinder Lost Omens Draconic Codex,15,"Time Dragon (Adult, Spellcaster)"
1558,10,7,12,9,7,6,48,570,38,44,37,40,0,43,38.0,0,0.0,10,42,0,Pathfinder Lost Omens Draconic Codex,21,Time Archdragon
1557,10,7,12,9,7,6,48,570,38,44,37,40,0,43,38.0,0,0.0,10,42,0,Pathfinder Lost Omens Draconic Codex,21,Time Archdragon (Spellcaster)
1556,4,6,3,3,3,2,28,155,18,18,21,15,0,21,19.0,21,19.0,3,28,0,Pathfinder Lost Omens Draconic Codex,9,Stormcrown Dragon (Young)
1555,4,6,3,3,3,2,28,155,18,18,21,15,0,21,19.0,21,19.0,4,28,0,Pathfinder Lost Omens Draconic Codex,9,"Stormcrown Dragon (Young, Spellcaster)"
1554,6,9,5,5,5,4,42,360,30,33,33,30,0,35,29.5,35,29.5,8,40,0,Pathfinder Lost Omens Draconic Codex,18,Stormcrown Dragon (Ancient)
1553,6,9,5,5,5,4,42,360,30,33,33,30,0,35,29.5,35,29.5,8,40,0,Pathfinder Lost Omens Draconic Codex,18,"Stormcrown Dragon (Ancient, Spellcaster)"
1552,5,8,4,4,4,3,34,254,23,23,26,20,0,27,26.5,27,27.5,6,33,0,Pathfinder Lost Omens Draconic Codex,13,Stormcrown Dragon (Adult)
1551,5,8,4,4,4,3,34,254,23,23,26,20,0,27,26.5,27,27.5,6,33,0,Pathfinder Lost Omens Draconic Codex,13,"Stormcrown Dragon (Adult, Spellcaster)"
1550,8,11,6,6,6,5,46,450,38,37,39,33,0,41,36.0,41,36.0,10,44,0,Pathfinder Lost Omens Draconic Codex,21,Stormcrown Archdragon
1549,8,11,6,6,6,5,46,450,38,37,39,33,0,41,36.0,41,36.0,10,44,0,Pathfinder Lost Omens Draconic Codex,21,Stormcrown Archdragon (Spellcaster)
1548,7,3,5,3,5,6,31,195,22,22,18,24,0,24,20.0,0,0.0,4,30,0,Pathfinder Lost Omens Draconic Codex,11,Sovereign Dragon (Young)
1547,7,3,5,3,5,6,31,195,22,22,18,24,0,24,20.0,0,0.0,4,30,0,Pathfinder Lost Omens Draconic Codex,11,"Sovereign Dragon (Young, Spellcaster)"
1546,10,5,7,5,8,9,45,410,36,35,31,36,0,38,36.0,0,0.0,5,42,0,Pathfinder Lost Omens Draconic Codex,20,Sovereign Dragon (Ancient)
1545,10,5,7,5,8,9,45,410,36,35,31,36,0,38,36.0,0,0.0,9,42,0,Pathfinder Lost Omens Draconic Codex,20,"Sovereign Dragon (Ancient, Spellcaster)"
1544,8,4,6,4,6,7,37,275,29,27,23,29,0,30,27.5,0,0.0,5,36,0,Pathfinder Lost Omens Draconic Codex,15,Sovereign Dragon (Adult)
1543,8,4,6,4,6,7,37,275,29,27,23,29,0,30,27.5,0,0.0,6,36,0,Pathfinder Lost Omens Draconic Codex,15,"Sovereign Dragon (Adult, Spellcaster)"
1542,12,6,8,7,9,11,50,520,37,41,42,44,0,42,45.0,0,0.0,10,46,0,Pathfinder Lost Omens Draconic Codex,21,Sovereign Archdragon
1525,10,8,6,5,6,6,44,450,36,34,38,33,1,34,32.5,0,0.0,10,42,0,Pathfinder Lost Omens Draconic Codex,20,Sea Archdragon (Spellcaster)
1526,10,8,6,5,6,6,44,450,36,34,38,33,1,34,32.5,0,0.0,8,42,0,Pathfinder Lost Omens Draconic Codex,20,Sea Archdragon
5018,6,4,4,1,4,3,28,160,18,21,21,19,1,21,22.0,0,0.0,7,28,20,Pathfinder Society Scenario #7-05: Battle of the Thorns,9,Thoroughbred Nightmare
5017,5,4,5,2,3,4,28,150,18,20,19,16,1,21,18.0,0,0.0,4,25,20,Pathfinder Society Scenario #7-05: Battle of the Thorns,9,Kizrech
5016,5,4,5,2,3,4,31,190,21,23,22,19,1,24,21.0,0,0.0,4,27,22,Pathfinder Society Scenario #7-05: Battle of the Thorns,11,Kizrech (11-12)
5235,3,5,3,7,5,5,30,195,22,18,22,24,0,22,28.5,0,0.0,6,30,22,Pathfinder #219: Lord of the Trinity Star,11,Risen Runelord (Gluttony)
5236,3,5,3,7,5,5,30,195,22,18,22,24,0,22,28.5,0,0.0,6,30,22,Pathfinder #219: Lord of the Trinity Star,11,Risen Runelord (Greed)
5237,3,5,3,7,5,5,30,195,22,18,22,24,0,22,28.5,0,0.0,6,30,22,Pathfinder #219: Lord of the Trinity Star,11,Risen Runelord (Lust)
5238,3,5,3,7,5,5,30,195,22,18,22,24,0,22,28.5,0,0.0,6,30,22,Pathfinder #219: Lord of the Trinity Star,11,Risen Runelord (Pride)
5239,3,5,3,7,5,5,30,195,22,18,22,24,0,22,28.5,0,0.0,6,30,22,Pathfinder #219: Lord of the Trinity Star,11,Risen Runelord (Sloth)
5240,3,5,3,7,5,5,30,195,22,18,22,24,0,22,28.5,0,0.0,6,30,22,Pathfinder #219: Lord of the Trinity Star,11,Risen Runelord (Wrath)
5241,3,3,0,4,3,1,26,130,15,13,16,18,0,16,14.0,0,0.0,4,26,18,Pathfinder #219: Lord of the Trinity Star,8,Trinity Initiate
5242,6,5,4,4,5,6,31,195,22,18,23,22,1,24,26.5,0,0.0,5,30,22,Pathfinder #219: Lord of the Trinity Star,11,Vesinra
5233,9,4,7,-3,6,0,37,300,27,32,23,26,0,32,40.5,0,0.0,0,0,0,Pathfinder #219: Lord of the Trinity Star,15,Pyroclastic Mukradi
5229,8,5,6,8,6,4,35,252,26,26,27,28,0,28,29.0,0,0.0,7,34,26,Pathfinder #219: Lord of the Trinity Star,14,Kandirvek
5232,7,5,6,1,5,5,32,215,23,25,22,20,0,26,25.5,0,0.0,0,0,0,Pathfinder #219: Lord of the Trinity Star,12,Pridespawn Sentinel
5228,6,5,6,1,5,3,30,180,19,22,19,17,0,23,24.5,0,0.0,0,0,0,Pathfinder #219: Lord of the Trinity Star,10,Greedspawn
5227,8,5,7,5,4,6,35,320,25,29,25,26,0,31,34.5,0,0.0,6,39,31,Pathfinder #219: Lord of the Trinity Star,14,Gavergash
5226,8,5,5,5,8,4,34,200,26,24,22,27,0,27,27.5,0,0.0,7,33,25,Pathfinder #219: Lord of the Trinity Star,13,Eron of Jandelay
5225,0,3,1,4,3,5,29,195,24,17,21,21,3,19,9.0,0,0.0,6,30,22,Pathfinder #219: Lord of the Trinity Star,11,Ayavah
5234,3,5,3,7,5,5,30,195,22,18,22,24,0,22,28.5,0,0.0,6,30,22,Pathfinder #219: Lord of the Trinity Star,11,Risen Runelord (Envy)
5230,7,5,4,4,7,5,32,160,25,20,23,25,0,26,26.5,0,0.0,4,29,21,Pathfinder #219: Lord of the Trinity Star,12,Misery Siktempora
5231,8,6,5,-2,5,4,34,320,25,25,28,23,0,29,27.5,0,0.0,0,0,0,Pathfinder #219: Lord of the Trinity Star,14,Natbakh
5668,1,3,2,-5,1,-2,15,6,6,4,7,2,0,5,3.5,7,2.5,0,0,0,Pathfinder Game Night: Dawn of the Frogs,-1,Swamp Beetle
5669,2,2,3,-4,1,-2,15,24,6,8,7,4,0,7,4.5,0,0.0,0,0,0,Pathfinder Game Night: Dawn of the Frogs,1,Young Monitor Lizard
5670,3,4,3,-5,3,-5,17,20,8,6,9,6,0,8,6.5,0,0.0,0,0,0,Pathfinder Game Night: Dawn of the Frogs,1,Giant Swamp Fly
5672,4,2,4,-4,0,0,17,35,6,10,6,4,0,11,8.5,9,0.0,0,0,0,Pathfinder Game Night: Dawn of the Frogs,2,Two Tusk
5673,1,2,3,-1,1,0,14,9,5,7,4,3,0,6,0.0,6,3.5,0,0,0,Pathfinder Game Night: Dawn of the Frogs,-1,Boggard Guard
5674,3,0,2,0,4,3,18,40,11,9,7,11,0,10,10.5,0,0.0,2,21,11,Pathfinder Game Night: Dawn of the Frogs,3,Zungur
5671,2,4,2,-1,2,0,18,30,6,8,10,6,0,10,5.5,10,5.5,0,0,0,Pathfinder Game Night: Dawn of the Frogs,2,Leather Cap
1871,6,2,4,-5,0,-5,25,95,13,17,13,11,0,18,17.0,0,0.0,0,0,0,Pathfinder #218: Titanbane,7,Painted Soldier (Ominous Graffiti)
1870,6,3,4,-5,1,-5,27,120,17,18,15,13,0,20,20.0,0,0.0,0,0,0,Pathfinder #218: Titanbane,8,Painted Ram
1862,6,4,5,-4,3,0,26,135,15,17,15,14,0,20,18.0,0,0.0,0,0,0,Pathfinder #218: Titanbane,8,Leviathan Louse
1869,6,3,4,-5,3,-5,28,138,18,20,18,16,0,21,17.0,18,16.0,0,0,0,Pathfinder #218: Titanbane,9,Painted Pontifex
1868,7,5,4,-5,5,-5,30,155,19,22,18,20,0,24,22.0,0,0.0,0,0,0,Pathfinder #218: Titanbane,10,Painted Landscape
1867,4,3,3,-5,-1,2,23,60,14,14,14,8,0,15,12.0,0,0.0,0,0,0,Pathfinder #218: Titanbane,5,Painted Griffon
1866,6,3,3,0,2,0,24,115,15,18,15,12,0,16,25.5,0,0.0,0,0,0,Pathfinder #218: Titanbane,7,Mutated Centaur
1865,1,4,2,0,0,6,24,90,15,12,15,18,1,13,13.0,0,0.0,5,25,17,Pathfinder #218: Titanbane,7,Merfolk Wavecaller
1872,6,2,4,-5,0,-5,25,95,13,17,13,11,0,17,15.0,0,0.0,0,0,0,Pathfinder #218: Titanbane,7,Painted Soldier
1873,3,7,5,3,4,7,30,175,20,16,22,18,1,23,18.0,23,18.0,5,29,21,Pathfinder #218: Titanbane,10,Pendidia
1861,5,4,3,6,4,3,27,155,19,16,19,17,0,20,26.0,0,0.0,0,0,0,Pathfinder #218: Titanbane,9,Kerinelopas
1879,-5,5,0,3,4,7,29,140,22,16,23,19,0,23,26.0,0,0.0,4,29,21,Pathfinder #218: Titanbane,10,Vengeful Shade
1878,4,5,4,2,3,3,26,140,16,19,19,16,1,20,13.0,0,0.0,0,0,0,Pathfinder #218: Titanbane,8,Ungkore Bounty Hunter
1877,3,2,2,0,6,1,26,140,19,16,16,21,0,18,13.0,0,0.0,4,30,22,Pathfinder #218: Titanbane,8,Ulshuk
1876,3,4,3,6,2,3,27,130,16,19,18,16,0,19,17.0,19,11.0,0,0,0,Pathfinder #218: Titanbane,8,Tsemone
1875,6,4,5,1,4,3,31,165,24,25,21,24,0,0,0.0,0,0.0,0,0,0,Pathfinder #218: Titanbane,11,Sylirican Phalanx
1850,6,3,4,1,1,4,24,170,15,21,16,14,0,20,20.0,19,22.0,0,0,0,Pathfinder #218: Titanbane,8,Akki (Level 8)
1851,6,0,4,7,5,3,29,175,21,18,16,21,0,23,21.0,16,15.0,0,0,0,Pathfinder #218: Titanbane,10,Cyclops Seeker
1863,5,-2,5,-5,0,-5,23,75,13,16,9,9,0,15,14.5,0,0.0,0,0,0,Pathfinder #218: Titanbane,5,Living Statue
1852,5,3,4,0,1,0,24,130,18,18,12,12,0,13,13.0,0,0.0,0,0,0,Pathfinder #218: Titanbane,7,Deathless Pirate
1854,-5,4,0,2,4,5,25,80,16,15,18,17,0,18,17.0,0,0.0,0,0,0,Pathfinder #218: Titanbane,7,Deianire
1855,6,2,4,-3,2,0,27,135,16,18,16,14,0,21,27.0,0,0.0,5,25,17,Pathfinder #218: Titanbane,9,Encymion
1856,3,5,4,2,2,4,27,115,21,18,21,18,0,21,17.0,21,17.0,0,0,0,Pathfinder #218: Titanbane,9,Exthenios
1857,2,7,4,3,4,2,29,175,22,19,22,20,3,21,14.5,25,19.0,3,29,21,Pathfinder #218: Titanbane,10,Eylthia
1858,5,-1,6,-3,3,2,25,115,16,17,12,16,0,18,14.0,16,13.5,0,0,0,Pathfinder #218: Titanbane,7,Eylthia's Basilisk
1859,4,5,0,-1,4,4,28,150,17,15,20,17,0,0,0.0,0,0.0,0,0,0,Pathfinder #218: Titanbane,9,Gale Frenzy
1860,2,2,4,3,2,6,24,126,15,15,13,17,3,16,16.5,0,0.0,4,29,21,Pathfinder #218: Titanbane,7,Iapholi
1853,4,4,3,2,3,2,23,70,14,13,16,11,0,15,9.5,15,9.5,0,0,0,Pathfinder #218: Titanbane,6,Deck Crew
1864,8,2,8,-4,3,3,36,255,26,28,22,26,0,28,33.5,0,0.0,0,0,0,Pathfinder #218: Titanbane,14,Mammoth Squid
1874,2,5,3,2,3,6,30,220,23,18,24,24,0,22,22.5,0,0.0,6,32,22,Pathfinder #218: Titanbane,11,Pteios
5014,0,5,4,3,4,7,26,100,18,15,18,17,1,18,15.0,18,14.0,3,28,20,Pathfinder Society Scenario #7-03: A Foot in the Door,7,Timonithaea
5013,0,5,4,3,4,7,29,135,21,18,21,20,1,21,17.0,21,17.5,5,31,21,Pathfinder Society Scenario #7-03: A Foot in the Door,9,Timonithaea (7-9)
5012,4,2,2,0,2,2,22,75,13,11,11,13,0,15,10.5,13,8.5,0,0,0,Pathfinder Society Scenario #7-03: A Foot in the Door,5,Naiad Water Guardian
5011,4,4,2,2,-1,4,24,110,14,13,17,12,0,18,13.5,17,11.5,0,0,0,Pathfinder Society Scenario #7-03: A Foot in the Door,7,Naiad Water Defender
5007,4,2,0,1,2,3,23,90,12,12,12,14,0,17,13.5,0,0.0,0,0,0,Pathfinder Society Scenario #7-03: A Foot in the Door,6,Naiad Commander
5008,4,3,3,-1,2,0,23,110,14,15,15,12,0,17,15.5,0,0.0,0,0,0,Pathfinder Society Scenario #7-03: A Foot in the Door,6,Naiad Raider
5009,3,4,1,0,3,0,21,60,13,9,12,11,0,13,11.5,14,7.5,0,0,0,Pathfinder Society Scenario #7-03: A Foot in the Door,4,Naiad Ship Hunter
5010,3,3,2,0,2,0,17,50,9,9,12,6,0,12,7.5,0,0.0,0,0,0,Pathfinder Society Scenario #7-03: A Foot in the Door,3,Naiad Warrior
5015,0,3,0,2,2,3,21,70,12,10,14,12,0,15,12.0,0,0.0,0,0,0,Pathfinder Society Scenario #7-04: Sulfuric Negotiations,4,Diabolic Messenger
5000,4,3,0,1,2,0,20,38,9,7,10,9,0,11,8.5,10,4.5,0,0,0,Pathfinder Society Scenario #7-02: Shipyard Sabotage,3,Athamaru Pirate
5001,4,3,0,1,2,0,20,23,9,7,10,9,0,11,8.5,10,4.5,0,0,0,Pathfinder Society Scenario #7-02: Shipyard Sabotage,3,Athamaru Swab
5005,0,3,1,0,-1,1,16,8,5,5,7,3,0,7,3.5,7,3.5,0,0,0,Pathfinder Society Scenario #7-02: Shipyard Sabotage,-1,Pirate Goblin
5004,4,2,3,-4,1,-2,18,60,8,12,9,6,0,11,8.5,0,0.0,0,0,0,Pathfinder Society Scenario #7-02: Shipyard Sabotage,3,King Pirate Gorilla
5003,3,3,2,-1,0,2,17,18,5,7,8,5,0,8,7.5,8,3.5,0,0,0,Pathfinder Society Scenario #7-02: Shipyard Sabotage,1,Goblin Rigger
5002,2,4,1,0,1,2,18,30,8,6,11,8,0,13,7.5,0,0.0,0,0,0,Pathfinder Society Scenario #7-02: Shipyard Sabotage,3,Captain Conziva
5006,4,2,3,-4,1,-2,16,30,8,10,7,4,0,9,6.5,0,0.0,0,0,0,Pathfinder Society Scenario #7-02: Shipyard Sabotage,2,Pirate Gorilla
385,0,6,2,4,1,2,24,120,15,15,18,12,0,0,0.0,0,0.0,0,0,0,Pathfinder Battlecry!,7,Ratfolk Shank Squad
386,4,6,4,2,2,3,29,165,19,18,22,17,0,0,0.0,0,0.0,0,0,0,Pathfinder Battlecry!,10,Redcap Brigade
387,0,5,2,0,0,4,23,90,14,11,17,14,0,0,0.0,0,0.0,3,21,15,Pathfinder Battlecry!,6,Scamp Avalanche
388,0,5,2,0,0,4,23,90,14,11,17,14,0,0,0.0,0,0.0,2,21,15,Pathfinder Battlecry!,6,Scamp Flood
389,0,5,2,0,0,4,23,90,14,11,17,14,0,0,0.0,0,0.0,3,21,15,Pathfinder Battlecry!,6,Scamp Inferno
390,0,5,2,0,0,4,23,90,14,11,17,14,0,0,0.0,0,0.0,1,21,15,Pathfinder Battlecry!,6,Scamp Shrapnel
391,0,5,2,0,0,4,23,90,14,11,17,14,0,0,0.0,0,0.0,2,21,15,Pathfinder Battlecry!,6,Scamp Tangle
392,0,5,2,0,0,4,23,90,14,11,17,14,0,0,0.0,0,0.0,2,21,15,Pathfinder Battlecry!,6,Scamp Whirlwind
395,8,5,3,3,4,3,33,240,23,23,21,25,0,0,0.0,0,0.0,4,33,26,Pathfinder Battlecry!,13,Vanth Guardian Flock
394,4,2,1,-5,1,0,23,90,11,17,14,11,0,0,0.0,0,0.0,0,0,0,Pathfinder Battlecry!,6,Skeleton Mob
396,7,3,5,1,1,1,30,195,21,24,21,18,0,0,0.0,0,0.0,0,0,0,Pathfinder Battlecry!,11,Viking Guard
397,5,5,7,2,3,2,29,180,19,22,19,16,0,0,0.0,0,0.0,4,26,0,Pathfinder Battlecry!,10,Vordine Legion
398,6,2,4,0,3,2,27,150,18,21,15,18,0,0,0.0,0,0.0,0,0,0,Pathfinder Battlecry!,9,Wight Battalion
399,2,4,3,-4,4,-2,23,90,17,14,17,11,0,0,0.0,0,0.0,0,0,0,Pathfinder Battlecry!,6,Wolf Pack
384,5,3,2,0,1,2,23,90,14,17,14,11,0,0,0.0,0,0.0,0,0,0,Pathfinder Battlecry!,6,Qadiran Camel Corps
401,8,2,5,-1,4,3,33,240,23,29,20,23,0,0,0.0,0,0.0,0,0,0,Pathfinder Battlecry!,13,Xulgath Dinosaur Cavalry
402,4,7,3,1,3,1,30,195,21,21,24,18,0,0,0.0,0,0.0,0,0,0,Pathfinder Battlecry!,11,Zecui Horde
357,7,3,5,-5,5,-5,30,195,21,24,21,18,0,0,0.0,0,0.0,0,0,0,Pathfinder Battlecry!,11,Clockwork Infantry
400,5,3,3,0,1,0,23,99,14,17,14,11,0,0,0.0,0,0.0,0,0,0,Pathfinder Battlecry!,6,Xulgath Army
393,6,3,4,1,2,1,27,150,19,21,18,15,0,0,0.0,0,0.0,0,0,0,Pathfinder Battlecry!,9,Sinswarm
381,9,6,9,2,4,4,39,315,29,32,29,26,0,0,0.0,0,0.0,5,38,0,Pathfinder Battlecry!,17,Omox Slime Pool
356,4,6,3,0,3,1,26,135,16,15,19,15,0,0,0.0,0,0.0,0,0,0,Pathfinder Battlecry!,8,Charau-ka Shrieker Crew
355,5,4,2,0,2,0,23,90,19,17,14,11,0,0,0.0,0,0.0,0,0,0,Pathfinder Battlecry!,6,Boggard Scouting Party
354,5,4,5,1,2,1,29,180,19,21,19,16,0,0,0.0,0,0.0,0,0,0,Pathfinder Battlecry!,10,Boggard Dreadknot
353,6,2,9,3,5,5,37,300,30,30,25,28,0,0,0.0,0,0.0,5,34,26,Pathfinder Battlecry!,16,Archon Bastion
352,4,7,3,1,5,1,32,210,22,19,25,22,0,0,0.0,0,0.0,0,0,0,Pathfinder Battlecry!,12,Archer Regiment
351,5,1,5,2,5,1,27,150,18,20,16,18,0,0,0.0,0,0.0,0,0,0,Pathfinder Battlecry!,9,Arboreal Copse
350,0,4,1,5,1,2,21,75,12,9,12,15,0,0,0.0,0,0.0,3,22,15,Pathfinder Battlecry!,5,Apprentice Magician Clique
349,6,0,6,-5,0,-5,27,120,13,16,14,13,0,0,0.0,0,0.0,0,0,0,Pathfinder Battlecry!,8,Animated Army
348,2,5,3,3,4,7,32,210,22,19,22,25,0,0,0.0,0,0.0,6,19,24,Pathfinder Battlecry!,12,Angelic Chorus
359,4,4,6,-4,2,3,24,120,15,18,15,12,0,0,0.0,0,0.0,0,0,0,Pathfinder Battlecry!,7,Deinonychus Pack
360,6,8,4,-4,3,-1,36,270,25,24,28,23,0,0,0.0,0,0.0,0,0,0,Pathfinder Battlecry!,15,Dezullon Thicket
361,8,5,4,-2,2,1,33,240,23,26,23,20,0,0,0.0,0,0.0,0,0,0,Pathfinder Battlecry!,13,Drake Flight
362,5,4,2,0,2,0,23,90,14,14,17,11,0,0,0.0,0,0.0,0,0,0,Pathfinder Battlecry!,6,Dromaar Company
363,1,4,1,2,7,4,32,210,22,19,22,25,0,0,0.0,0,0.0,6,32,26,Pathfinder Battlecry!,12,Druid Circle
364,1,7,5,3,1,0,29,180,22,19,22,16,0,0,0.0,0,0.0,0,0,0,Pathfinder Battlecry!,10,Dwarf Longshot Squad (Guns)
365,1,7,5,3,1,0,29,180,22,19,22,16,0,0,0.0,0,0.0,0,0,0,Pathfinder Battlecry!,10,Dwarf Longshot Squad
366,8,4,5,0,2,0,33,240,23,26,23,20,0,0,0.0,0,0.0,0,0,0,Pathfinder Battlecry!,13,First-Class Infantry
380,7,5,6,0,2,0,36,270,26,29,24,25,0,0,0.0,0,0.0,0,0,0,Pathfinder Battlecry!,15,Ofalth Stampede
379,8,5,2,2,4,1,35,270,28,28,26,25,0,0,0.0,0,0.0,0,0,0,Pathfinder Battlecry!,14,Monk Cadre
378,0,5,1,-1,2,-1,20,60,14,8,14,11,0,0,0.0,0,0.0,2,18,0,Pathfinder Battlecry!,4,Mitflit Vermin Cavalry
377,1,5,0,9,6,4,41,330,30,27,30,33,0,0,0.0,0,0.0,9,40,35,Pathfinder Battlecry!,18,Lich Legion
376,7,5,1,3,5,3,35,255,25,22,25,28,0,0,0.0,0,0.0,4,34,0,Pathfinder Battlecry!,14,Leukodaemon Plague
375,1,4,0,0,2,2,20,60,11,8,14,11,0,0,0.0,0,0.0,0,0,0,Pathfinder Battlecry!,4,Kobold Trap Squad
382,5,4,4,0,1,1,21,75,15,10,15,12,0,0,0.0,0,0.0,0,0,0,Pathfinder Battlecry!,5,Orc Raiding Party
374,6,3,4,0,3,1,27,150,18,19,15,19,0,0,0.0,0,0.0,0,0,0,Pathfinder Battlecry!,9,Hobgoblin Veteran Regiment
372,0,4,1,3,1,6,26,135,16,13,16,19,0,0,0.0,0,0.0,4,23,20,Pathfinder Battlecry!,8,Halfling Lucky Draw
371,1,5,2,0,1,1,20,60,11,11,14,8,0,0,0.0,0,0.0,0,0,0,Pathfinder Battlecry!,4,Goblin Rabble
370,0,4,2,6,2,1,24,120,15,12,15,18,0,0,0.0,0,0.0,0,0,0,Pathfinder Battlecry!,7,Gnome Cannon Corps
369,6,2,6,-4,2,-4,24,120,15,17,14,12,0,0,0.0,0,0.0,0,0,0,Pathfinder Battlecry!,7,Giant Ant Army
368,4,3,4,-2,3,-2,28,150,18,20,17,17,0,0,0.0,0,0.0,0,0,0,Pathfinder Battlecry!,9,Gargoyle Wing
367,6,2,5,-5,0,0,26,135,16,19,14,13,0,0,0.0,0,0.0,0,0,0,Pathfinder Battlecry!,8,Fleshwarp Amalgam
373,6,4,3,-2,3,-2,26,135,16,16,17,14,0,0,0.0,0,0.0,0,0,0,Pathfinder Battlecry!,8,Hell Hound Pack
383,4,6,4,0,2,4,32,210,21,22,25,19,0,0,0.0,0,0.0,4,29,0,Pathfinder Battlecry!,12,Protean Tumult
358,2,6,0,-5,5,-5,21,75,12,9,15,9,0,0,0.0,0,0.0,0,0,0,Pathfinder Battlecry!,5,Clockwork Runner Pack
1837,6,1,4,0,3,1,24,140,16,17,12,14,0,18,19.5,0,0.0,0,0,0,Pathfinder #217: Death Sails a Wine-Dark Sea,7,Firehoof Minotaur
1834,11,8,10,6,10,6,48,540,43,39,33,36,0,42,42.0,39,40.0,10,47,37,Pathfinder #217: Death Sails a Wine-Dark Sea,21,Amnerion
1835,1,3,4,-5,0,1,18,40,11,12,9,6,0,12,10.5,0,0.0,0,0,0,Pathfinder #217: Death Sails a Wine-Dark Sea,3,Bee Borer
1836,4,6,2,2,3,3,24,80,18,12,17,13,0,17,15.5,0,0.0,7,24,16,Pathfinder #217: Death Sails a Wine-Dark Sea,6,Eumenid
1849,5,1,3,-1,3,0,22,75,12,12,10,10,0,14,12.0,0,0.0,0,0,0,Pathfinder #217: Death Sails a Wine-Dark Sea,5,Withered Flame Drake
1838,3,5,2,4,1,3,20,65,14,10,14,9,0,13,12.0,0,0.0,0,0,0,Pathfinder #217: Death Sails a Wine-Dark Sea,4,Forgotten Dead
1839,5,4,3,-5,2,3,20,60,12,14,12,7,0,12,14.0,0,0.0,0,0,0,Pathfinder #217: Death Sails a Wine-Dark Sea,4,Gigantic Bee Drone
1840,4,3,4,-5,3,2,21,60,14,14,12,8,0,13,11.0,0,0.0,0,0,0,Pathfinder #217: Death Sails a Wine-Dark Sea,4,Gigantic Bee Guard
1842,5,3,4,-3,3,3,23,100,18,16,13,11,0,16,14.0,0,0.0,0,0,0,Pathfinder #217: Death Sails a Wine-Dark Sea,6,Keribos
1843,3,5,3,-5,2,4,20,60,11,11,14,8,0,13,12.0,13,12.0,0,0,0,Pathfinder #217: Death Sails a Wine-Dark Sea,4,Lava Spitter
1841,5,3,4,-5,3,3,23,115,15,17,11,14,0,17,15.0,15,0.0,0,0,0,Pathfinder #217: Death Sails a Wine-Dark Sea,6,Gigantic Bee Royal Guardian
1845,6,2,4,-1,3,3,27,140,21,18,16,13,0,18,18.5,0,0.0,0,0,0,Pathfinder #217: Death Sails a Wine-Dark Sea,8,Omorphos
1846,4,3,3,4,6,4,27,132,18,15,13,18,0,18,19.0,20,17.0,0,0,0,Pathfinder #217: Death Sails a Wine-Dark Sea,8,Pyrkaion
1847,4,4,1,-1,2,1,19,25,8,5,10,6,0,10,8.5,0,0.0,0,0,0,Pathfinder #217: Death Sails a Wine-Dark Sea,2,Skeletal Champion
1848,4,1,3,4,5,2,21,75,16,12,10,14,0,13,10.5,12,7.5,0,0,0,Pathfinder #217: Death Sails a Wine-Dark Sea,5,Vornen
1844,6,1,3,5,4,4,27,135,18,16,14,19,0,20,16.0,0,0.0,5,27,19,Pathfinder #217: Death Sails a Wine-Dark Sea,8,Neshkefru
4945,1,4,2,5,1,7,32,250,25,20,19,25,0,24,26.5,22,20.5,0,0,0,Pathfinder Society Scenario #6-20: The Overthrow of Ambition,12,"Hesla, The Broken Ember"
4944,1,4,2,5,1,8,35,296,28,23,22,28,0,27,29.5,25,23.5,0,0,0,Pathfinder Society Scenario #6-20: The Overthrow of Ambition,14,"Hesla, The Broken Ember (11-12)"
4943,0,6,4,-5,2,-1,22,80,15,14,18,10,0,0,0.0,0,0.0,0,0,0,Pathfinder Society Scenario #6-20: The Overthrow of Ambition,7,Harbinger of Ingalor
4942,0,6,4,-5,3,-1,25,107,18,17,21,12,0,0,0.0,0,0.0,0,0,0,Pathfinder Society Scenario #6-20: The Overthrow of Ambition,9,Harbinger of Ingalor (11-12)
1825,1,3,4,-3,2,1,15,24,7,10,8,6,0,7,4.5,0,0.0,0,0,0,Pathfinder #216: The Acropolis Pyre,1,Pyrefowl
1822,3,3,2,-4,2,0,18,32,8,8,9,6,0,9,6.5,0,0.0,0,0,0,Pathfinder #216: The Acropolis Pyre,2,Mythic Hippogriff
1823,3,4,2,-1,3,0,20,48,11,8,12,11,0,12,16.0,0,0.0,0,0,0,Pathfinder #216: The Acropolis Pyre,4,Mythic Phoenix Flame
1824,0,2,3,1,-1,4,16,19,4,8,7,4,0,7,2.5,7,3.5,1,17,9,Pathfinder #216: The Acropolis Pyre,1,Phermeina
1826,2,3,3,-4,3,0,16,14,6,8,7,4,0,0,0.0,0,0.0,0,0,0,Pathfinder #216: The Acropolis Pyre,0,Riptide Octopus Swarm
1830,0,4,0,-4,2,0,16,20,8,6,10,6,0,0,0.0,0,0.0,0,0,0,Pathfinder #216: The Acropolis Pyre,2,Tern Flock
1828,4,4,1,0,1,3,17,30,9,7,10,7,0,10,7.5,0,0.0,0,0,0,Pathfinder #216: The Acropolis Pyre,2,Sedacthy Scout
1829,4,3,3,1,2,0,18,50,9,10,8,6,0,0,0.0,0,0.0,0,0,0,Pathfinder #216: The Acropolis Pyre,3,Speiroikos
1831,0,4,1,-1,1,3,18,30,8,5,10,9,0,11,9.0,0,0.0,0,0,0,Pathfinder #216: The Acropolis Pyre,2,Torcheater
1832,-5,1,3,0,2,0,20,32,8,9,5,8,0,12,9.0,0,0.0,0,0,0,Pathfinder #216: The Acropolis Pyre,4,Xenia Spirit
1833,2,4,0,1,2,3,21,62,12,9,13,11,0,15,17.0,13,13.0,2,21,13,Pathfinder #216: The Acropolis Pyre,5,Yasmenei
1827,3,1,2,3,0,0,16,19,3,7,4,5,1,6,9.5,0,0.0,1,16,6,Pathfinder #216: The Acropolis Pyre,1,Sappil
1821,1,4,2,-3,1,1,17,17,8,7,9,4,0,9,4.5,0,0.0,0,0,0,Pathfinder #216: The Acropolis Pyre,1,Molted Reefclaw
1819,4,5,3,-2,2,0,21,62,11,11,14,8,0,13,11.0,0,0.0,1,19,11,Pathfinder #216: The Acropolis Pyre,4,Iblydan Hind
1818,-5,2,1,0,2,0,14,10,6,7,6,4,0,7,5.5,0,0.0,0,0,0,Pathfinder #216: The Acropolis Pyre,0,Enraged Spirit
1817,2,2,1,0,4,3,17,30,8,5,8,10,1,10,7.5,0,0.0,1,18,10,Pathfinder #216: The Acropolis Pyre,2,Ekleios
1816,4,3,2,-4,1,-1,18,30,8,8,11,5,0,11,8.5,0,0.0,0,0,0,Pathfinder #216: The Acropolis Pyre,2,Coralclaw
1815,3,2,1,3,4,3,20,45,12,9,8,12,0,0,0.0,0,0.0,0,0,0,Pathfinder #216: The Acropolis Pyre,4,Bureaucrat Mob
1814,1,4,2,-4,1,2,16,21,7,7,10,4,0,5,5.5,0,0.0,0,0,0,Pathfinder #216: The Acropolis Pyre,1,Bristled Reef Shark
1813,3,-3,4,-5,0,-5,17,20,6,10,3,4,0,10,7.5,0,0.0,0,0,0,Pathfinder #216: The Acropolis Pyre,2,Animated Panoply
1812,4,2,3,1,0,2,17,38,8,11,8,6,0,10,9.5,0,0.0,0,0,0,Pathfinder #216: The Acropolis Pyre,2,Akki (Level 2)
1820,2,0,2,-2,0,0,15,20,3,7,5,5,0,9,5.5,0,0.0,2,17,9,Pathfinder #216: The Acropolis Pyre,1,Metal Scamp
1081,5,0,3,-5,4,1,21,90,11,14,8,11,0,14,15.0,0,0.0,0,0,0,Pathfinder Adventure Path: Gatewalkers,4,Glimmervine
1080,2,4,2,1,1,2,22,80,15,12,15,9,0,14,5.5,0,0.0,0,0,0,Pathfinder Adventure Path: Gatewalkers,5,Ghodrak the Quick
1079,4,1,2,1,3,0,21,75,12,14,11,8,0,12,7.5,0,0.0,0,0,0,Pathfinder Adventure Path: Gatewalkers,4,Deniigi
1075,6,2,5,-5,0,-5,25,115,12,17,12,10,0,18,16.0,0,0.0,0,0,0,Pathfinder Adventure Path: Gatewalkers,7,Capstan Swabbie
1076,6,0,6,-4,1,-5,16,185,11,20,12,13,0,20,25.0,0,0.0,0,0,0,Pathfinder Adventure Path: Gatewalkers,8,Creeping Evil
1082,0,4,0,2,2,2,19,50,12,6,12,9,0,12,10.5,0,0.0,5,20,12,Pathfinder Adventure Path: Gatewalkers,3,Green Monkey
1074,0,3,0,2,5,2,22,75,15,9,12,15,0,13,10.0,0,0.0,5,25,17,Pathfinder Adventure Path: Gatewalkers,5,Aspect of Ruun
1077,4,1,4,-1,3,0,20,85,10,14,9,10,0,14,13.0,0,0.0,0,0,0,Pathfinder Adventure Path: Gatewalkers,4,Demonic Muckrager
1083,2,2,2,1,3,0,20,55,12,10,10,13,0,9,3.5,0,0.0,0,0,0,Pathfinder Adventure Path: Gatewalkers,4,Innumma
1087,0,5,4,3,4,7,26,100,18,15,18,17,1,17,13.0,0,0.0,3,28,20,Pathfinder Adventure Path: Gatewalkers,7,Pholebis
1085,5,2,4,-1,1,-2,22,80,12,15,12,9,0,14,13.0,0,0.0,0,0,0,Pathfinder Adventure Path: Gatewalkers,5,Kvernknurr
1086,4,3,4,2,2,5,24,120,17,16,15,14,0,16,14.0,0,0.0,1,23,15,Pathfinder Adventure Path: Gatewalkers,6,Myroga
1088,0,1,2,1,3,4,21,60,14,11,10,14,0,10,3.5,0,0.0,2,18,12,Pathfinder Adventure Path: Gatewalkers,4,Sakuachi
1089,6,4,3,2,3,5,25,180,16,14,17,16,0,0,0.0,0,0.0,4,28,18,Pathfinder Adventure Path: Gatewalkers,8,Sickly Eshmok
1090,2,6,4,-5,3,-2,26,125,16,16,20,13,0,0,0.0,0,0.0,0,0,0,Pathfinder Adventure Path: Gatewalkers,8,Skin Beetle Swarm
1091,1,4,2,-5,2,-2,18,55,9,9,13,7,0,13,8.5,13,7.5,0,0,0,Pathfinder Adventure Path: Gatewalkers,3,Skin Beetle
1092,0,3,0,2,5,2,22,75,15,9,12,15,0,13,10.0,0,0.0,5,25,17,Pathfinder Adventure Path: Gatewalkers,5,Stone-Breasted Owl
1094,5,3,4,1,2,1,23,119,12,16,11,12,0,18,13.0,0,0.0,0,0,0,Pathfinder Adventure Path: Gatewalkers,6,Valmar
1093,1,2,2,1,3,0,20,60,13,10,11,14,0,9,3.5,0,0.0,0,0,0,Pathfinder Adventure Path: Gatewalkers,4,Ulikuq
1084,4,2,0,1,2,3,23,90,12,12,12,14,0,17,13.5,14,9.5,0,0,0,Pathfinder Adventure Path: Gatewalkers,6,Kitari Lambossa
1095,0,3,0,2,1,4,18,55,6,5,8,10,1,10,5.5,0,0.0,2,19,10,Pathfinder Adventure Path: Gatewalkers,3,Vhisa Resgrido
1056,3,4,1,-4,2,-1,18,35,8,7,10,6,0,10,8.5,0,0.0,0,0,0,Pathfinder Adventure Path: Gatewalkers,2,Cliffhunter Pteranodon
1073,6,-3,5,-5,0,-5,24,80,11,17,11,11,0,17,18.0,0,0.0,0,0,0,Pathfinder Adventure Path: Gatewalkers,6,Apothecary's Cabinet
1116,6,-5,6,-5,3,0,24,170,16,19,11,13,0,18,21.0,7,0.0,0,0,0,Pathfinder Adventure Path: Gatewalkers,8,Yaiafineti
1115,4,3,4,-4,2,0,24,130,15,17,14,13,0,17,20.5,0,0.0,0,0,0,Pathfinder Adventure Path: Gatewalkers,7,The Guest
1114,0,1,2,1,5,4,21,60,16,11,10,14,0,12,2.5,0,0.0,4,18,12,Pathfinder Adventure Path: Gatewalkers,7,Snowy Owl
1113,5,5,7,-5,0,-5,28,245,19,24,22,17,0,22,27.5,22,22.0,0,0,0,Pathfinder Adventure Path: Gatewalkers,11,Protosoul
1111,2,4,2,5,3,2,21,75,12,9,12,15,0,0,0.0,15,13.0,2,22,14,Pathfinder Adventure Path: Gatewalkers,5,Mindmoppet
1110,4,4,2,1,4,0,25,115,17,15,17,15,0,18,12.5,18,12.5,0,0,0,Pathfinder Adventure Path: Gatewalkers,7,Ilverani Sentry
1109,6,5,3,7,5,0,30,195,22,18,22,22,0,22,21.0,22,20.0,0,0,0,Pathfinder Adventure Path: Gatewalkers,11,Ilakni
1108,1,3,1,4,3,2,28,140,18,16,18,20,0,19,9.0,19,13.0,5,28,20,Pathfinder Adventure Path: Gatewalkers,9,Etward Ritalson
1107,7,4,5,5,4,7,31,175,21,22,21,21,0,24,25.5,22,20.0,6,30,22,Pathfinder Adventure Path: Gatewalkers,11,Equendia
1106,4,2,4,5,3,3,21,90,14,15,9,12,0,13,13.0,0,0.0,0,0,0,Pathfinder Adventure Path: Gatewalkers,5,Elder Thing
1105,5,3,5,7,5,3,29,218,21,19,17,21,0,20,20.0,0,0.0,5,29,21,Pathfinder Adventure Path: Gatewalkers,10,Elder Thing Researcher
1104,2,6,4,2,4,2,24,115,15,12,18,15,0,17,17.0,16,0.0,4,25,17,Pathfinder Adventure Path: Gatewalkers,7,Dreamscraper
1103,7,4,6,4,3,3,30,98,19,19,16,13,0,21,23.0,18,16.0,0,0,0,Pathfinder Adventure Path: Gatewalkers,8,Crownbound Constellation
1102,5,2,4,-5,0,0,23,120,10,16,12,8,0,15,13.5,0,0.0,0,0,0,Pathfinder Adventure Path: Gatewalkers,6,Blackfrost Zombie
1101,6,4,5,2,4,1,28,180,21,20,18,18,0,21,20.0,0,0.0,0,0,0,Pathfinder Adventure Path: Gatewalkers,9,Blackfrost Prophet
1100,6,4,3,4,3,3,27,110,15,17,16,15,0,20,17.0,0,0.0,4,26,18,Pathfinder Adventure Path: Gatewalkers,8,Blackfrost Guecubu
1099,6,-5,6,-5,3,0,24,170,16,19,11,13,0,18,21.0,7,0.0,0,0,0,Pathfinder Adventure Path: Gatewalkers,8,Arctic Bloom
1097,7,5,5,-5,5,-5,32,145,22,22,20,18,0,24,22.0,0,0.0,3,30,22,Pathfinder Adventure Path: Gatewalkers,11,Ancient Tupilaq
1096,7,4,5,0,5,0,32,215,23,23,22,23,0,26,27.0,0,0.0,6,32,24,Pathfinder Adventure Path: Gatewalkers,12,Ainamuuren
1072,7,4,5,-3,2,-1,23,110,17,15,12,10,0,16,14.0,0,0.0,0,0,0,Pathfinder Adventure Path: Gatewalkers,6,Alkoasha
1112,-5,5,4,4,4,6,28,145,21,19,21,22,1,22,22.5,0,0.0,6,30,22,Pathfinder Adventure Path: Gatewalkers,11,Ogmunzorius
1070,2,3,2,-2,3,1,16,25,9,8,10,5,0,9,6.5,0,0.0,0,0,0,Pathfinder Adventure Path: Gatewalkers,1,Temagyr
1053,5,1,4,-3,4,0,21,72,14,14,11,14,0,13,13.0,14,13.0,0,0,0,Pathfinder Adventure Path: Gatewalkers,4,Amelekana
1054,2,2,0,0,4,2,18,40,11,8,8,11,1,9,5.5,0,0.0,1,18,10,Pathfinder Adventure Path: Gatewalkers,2,Bolan Nogasso
1055,4,2,1,0,2,1,20,40,9,8,9,9,0,11,7.5,0,0.0,0,0,0,Pathfinder Adventure Path: Gatewalkers,3,Captain Salah
1057,2,4,0,-2,4,0,16,15,6,4,6,8,0,6,4.5,5,4.5,1,16,8,Pathfinder Adventure Path: Gatewalkers,0,Delphon
1059,4,3,3,-5,1,-3,19,45,9,10,10,8,0,11,12.0,12,12.0,0,0,0,Pathfinder Adventure Path: Gatewalkers,3,Gokeki
1060,3,4,0,-3,3,0,19,50,12,6,12,9,0,10,10.5,0,0.0,0,0,0,Pathfinder Adventure Path: Gatewalkers,3,Immolis
1061,-2,3,1,4,4,0,18,45,11,6,10,11,0,10,5.5,10,10.5,2,20,12,Pathfinder Adventure Path: Gatewalkers,3,Jarvs
1062,3,5,2,2,3,4,20,80,14,9,14,14,0,14,4.5,0,0.0,3,21,13,Pathfinder Adventure Path: Gatewalkers,4,Kaneepo the Slim
1058,2,5,1,-4,4,1,18,34,10,5,11,8,0,11,4.5,0,0.0,0,0,0,Pathfinder Adventure Path: Gatewalkers,2,Desa-Desa
1064,3,5,1,3,2,3,21,45,10,9,11,10,0,13,11.0,0,0.0,7,21,13,Pathfinder Adventure Path: Gatewalkers,4,Leiko
1063,5,2,4,-4,3,0,22,95,15,15,13,10,0,14,16.0,0,0.0,0,0,0,Pathfinder Adventure Path: Gatewalkers,5,Kareq
1068,4,-2,5,-5,0,-5,18,23,8,11,4,4,0,10,8.5,0,0.0,0,0,0,Pathfinder Adventure Path: Gatewalkers,2,Quarry Construct
1067,1,4,0,2,4,1,18,55,12,6,12,12,0,10,10.5,0,0.0,0,0,0,Pathfinder Adventure Path: Gatewalkers,3,Ocluai
1069,0,0,0,0,0,0,15,1,0,14,11,14,0,13,5.0,0,0.0,0,0,0,Pathfinder Adventure Path: Gatewalkers,4,Symbiotic Amoeba
1065,2,4,0,-2,4,0,16,15,6,4,6,8,0,6,4.5,5,5.5,1,16,8,Pathfinder Adventure Path: Gatewalkers,0,Oaksteward Enforcer (Gatehouse)
1066,2,4,0,-2,4,0,16,15,6,4,6,8,0,6,4.5,0,0.0,1,16,8,Pathfinder Adventure Path: Gatewalkers,0,Oaksteward Enforcer
1071,0,4,2,4,3,-2,21,70,14,11,14,14,1,12,2.5,0,0.0,2,21,14,Pathfinder Adventure Path: Gatewalkers,4,The Looksee Man
4930,5,3,4,-1,2,0,22,94,13,13,12,9,0,13,13.5,10,9.5,0,0,0,Pathfinder Society Scenario #6-18: Symposium on a Fallen God,5,Master Bodyguard
4931,2,4,0,0,3,2,21,57,14,8,14,11,0,12,11.5,0,0.0,0,0,0,Pathfinder Society Scenario #6-18: Symposium on a Fallen God,4,Najid Ouidda
4932,4,2,3,-1,1,0,19,56,10,11,10,7,0,10,9.5,8,7.5,0,0,0,Pathfinder Society Scenario #6-18: Symposium on a Fallen God,3,Veteran Bodyguard
4929,3,5,0,0,4,3,24,91,17,11,17,14,0,15,15.0,0,0.0,0,0,0,Pathfinder Society Scenario #6-18: Symposium on a Fallen God,6,Burning Silver Najid
4962,2,3,2,1,0,3,15,20,7,7,7,7,0,7,2.5,0,0.0,0,0,0,Pathfinder Society Quest #25: The Greengold Dilemma,1,Aspis Associate
4970,2,3,2,1,0,3,18,45,9,9,9,9,0,10,6.5,0,0.0,0,0,0,Pathfinder Society Quest #25: The Greengold Dilemma,3,Experienced Aspis Associate
4974,1,2,2,1,0,2,14,8,5,5,5,5,0,6,2.5,0,0.0,0,0,0,Pathfinder Society Quest #25: The Greengold Dilemma,-1,Inexperienced Aspis Associate
4940,7,4,7,-5,5,4,33,280,22,25,20,22,0,26,37.5,0,0.0,0,0,0,Pathfinder Society Scenario #6-19: What Walks Again,14,The Husk of Deskari
4937,7,0,6,2,2,1,32,200,20,24,18,21,0,25,31.5,22,19.0,0,0,0,Pathfinder Society Scenario #6-19: What Walks Again,11,Pitborn Fire Giant Cavalry
4941,8,1,5,-4,2,1,29,220,18,22,16,18,0,22,23.0,0,0.0,0,0,0,Pathfinder Society Scenario #6-19: What Walks Again,11,Trained Triceratops
4939,7,5,8,-5,5,5,37,395,26,29,23,26,0,31,44.5,0,0.0,0,0,0,Pathfinder Society Scenario #6-19: What Walks Again,17,The Husk of Deskari (13-14)
4934,0,5,6,-3,2,-2,30,160,22,24,22,20,0,0,0.0,0,0.0,0,0,0,Pathfinder Society Scenario #6-19: What Walks Again,11,Greater Deskari Locust Swarm
4938,5,2,5,-5,0,-2,24,135,16,16,12,12,0,16,16.0,0,0.0,0,0,0,Pathfinder Society Scenario #6-19: What Walks Again,8,Sarkorian Red Bison
4933,0,4,6,-3,2,-2,24,100,16,18,16,14,0,0,0.0,0,0.0,0,0,0,Pathfinder Society Scenario #6-19: What Walks Again,8,Deskari Locust Swarm
4935,6,3,5,-2,4,3,30,225,21,22,17,21,0,23,20.0,0,0.0,4,27,19,Pathfinder Society Scenario #6-19: What Walks Again,10,Greater Kithangian
4936,8,4,6,-1,5,2,34,240,26,28,21,22,1,28,26.5,0,0.0,6,33,25,Pathfinder Society Scenario #6-19: What Walks Again,13,Hatched Shemhazian
1924,6,3,6,-4,3,2,28,155,17,21,15,17,0,21,20.0,0,0.0,0,0,0,Pathfinder Adventure: The Scourge of Sheerleaf,9,Armored Cave Bears
1925,8,3,6,3,4,5,33,220,23,25,20,23,0,27,27.5,25,27.5,0,0,0,Pathfinder Adventure: The Scourge of Sheerleaf,13,Zikritrax
1705,7,2,5,1,3,2,29,200,19,22,18,16,0,23,18.0,17,19.0,5,26,0,Pathfinder Lost Omens Shining Kingdoms,10,Vorvorak
1704,5,8,2,-2,4,2,33,240,23,20,26,23,0,25,26.5,0,0.0,0,0,0,Pathfinder Lost Omens Shining Kingdoms,13,Torn Quartet
1697,1,4,0,1,1,3,18,54,12,6,12,9,0,0,0.0,0,0.0,1,17,0,Pathfinder Lost Omens Shining Kingdoms,3,Beiran
1696,5,2,4,0,1,4,19,95,12,14,9,13,0,15,12.0,0,0.0,0,0,0,Pathfinder Lost Omens Shining Kingdoms,5,Aurosrath
1703,5,4,3,-3,1,0,20,60,12,12,13,8,0,12,12.0,0,0.0,0,0,0,Pathfinder Lost Omens Shining Kingdoms,4,Shroudwing
1702,1,5,1,2,3,2,23,75,15,11,17,14,0,16,12.0,17,9.5,3,24,16,Pathfinder Lost Omens Shining Kingdoms,6,Lamp Blighter
1706,3,1,3,2,1,0,17,35,5,10,4,7,0,9,7.5,0,0.0,0,0,0,Pathfinder Lost Omens Shining Kingdoms,2,Walcofinde
1700,7,3,5,5,7,6,30,175,20,20,17,23,0,24,22.0,0,0.0,5,27,19,Pathfinder Lost Omens Shining Kingdoms,10,Failed Prophet
1699,9,5,6,4,5,1,38,295,28,30,27,27,0,32,31.5,32,25.5,0,0,0,Pathfinder Lost Omens Shining Kingdoms,16,Corbayrant
1698,2,3,2,6,2,4,26,130,18,15,16,19,0,18,17.0,0,0.0,4,26,18,Pathfinder Lost Omens Shining Kingdoms,8,Bibliodaemon
1701,5,3,4,-3,1,1,21,90,9,15,12,9,0,15,14.0,0,0.0,0,0,0,Pathfinder Lost Omens Shining Kingdoms,5,Goldpebble
4923,0,0,0,0,0,0,23,1,0,12,15,15,0,15,13.0,0,0.0,0,0,0,Pathfinder Society Scenario #6-16: The Heart of the City,7,Screaming Grub Undead
4922,5,4,3,2,2,2,20,85,10,10,11,7,0,13,11.5,0,0.0,0,0,0,Pathfinder Society Scenario #6-16: The Heart of the City,5,Screaming Grub Priest
4921,2,3,2,4,2,2,23,120,13,12,15,15,0,15,13.0,0,0.0,4,24,14,Pathfinder Society Scenario #6-16: The Heart of the City,7,Screaming Grub Necromancer
4920,4,3,2,1,1,3,17,55,7,7,8,4,0,10,8.5,0,0.0,0,0,0,Pathfinder Society Scenario #6-16: The Heart of the City,3,Screaming Grub Cultist
4919,3,2,4,6,5,2,22,100,16,14,12,16,0,17,19.0,0,0.0,4,25,17,Pathfinder Society Scenario #6-16: The Heart of the City,7,Amriya
4928,4,0,4,3,1,2,26,122,17,18,13,15,1,18,21.0,0,0.0,4,23,15,Pathfinder Society Scenario #6-17: The Devil in the Details,8,Yollen Frivetti
4925,6,3,4,2,3,1,25,105,16,17,14,12,1,19,21.5,16,0.0,1,0,0,Pathfinder Society Scenario #6-17: The Devil in the Details,7,Levaloch (PFS 6-17)
4924,5,0,4,3,1,2,29,175,19,20,16,17,1,21,24.0,0,0.0,4,23,15,Pathfinder Society Scenario #6-17: The Devil in the Details,10,Empowered Yollen Frivetti
4926,6,3,4,2,3,1,27,110,17,18,15,13,1,20,21.5,17,0.0,4,0,0,Pathfinder Society Scenario #6-17: The Devil in the Details,8,Shard-Empowered Levaloch
4927,4,4,5,2,3,2,24,80,14,17,14,11,0,16,14.5,0,0.0,4,19,11,Pathfinder Society Scenario #6-17: The Devil in the Details,6,Shard-Empowered Vordine
5492,5,3,2,2,4,4,24,85,17,11,14,17,0,17,12.5,15,9.5,6,22,14,Pathfinder #215: To Blot Out the Sun,6,Ilnaphrae
5478,6,4,4,-5,0,-5,25,85,11,15,15,9,0,0,0.0,0,0.0,0,0,0,Pathfinder #215: To Blot Out the Sun,7,Animated Treasure Swarm
5479,1,1,2,4,4,2,24,110,18,14,13,18,2,16,8.0,0,0.0,4,26,18,Pathfinder #215: To Blot Out the Sun,8,Anoreth Zorillen
5480,4,4,3,0,2,1,26,80,15,16,21,15,0,21,26.0,21,37.0,0,0,0,Pathfinder #215: To Blot Out the Sun,9,Anvaca
5481,5,-4,5,-5,0,-5,14,140,11,19,8,8,0,18,21.0,0,0.0,0,0,0,Pathfinder #215: To Blot Out the Sun,6,Bulbous Blood Ooze
5482,5,2,4,-5,-1,-1,20,75,9,15,11,8,0,15,14.0,12,10.5,0,0,0,Pathfinder #215: To Blot Out the Sun,5,Clockwork Corpse
5483,6,3,4,-5,4,-5,26,115,16,16,13,16,0,20,17.0,17,10.5,5,23,15,Pathfinder #215: To Blot Out the Sun,8,Clockwork Sentry
5484,3,6,5,3,5,6,25,130,20,18,21,18,0,19,21.5,19,14.0,4,28,20,Pathfinder #215: To Blot Out the Sun,9,Conductor
5485,0,4,2,5,2,2,27,170,15,15,21,15,0,19,14.5,21,19.5,4,28,20,Pathfinder #215: To Blot Out the Sun,9,Deg
5486,5,3,4,0,-1,1,21,75,10,15,12,8,1,15,13.5,0,0.0,2,22,14,Pathfinder #215: To Blot Out the Sun,5,Dero Sentry
5487,3,4,1,0,0,3,18,60,8,9,14,6,0,14,7.5,0,0.0,0,0,0,Pathfinder #215: To Blot Out the Sun,4,Favored Thrall
5488,2,5,4,2,1,2,25,105,16,15,16,14,0,18,11.5,19,10.5,0,0,0,Pathfinder #215: To Blot Out the Sun,7,Firitula
5489,3,4,1,6,4,5,27,115,20,15,18,20,1,18,18.0,0,0.0,6,26,18,Pathfinder #215: To Blot Out the Sun,9,Freileth
5490,2,4,2,3,-1,2,21,100,9,14,16,11,0,16,7.5,0,0.0,2,21,13,Pathfinder #215: To Blot Out the Sun,6,Geff
5491,7,0,4,0,1,1,25,130,12,17,12,15,0,19,16.5,0,0.0,0,0,0,Pathfinder #215: To Blot Out the Sun,7,Hurkum
5493,5,3,2,2,4,4,24,65,17,11,14,17,0,17,12.5,15,11.5,6,22,14,Pathfinder #215: To Blot Out the Sun,6,Kaba
5494,4,2,3,0,2,0,21,75,12,12,10,10,0,14,9.5,12,8.5,0,0,0,Pathfinder #215: To Blot Out the Sun,4,Living Guard
5495,5,6,3,7,7,4,29,170,24,18,21,24,3,22,18.0,0,0.0,6,30,22,Pathfinder #215: To Blot Out the Sun,11,Nizca Iricol
5507,2,4,2,4,-1,2,24,115,10,13,17,10,0,17,13.0,0,0.0,4,25,17,Pathfinder #215: To Blot Out the Sun,7,Zovi
5506,1,4,4,4,2,-1,23,95,12,16,14,10,0,17,9.5,16,11.0,2,23,15,Pathfinder #215: To Blot Out the Sun,6,Zer
5505,5,3,2,2,4,4,24,85,17,11,14,17,0,17,12.5,15,9.5,6,22,14,Pathfinder #215: To Blot Out the Sun,6,Xarbaene
5504,2,3,2,4,2,-1,20,85,10,11,12,11,1,14,10.5,0,0.0,2,23,15,Pathfinder #215: To Blot Out the Sun,5,Vye
5496,7,0,4,0,1,1,25,130,12,17,12,15,0,19,16.5,0,0.0,0,0,0,Pathfinder #215: To Blot Out the Sun,7,Ogenni
5503,3,5,1,-1,3,2,22,40,12,9,13,11,0,14,10.5,17,7.5,0,0,0,Pathfinder #215: To Blot Out the Sun,4,Vampire Servitor
5502,4,2,2,1,2,1,21,75,13,15,12,9,0,15,8.5,0,0.0,0,0,0,Pathfinder #215: To Blot Out the Sun,5,Tokainen's Chosen
5497,19,6,5,2,3,4,28,120,16,18,21,15,0,21,21.0,19,7.5,3,25,17,Pathfinder #215: To Blot Out the Sun,9,Okoa
5501,4,1,2,1,4,2,26,160,21,17,14,21,2,20,10.5,0,0.0,5,28,20,Pathfinder #215: To Blot Out the Sun,9,Tokainen
5500,4,3,4,-4,3,0,17,80,10,12,11,7,0,11,11.5,0,0.0,0,0,0,Pathfinder #215: To Blot Out the Sun,3,Shadow-Tainted Pachycephalosaurus
5477,4,6,3,-2,3,-2,25,110,15,16,21,16,0,0,0.0,19,21.0,0,0,0,Pathfinder #215: To Blot Out the Sun,9,Aeon Stone Swarm
5498,4,3,3,0,-1,2,19,60,6,10,8,6,1,11,10.5,10,5.5,2,19,11,Pathfinder #215: To Blot Out the Sun,3,Onak
5499,15,4,3,6,6,5,25,110,21,16,17,21,2,16,9.5,0,0.0,5,32,24,Pathfinder #215: To Blot Out the Sun,9,Rukh
5468,4,4,3,3,4,6,26,99,18,13,18,16,2,19,12.0,0,0.0,4,26,18,Pathfinder #214: The Broken Palace,8,Nalushae Meronis
5452,3,4,2,-3,2,-2,18,45,9,9,11,7,0,11,8.5,0,0.0,0,0,0,Pathfinder #214: The Broken Palace,3,Amphibious Chupacabra
5453,3,5,2,2,-1,4,21,55,7,11,13,7,1,12,10.5,14,5.5,3,18,10,Pathfinder #214: The Broken Palace,4,Auzmere
5467,5,2,5,0,2,3,20,70,10,13,8,10,0,14,12.5,0,0.0,0,0,0,Pathfinder #214: The Broken Palace,4,Morlock Thrall
5455,4,2,4,3,3,5,23,92,13,16,12,13,0,15,13.0,0,0.0,5,24,16,Pathfinder #214: The Broken Palace,6,Danva
5456,1,3,2,0,-2,0,15,15,2,4,7,0,1,6,3.5,0,0.0,0,16,8,Pathfinder #214: The Broken Palace,0,Dero Punk
5457,-5,5,0,-1,2,4,22,55,11,9,14,13,1,0,0.0,13,13.0,2,23,13,Pathfinder #214: The Broken Palace,5,Erissa
5458,2,4,2,-3,5,0,20,50,13,8,12,13,0,12,11.5,12,10.0,0,0,0,Pathfinder #214: The Broken Palace,4,Fogfisher
5459,3,5,2,2,3,4,22,75,12,9,14,12,0,14,13.5,0,0.0,3,22,14,Pathfinder #214: The Broken Palace,5,Fulthrethu
5460,4,4,2,2,0,4,24,66,10,12,14,10,1,15,11.0,14,9.0,5,21,13,Pathfinder #214: The Broken Palace,6,Glormungost
5461,5,2,5,0,3,2,20,70,11,13,8,11,1,13,12.0,0,0.0,3,21,13,Pathfinder #214: The Broken Palace,4,Grusk the Pusk
5462,1,3,2,-5,1,-2,16,6,6,5,8,4,0,8,3.5,0,0.0,0,0,0,Pathfinder #214: The Broken Palace,-1,Hiss Beetle
5454,6,-5,5,-5,0,-5,12,150,7,15,4,7,0,15,11.0,0,0.0,0,0,0,Pathfinder #214: The Broken Palace,5,Creeping Clot
5464,2,5,3,1,4,3,23,130,14,11,17,14,0,16,11.0,0,0.0,4,24,16,Pathfinder #214: The Broken Palace,6,Kalakaigh
5463,4,2,4,2,6,4,25,112,17,15,13,17,2,17,16.0,0,0.0,4,25,17,Pathfinder #214: The Broken Palace,7,Idebilor
5469,4,4,2,1,1,2,21,80,12,11,15,10,0,16,15.5,0,0.0,0,0,0,Pathfinder #214: The Broken Palace,5,Shankfingers
5470,3,3,4,-5,2,-5,17,36,8,10,7,8,0,9,10.0,0,0.0,0,0,0,Pathfinder #214: The Broken Palace,2,Vampire Nettle
5471,1,6,2,3,4,6,26,100,16,12,18,16,0,19,17.5,0,0.0,6,29,21,Pathfinder #214: The Broken Palace,8,Vikandian
5466,2,3,4,4,2,7,23,100,15,15,14,17,1,17,18.5,0,0.0,6,26,18,Pathfinder #214: The Broken Palace,7,Miranette
5472,2,4,0,0,3,3,24,93,15,8,16,13,0,14,7.5,0,0.0,0,0,0,Pathfinder #214: The Broken Palace,6,Vinn Karskell
5474,3,4,2,3,0,1,20,58,8,10,12,8,0,12,8.5,0,0.0,0,0,0,Pathfinder #214: The Broken Palace,4,Vool
5475,2,-1,3,-5,1,-5,13,18,3,9,3,3,0,6,6.5,0,0.0,0,0,0,Pathfinder #214: The Broken Palace,0,Web Grub
5476,0,4,1,4,1,3,19,44,8,8,11,6,1,11,4.5,0,0.0,0,20,12,Pathfinder #214: The Broken Palace,3,Yobnobby
5465,4,4,1,-1,2,1,22,58,11,13,9,11,0,15,16.0,0,0.0,0,0,0,Pathfinder #214: The Broken Palace,5,Losko
5473,5,3,4,4,4,2,24,115,15,17,12,15,0,18,20.5,16,13.5,0,0,0,Pathfinder #214: The Broken Palace,7,Viper Bat
4909,5,3,3,-4,2,-2,21,60,12,13,11,8,0,13,11.5,0,0.0,0,0,0,Pathfinder Society Scenario #6-15: Lost and Forgotten,4,Azlanti-Altered Tiger (Chameleon Fur)
4910,4,2,0,1,2,3,23,90,12,12,12,14,0,17,13.5,14,9.5,0,0,0,Pathfinder Society Scenario #6-15: Lost and Forgotten,6,Captain Fraez
4911,6,-5,6,-5,0,-5,12,150,7,15,4,7,0,15,14.0,0,0.0,0,0,0,Pathfinder Society Scenario #6-15: Lost and Forgotten,5,Concentrated Congealed Magic
4912,4,-5,5,-5,0,-5,10,90,5,12,0,5,0,11,12.0,0,0.0,0,0,0,Pathfinder Society Scenario #6-15: Lost and Forgotten,3,Congealed Magic
4913,6,-5,6,-5,0,-5,12,170,7,15,4,7,0,15,14.0,0,0.0,0,0,0,Pathfinder Society Scenario #6-15: Lost and Forgotten,5,Elite Concentrated Congealed Magic
4914,4,-5,5,-5,0,-5,10,105,5,12,0,5,0,11,12.0,0,0.0,0,0,0,Pathfinder Society Scenario #6-15: Lost and Forgotten,3,Elite Congealed Magic
4915,-5,6,4,0,4,4,27,135,19,13,19,16,0,20,18.0,20,14.0,0,0,0,Pathfinder Society Scenario #6-15: Lost and Forgotten,8,Empowered Shadow Lesolethe
4917,2,4,1,0,1,2,19,45,8,6,11,8,0,13,8.5,0,0.0,0,0,0,Pathfinder Society Scenario #6-15: Lost and Forgotten,3,Mordant Spire Plunderer
4918,-5,6,4,0,4,4,24,95,16,11,17,14,0,17,15.0,17,11.0,0,0,0,Pathfinder Society Scenario #6-15: Lost and Forgotten,6,Shadow Lesolethe
4901,2,4,1,0,1,2,21,75,11,9,14,11,0,16,11.5,0,0.0,0,0,0,Pathfinder Society Scenario #6-15: Lost and Forgotten,5,Angry Mordant Spire Plunderer
4906,5,3,3,-4,2,-2,21,60,12,13,11,8,0,13,11.5,0,0.0,1,0,0,Pathfinder Society Scenario #6-15: Lost and Forgotten,4,Azlanti-Altered Tiger (Additional Head)
4904,4,3,2,-4,2,-2,20,45,9,9,8,7,0,11,10.5,0,0.0,0,0,0,Pathfinder Society Scenario #6-15: Lost and Forgotten,3,Azlanti-Altered Lion (Armor Plating)
4902,4,3,2,-4,2,-2,18,45,9,9,10,7,0,11,10.5,0,0.0,1,0,0,Pathfinder Society Scenario #6-15: Lost and Forgotten,3,Azlanti-Altered Lion (Additional Head)
4903,4,3,2,-4,2,-2,18,45,9,7,12,7,0,11,10.5,0,0.0,0,0,0,Pathfinder Society Scenario #6-15: Lost and Forgotten,3,Azlanti-Altered Lion (Additional Legs)
4916,4,2,1,1,2,4,26,130,14,14,14,16,0,20,15.0,17,11.5,0,0,0,Pathfinder Society Scenario #6-15: Lost and Forgotten,8,Incensed Captain Fraez
4905,4,3,2,-4,2,-2,18,45,9,9,10,7,0,11,10.5,0,0.0,0,0,0,Pathfinder Society Scenario #6-15: Lost and Forgotten,3,Azlanti-Altered Lion (Chameleon Fur)
4907,5,3,3,-4,2,-2,21,60,12,11,13,8,0,13,11.5,0,0.0,0,0,0,Pathfinder Society Scenario #6-15: Lost and Forgotten,4,Azlanti-Altered Tiger (Additional Legs)
4908,5,3,3,-4,2,-2,23,60,12,13,9,8,0,13,11.5,0,0.0,0,0,0,Pathfinder Society Scenario #6-15: Lost and Forgotten,4,Azlanti-Altered Tiger (Armor Plating)
4899,7,5,3,1,3,-4,30,176,19,19,22,14,0,21,17.0,23,0.0,0,0,0,Pathfinder Society Scenario #6-14: Twice in Steel,10,Retriever
4898,7,3,7,-4,3,0,29,200,18,23,21,17,0,23,22.0,0,0.0,0,0,0,Pathfinder Society Scenario #6-14: Twice in Steel,10,Feral Krooth
4897,6,4,4,0,2,2,27,139,17,16,19,13,0,18,18.0,0,0.0,4,23,15,Pathfinder Society Scenario #6-14: Twice in Steel,8,Derakni
4896,5,2,2,0,0,5,28,194,15,20,19,15,1,21,24.0,0,0.0,1,26,18,Pathfinder Society Scenario #6-14: Twice in Steel,9,Deadly Champion of Deskari
4895,4,2,2,0,0,4,25,144,12,17,16,12,1,18,20.0,0,0.0,1,24,16,Pathfinder Society Scenario #6-14: Twice in Steel,7,Champion of Deskari
4993,3,2,3,-4,1,-2,16,51,7,9,8,5,0,11,8.5,0,0.0,0,0,0,Pathfinder Society Quest #24: Tanuki Trouble,2,Ōmukade
4967,0,4,0,-2,0,0,19,26,5,9,11,5,0,11,8.0,0,0.0,0,15,7,Pathfinder Society Quest #24: Tanuki Trouble,2,Elite Animated Flame
4959,0,4,0,-2,0,0,17,16,3,3,9,3,0,9,6.0,0,0.0,0,15,7,Pathfinder Society Quest #24: Tanuki Trouble,1,Animated Flame
4987,0,4,0,-2,0,0,15,6,1,1,7,1,0,7,4.0,0,0.0,0,15,7,Pathfinder Society Quest #24: Tanuki Trouble,-1,Weak Animated Flame
655,3,6,2,3,4,2,25,115,18,15,18,13,0,19,13.5,18,12.5,0,0,0,Pathfinder Claws of the Tyrant,7,Chernasardo Ranger
665,0,9,6,-5,4,-5,37,290,27,30,28,33,3,33,29.5,0,0.0,1,0,0,Pathfinder Claws of the Tyrant,16,Divine Warden of Arazni
667,10,6,7,-5,5,-2,46,350,33,36,27,30,0,38,36.0,34,28.0,7,39,0,Pathfinder Claws of the Tyrant,20,Garrholdion
668,4,10,5,4,4,6,43,360,32,35,38,35,0,35,27.0,0,0.0,0,0,0,Pathfinder Claws of the Tyrant,19,Lady Siccale
669,9,7,6,-5,5,-2,38,370,28,30,25,28,0,31,26.5,0,0.0,0,0,0,Pathfinder Claws of the Tyrant,16,Moldering Steed
670,8,4,6,5,6,7,42,360,32,32,29,32,0,36,41.0,0,0.0,8,41,33,Pathfinder Claws of the Tyrant,18,Oceanius and Glory Arcely
671,8,6,6,7,8,7,44,335,34,33,35,37,0,37,37.0,0,0.0,9,42,0,Pathfinder Claws of the Tyrant,19,Onturat
672,10,6,6,-5,5,-1,42,265,32,34,29,32,0,36,42.0,0,0.0,0,0,0,Pathfinder Claws of the Tyrant,19,Ossuary Warden
677,9,-2,6,-5,3,-2,40,395,23,35,23,29,0,31,38.0,0,0.0,0,0,0,Pathfinder Claws of the Tyrant,17,Zombie Desecrator
676,4,6,5,5,4,10,42,375,35,32,35,36,0,34,29.0,34,33.0,0,0,0,Pathfinder Claws of the Tyrant,19,Splinter Officer
675,10,6,10,7,4,7,46,465,32,36,32,33,0,39,51.5,0,0.0,0,0,0,Pathfinder Claws of the Tyrant,20,Seldeg Bhedlis
666,0,9,6,-5,4,-5,37,290,27,30,28,33,3,33,32.5,0,0.0,1,37,0,Pathfinder Claws of the Tyrant,16,Divine Warden of Iomedae
664,7,6,6,6,10,7,46,375,41,34,30,38,0,38,37.0,0,0.0,10,42,0,Pathfinder Claws of the Tyrant,20,Chained Norn
674,10,5,6,5,6,6,42,360,32,29,28,31,0,0,0.0,0,0.0,0,0,0,Pathfinder Claws of the Tyrant,19,Raised Cavalry
662,2,2,4,1,3,2,21,76,12,14,12,12,0,14,13.0,14,13.0,5,22,12,Pathfinder Claws of the Tyrant,5,Tallusian
651,3,4,3,2,4,2,21,75,12,11,13,11,0,14,7.5,15,8.5,0,0,0,Pathfinder Claws of the Tyrant,5,Omelia
652,4,4,2,-5,1,2,16,40,8,5,11,8,0,0,0.0,0,0.0,0,0,0,Pathfinder Claws of the Tyrant,2,Skeletal Rat Swarm
653,0,3,0,-4,4,0,18,32,12,7,13,8,0,0,0.0,0,0.0,0,0,0,Pathfinder Claws of the Tyrant,3,Undead Murder
654,4,0,3,-5,1,-3,17,75,8,8,5,6,0,12,13.5,0,0.0,0,0,0,Pathfinder Claws of the Tyrant,3,Zombie Bear
661,4,2,3,1,6,3,24,188,17,15,14,17,0,17,19.0,0,0.0,0,0,0,Pathfinder Claws of the Tyrant,7,Stelemora
660,4,2,3,2,6,3,24,110,15,15,13,18,1,16,13.5,0,0.0,3,25,0,Pathfinder Claws of the Tyrant,7,Priest of Iomedae
659,1,5,1,3,3,4,22,95,16,12,16,14,0,16,12.0,0,0.0,0,0,0,Pathfinder Claws of the Tyrant,6,Mirmicette
658,6,3,4,2,4,3,27,135,16,19,14,16,0,20,19.0,0,0.0,0,0,0,Pathfinder Claws of the Tyrant,8,Knight Reclaimant
657,3,4,3,6,4,5,27,152,20,16,18,20,0,19,20.5,0,0.0,5,26,18,Pathfinder Claws of the Tyrant,9,Engerra
656,3,5,4,4,6,4,28,155,21,15,19,21,2,22,20.0,21,13.5,2,28,0,Pathfinder Claws of the Tyrant,9,Commander Arsiella Dei
663,5,6,4,7,7,10,42,330,32,27,33,36,0,36,37.0,0,0.0,9,0,0,Pathfinder Claws of the Tyrant,19,Brumesgarth
673,8,6,8,6,10,8,45,475,38,36,34,38,0,39,45.5,0,0.0,10,42,32,Pathfinder Claws of the Tyrant,20,Radiant Veranallia
4900,7,5,3,1,3,-4,30,176,19,19,22,14,0,21,17.0,23,0.0,0,0,0,Pathfinder #213: Thirst for Blood,10,Runt Retriever
5437,0,2,2,0,4,1,17,36,6,9,7,11,1,7,3.5,0,0.0,2,19,9,Pathfinder #213: Thirst for Blood,3,Alzira Mustanir
5451,2,4,3,1,3,0,19,45,10,10,11,8,0,11,6.5,0,0.0,0,0,0,Pathfinder #213: Thirst for Blood,3,Werebat Warrior
5448,2,3,4,-5,1,0,15,20,6,9,8,4,0,7,5.5,7,4.5,0,0,0,Pathfinder #213: Thirst for Blood,1,Tormonshild
5447,2,4,4,-5,1,0,18,35,8,11,10,6,0,0,0.0,0,0.0,0,0,0,Pathfinder #213: Thirst for Blood,3,Tormonshild Swarm
5446,0,4,2,1,1,2,21,61,9,8,12,9,0,11,11.0,0,0.0,0,0,0,Pathfinder #213: Thirst for Blood,4,Romi Bracken
5445,1,4,1,-4,3,-3,15,11,10,6,9,6,0,0,0.0,0,0.0,0,0,0,Pathfinder #213: Thirst for Blood,1,Netherworld Vampire Bat Swarm
5444,1,3,2,-1,1,1,15,10,5,5,7,3,0,7,4.5,7,3.5,0,0,0,Pathfinder #213: Thirst for Blood,-1,Netherworld Sprigjack
5443,1,3,0,-2,0,0,15,10,2,3,9,7,0,8,3.5,0,0.0,2,16,8,Pathfinder #213: Thirst for Blood,0,Lesser Shadow Scamp
5442,7,2,5,0,2,3,29,160,18,21,16,18,0,21,25.5,0,0.0,5,27,19,Pathfinder #213: Thirst for Blood,10,Keeper of Ancorato
5441,0,3,1,4,1,0,20,42,9,7,9,12,0,9,5.5,9,3.5,0,0,0,Pathfinder #213: Thirst for Blood,4,Inizkar
5450,3,4,0,-1,3,1,17,25,9,6,10,8,0,9,6.5,0,0.0,0,0,0,Pathfinder #213: Thirst for Blood,2,Vampire Servant
5449,4,4,5,-5,1,0,21,75,14,14,13,9,0,15,15.0,15,13.0,0,0,0,Pathfinder #213: Thirst for Blood,5,Tormonwird
5438,4,2,2,0,0,1,15,20,6,7,7,3,0,7,7.5,5,3.5,0,0,0,Pathfinder #213: Thirst for Blood,1,Batkin Guard
5439,2,1,3,0,2,0,14,16,6,7,5,4,0,6,5.5,0,0.0,0,0,0,Pathfinder #213: Thirst for Blood,0,Camazotz Cultist
5440,3,4,3,-4,1,1,16,20,10,7,10,4,0,7,5.5,0,0.0,0,0,0,Pathfinder #213: Thirst for Blood,1,Desmohund
4874,3,4,2,3,2,4,18,56,12,9,12,12,0,13,9.5,0,0.0,2,17,9,Pathfinder Society Scenario #6-12: The Burning of Greensteeples,3,Maralictor Marius Salutio
4876,5,2,5,3,3,2,21,60,11,14,8,11,0,15,16.0,9,13.0,0,0,0,Pathfinder Society Scenario #6-12: The Burning of Greensteeples,4,Maralictor Petra Fidena
4878,2,5,5,2,0,3,20,75,15,11,14,8,0,14,14.0,0,0.0,2,18,10,Pathfinder Society Scenario #6-12: The Burning of Greensteeples,4,Vespiria
4877,2,5,5,2,0,4,23,119,18,14,17,11,0,17,18.0,0,0.0,3,21,13,Pathfinder Society Scenario #6-12: The Burning of Greensteeples,6,Vespiria Queen
4871,4,4,4,-5,1,1,14,45,6,7,9,4,0,9,5.5,0,0.0,0,0,0,Pathfinder Society Scenario #6-12: The Burning of Greensteeples,1,Hatched Wasp
4872,2,0,3,-5,0,-3,13,20,0,9,6,2,0,8,4.5,0,0.0,0,0,0,Pathfinder Society Scenario #6-12: The Burning of Greensteeples,0,Loyal Ort
4873,4,5,2,4,2,5,21,94,15,12,15,15,0,16,16.0,0,0.0,2,19,11,Pathfinder Society Scenario #6-12: The Burning of Greensteeples,5,Maralictor Marius Salutio (5-6)
4875,5,2,5,3,3,2,24,95,14,17,11,14,0,18,20.0,12,16.0,0,0,0,Pathfinder Society Scenario #6-12: The Burning of Greensteeples,6,Maralictor Petra Fidena (5-6)
4881,4,-5,5,-5,1,-5,12,80,4,13,0,6,0,11,10.5,0,0.0,0,0,0,Pathfinder Society Scenario #6-13: All That Glitters,3,Amalgam Ooze
4880,2,-5,3,-5,0,-5,8,21,0,9,0,2,0,6,2.5,7,3.5,0,0,0,Pathfinder Society Scenario #6-13: All That Glitters,0,Acid Oozelet
4879,2,-5,4,-5,0,-5,8,25,3,9,0,2,0,9,7.0,0,0.0,0,0,0,Pathfinder Society Scenario #6-13: All That Glitters,1,Acid Ooze
4894,2,3,2,-4,1,-2,15,14,5,6,9,4,0,8,4.5,0,0.0,0,0,0,Pathfinder Society Scenario #6-13: All That Glitters,2,Young Giant Viper
4883,4,3,3,-5,1,0,17,19,7,10,7,4,0,7,6.5,0,0.0,0,0,0,Pathfinder Society Scenario #6-13: All That Glitters,1,Giant Stinkbug
4884,0,0,0,0,0,0,19,15,0,10,2,7,0,9,5.5,0,0.0,0,0,0,Pathfinder Society Scenario #6-13: All That Glitters,3,Inhabited Statue
4885,1,3,0,-4,2,2,16,19,7,4,11,7,0,7,4.5,0,0.0,0,0,0,Pathfinder Society Scenario #6-13: All That Glitters,1,Origami Cockroach
4886,-1,4,0,-4,2,2,15,7,5,2,9,5,0,6,1.5,0,0.0,0,0,0,Pathfinder Society Scenario #6-13: All That Glitters,-1,Origami Mite
4888,4,5,1,-5,3,1,19,42,12,6,12,9,0,9,7.5,0,0.0,2,17,9,Pathfinder Society Scenario #6-13: All That Glitters,3,Rusty Auto-Greeter
4889,-5,2,0,-4,1,-1,17,8,2,7,9,6,0,10,3.5,0,0.0,0,0,0,Pathfinder Society Scenario #6-13: All That Glitters,1,Spirit Hound
4890,-5,4,0,3,2,0,18,20,12,9,12,9,0,11,7.0,0,0.0,0,0,0,Pathfinder Society Scenario #6-13: All That Glitters,3,The Caretaker
4891,0,3,2,-5,2,0,16,7,2,5,8,5,0,8,2.5,0,0.0,0,13,5,Pathfinder Society Scenario #6-13: All That Glitters,-1,Toy Automaton
4892,2,0,3,-5,2,-3,15,4,4,7,4,2,0,4,3.5,0,0.0,0,0,0,Pathfinder Society Scenario #6-13: All That Glitters,-1,Weak Wood Beetle
4893,2,0,3,-5,2,-3,17,14,6,9,6,4,0,6,5.5,0,0.0,0,0,0,Pathfinder Society Scenario #6-13: All That Glitters,0,Wood Beetle
4882,4,6,2,-5,4,2,22,72,15,9,15,13,0,12,14.0,0,0.0,3,19,11,Pathfinder Society Scenario #6-13: All That Glitters,5,Auto-Greeter
4887,2,4,3,-5,3,1,16,18,7,3,10,3,0,9,4.5,0,0.0,1,14,6,Pathfinder Society Scenario #6-13: All That Glitters,1,Powered Curio
5666,7,5,6,5,6,9,41,410,32,31,29,32,0,35,32.0,0,0.0,9,40,32,Pathfinder #212: A Voice in the Blight,18,Vansidieth
5660,10,6,10,0,7,6,45,500,36,39,33,36,0,39,44.0,39,30.0,0,0,0,Pathfinder #212: A Voice in the Blight,21,Second Spawn
5665,10,6,7,4,7,8,45,355,36,32,29,32,1,39,36.0,0,0.0,8,41,33,Pathfinder #212: A Voice in the Blight,21,Vamollaroth
5664,11,6,9,7,7,10,47,460,40,40,35,38,0,42,41.0,0,0.0,10,43,35,Pathfinder #212: A Voice in the Blight,21,The Python
5663,10,8,8,7,8,8,48,432,36,38,38,36,1,40,47.0,0,0.0,8,45,37,Pathfinder #212: A Voice in the Blight,21,Sporespawn of Treerazer
5662,11,6,8,4,10,6,46,540,40,34,38,40,0,39,45.0,0,0.0,9,42,34,Pathfinder #212: A Voice in the Blight,21,Spawn of Jeharlu
5661,-5,6,9,5,5,9,42,400,31,36,30,27,0,32,25.0,32,27.0,0,0,0,Pathfinder #212: A Voice in the Blight,18,Shroud Moss
5659,10,7,5,3,7,5,44,355,34,30,34,32,0,35,44.0,0,0.0,5,38,30,Pathfinder #212: A Voice in the Blight,19,Riftweasel
5658,8,5,6,0,6,4,40,390,29,32,29,26,0,33,39.5,0,0.0,0,0,0,Pathfinder #212: A Voice in the Blight,17,Rift Pulper
5657,0,4,1,6,4,6,39,300,29,27,30,32,2,28,13.0,0,0.0,9,41,33,Pathfinder #212: A Voice in the Blight,17,Queen Telandia Edasseril
5656,7,6,10,-5,4,5,46,360,34,39,30,32,0,0,0.0,0,0.0,0,0,0,Pathfinder #212: A Voice in the Blight,20,Klacktel
5655,10,6,6,5,8,6,43,400,33,33,31,35,0,37,35.0,0,0.0,10,41,33,Pathfinder #212: A Voice in the Blight,19,Imvath
5654,10,6,9,-3,6,1,39,275,34,33,30,30,0,35,40.0,0,0.0,0,0,0,Pathfinder #212: A Voice in the Blight,18,Fungal Abomination
5653,8,6,5,4,4,7,40,300,28,25,30,28,0,34,35.5,0,0.0,6,37,29,Pathfinder #212: A Voice in the Blight,16,Forger of Tanglebriar
5652,-5,6,0,5,6,9,38,225,30,25,30,28,0,30,25.5,0,0.0,7,37,29,Pathfinder #212: A Voice in the Blight,16,Devasance
5651,6,5,5,5,8,4,33,300,28,25,22,28,0,28,27.5,28,21.5,6,31,23,Pathfinder #212: A Voice in the Blight,14,Crowded Veil
5667,10,7,9,6,6,8,45,465,34,35,33,34,1,41,31.0,0,0.0,9,44,36,Pathfinder #212: A Voice in the Blight,20,Ziberae
4870,6,2,4,2,6,4,25,140,19,15,13,17,0,17,18.5,13,14.0,0,0,0,Pathfinder Society Scenario #6-11: The Godsrain and the Dragon,7,The Elite Appraiser
4868,2,4,1,2,1,2,29,160,18,15,18,21,0,22,18.0,22,20.0,0,0,0,Pathfinder Society Scenario #6-11: The Godsrain and the Dragon,9,Really Decked-Out Minister Jo
4867,2,4,1,2,1,2,24,100,14,11,14,17,0,17,13.0,17,15.0,0,0,0,Pathfinder Society Scenario #6-11: The Godsrain and the Dragon,6,Minister Jo
4866,6,-1,6,-5,0,-5,26,100,13,17,10,9,0,19,19.0,12,13.0,0,0,0,Pathfinder Society Scenario #6-11: The Godsrain and the Dragon,7,Hot Spring Statue
4865,2,4,2,0,2,-1,23,30,10,10,12,8,0,12,7.5,14,6.5,0,0,0,Pathfinder Society Scenario #6-11: The Godsrain and the Dragon,4,Hobgoblin Mercenary
4864,2,4,1,2,1,2,27,140,16,13,16,19,0,20,16.0,20,18.0,0,0,0,Pathfinder Society Scenario #6-11: The Godsrain and the Dragon,8,Decked-Out Minister Jo
4863,6,3,4,3,6,4,28,160,20,18,16,20,0,20,22.5,16,18.0,0,0,0,Pathfinder Society Scenario #6-11: The Godsrain and the Dragon,9,Decked-Out Appraiser
4862,6,4,4,2,1,2,27,180,16,15,22,17,0,20,17.0,0,0.0,4,28,20,Pathfinder Society Scenario #6-11: The Godsrain and the Dragon,9,Ascending Xalreonshin
4869,6,-1,6,-5,0,-5,29,135,16,20,12,11,0,22,22.0,15,15.0,0,0,0,Pathfinder Society Scenario #6-11: The Godsrain and the Dragon,9,Reinforced Hot Spring Statue
4961,6,4,4,2,1,4,21,60,12,11,13,8,0,13,13.0,0,0.0,0,0,0,Pathfinder Society Quest #23: Lacking Respect,4,Arrogant Foroxicks
4965,0,4,0,4,1,1,20,45,8,8,11,14,2,9,11.0,0,0.0,2,21,13,Pathfinder Society Quest #23: Lacking Respect,4,Disillusioned Oloranvis Elvanna
4971,3,4,2,0,-1,2,19,42,6,9,12,6,0,10,10.0,0,0.0,0,0,0,Pathfinder Society Quest #23: Lacking Respect,3,Experienced Irrisen Bandit
4972,4,3,3,-1,1,3,19,38,5,11,8,5,0,11,8.5,0,0.0,0,0,0,Pathfinder Society Quest #23: Lacking Respect,2,Foroxicks
4975,3,4,2,0,-1,1,17,19,4,7,10,4,0,7,6.5,0,0.0,0,0,0,Pathfinder Society Quest #23: Lacking Respect,1,Irrisen Bandit
4981,0,3,0,4,1,1,17,23,5,5,8,11,1,7,7.0,0,0.0,1,18,10,Pathfinder Society Quest #23: Lacking Respect,2,Oloranvis Elvanna
4992,2,3,2,-1,1,2,15,17,6,9,7,3,0,5,6.5,0,0.0,0,0,0,Pathfinder Society Quest #23: Lacking Respect,0,Young Warg
3712,4,4,2,2,-1,4,24,110,14,13,17,12,0,18,13.5,17,11.5,0,0,0,Pathfinder NPC Core,7,Gang Leader
3572,1,1,2,2,4,1,16,25,11,8,5,11,0,7,5.5,0,0.0,0,0,0,Pathfinder NPC Core,2,Natural Scientist
3614,4,5,0,3,2,4,28,140,17,17,20,17,0,21,19.0,21,12.5,0,0,0,Pathfinder NPC Core,10,Exiled Revolutionary
3613,3,4,1,0,3,0,21,60,13,9,12,11,0,13,11.5,14,7.5,0,0,0,Pathfinder NPC Core,4,Bounty Hunter
3612,4,2,3,-1,1,0,16,25,8,8,7,4,0,7,7.5,5,5.5,0,0,0,Pathfinder NPC Core,1,Bodyguard
3611,4,2,2,0,2,2,22,75,13,11,11,13,0,15,9.5,13,8.5,0,0,0,Pathfinder NPC Core,5,Unsanctioned Sheriff
3610,1,3,0,2,0,4,18,45,7,7,10,9,0,10,7.5,10,7.5,0,0,0,Pathfinder NPC Core,3,Runaway Blueblood
3609,0,1,0,2,2,3,14,15,8,4,7,10,0,5,2.5,0,0.0,0,0,0,Pathfinder NPC Core,0,Political Upstart
3608,3,5,3,0,3,2,33,200,24,21,25,21,0,25,13.5,26,20.0,0,0,0,Pathfinder NPC Core,12,Peerless Duelist
3607,1,4,1,0,1,3,20,40,10,8,11,6,0,11,7.5,11,7.5,0,0,0,Pathfinder NPC Core,3,Musketeer
3606,1,5,0,2,3,5,30,150,22,17,24,22,0,23,16.0,0,0.0,0,0,0,Pathfinder NPC Core,11,High Roller
3605,0,4,1,4,2,2,23,90,13,12,15,15,1,15,8.5,18,13.0,4,25,17,Pathfinder NPC Core,7,Gunwitch
3604,0,3,0,1,3,3,17,28,9,6,7,9,0,9,4.5,11,6.5,0,0,0,Pathfinder NPC Core,2,Arms Dealer
3603,3,5,1,0,1,2,21,75,12,10,15,10,0,14,8.5,0,0.0,0,0,0,Pathfinder NPC Core,5,Tournament Combatant
3602,4,2,3,1,2,1,24,130,15,18,15,12,0,16,10.5,0,0.0,0,0,0,Pathfinder NPC Core,7,Mixed Martial Artist
3601,4,3,2,0,1,0,18,40,9,8,10,6,0,11,7.5,0,0.0,0,0,0,Pathfinder NPC Core,3,Martial Student
3600,6,4,3,1,5,1,40,310,35,28,32,27,3,33,24.5,0,0.0,8,38,34,Pathfinder NPC Core,17,Grandmaster
3615,0,2,1,4,1,1,17,30,7,8,9,10,1,7,2.5,0,0.0,2,20,12,Pathfinder NPC Core,3,Mage for Hire
3599,5,4,3,1,3,0,32,220,25,23,23,20,2,25,18.0,0,0.0,1,32,23,Pathfinder NPC Core,12,Black Belt
3616,4,5,2,1,2,0,25,145,16,16,17,16,0,20,17.0,0,0.0,0,0,0,Pathfinder NPC Core,8,Mage Killer
3618,4,3,3,1,1,1,22,105,13,15,11,13,0,15,14.5,14,10.5,0,0,0,Pathfinder NPC Core,6,Monster Hunter
3633,0,4,1,4,3,5,23,95,14,12,15,18,1,16,18.5,0,0.0,4,26,18,Pathfinder NPC Core,7,Cult Leader
3632,2,1,1,4,1,1,15,35,7,7,7,9,1,8,6.5,0,0.0,1,18,10,Pathfinder NPC Core,2,Coven Aspirant
3631,0,2,0,3,2,1,14,8,4,2,4,6,1,6,3.5,0,0.0,0,15,7,Pathfinder NPC Core,-1,Adept
3630,2,2,2,0,2,3,20,60,12,10,8,14,0,12,10.5,0,0.0,0,0,0,Pathfinder NPC Core,4,Standard Bearer
3629,2,4,1,1,4,0,21,65,15,10,15,11,0,15,10.5,15,10.5,0,0,0,Pathfinder NPC Core,5,Sniper
3628,5,0,2,1,2,2,23,99,16,16,12,14,0,0,0.0,0,0.0,0,0,0,Pathfinder NPC Core,6,Phalanx Formation
3627,5,1,2,4,3,0,29,140,17,18,13,21,2,22,18.0,0,0.0,5,28,20,Pathfinder NPC Core,10,Mage Knight
3626,5,2,3,0,1,0,24,96,13,15,14,13,0,0,0.0,0,0.0,0,0,0,Pathfinder NPC Core,6,Line Infantry
3625,4,0,3,0,2,1,18,28,8,9,6,6,0,10,8.5,6,6.5,0,0,0,Pathfinder NPC Core,2,Infantry Soldier
3624,7,1,4,2,2,3,27,135,16,18,13,16,0,0,0.0,0,0.0,0,0,0,Pathfinder NPC Core,8,Hellknight Cavalry Brigade
3623,7,2,4,0,1,2,25,105,14,17,13,14,0,0,0.0,0,0.0,0,0,0,Pathfinder NPC Core,7,Heavy Cavalry
3622,4,3,2,2,2,4,25,120,16,14,15,20,0,21,21.0,0,0.0,0,0,0,Pathfinder NPC Core,8,Drill Sergeant
3621,4,2,2,0,-1,0,18,54,8,11,9,6,0,0,0.0,0,0.0,0,0,0,Pathfinder NPC Core,3,Conscript Squad
3620,3,2,1,4,2,1,15,20,7,8,5,7,0,8,5.5,7,5.5,0,0,0,Pathfinder NPC Core,1,Combat Engineer
3619,2,5,4,5,2,0,34,300,24,25,28,23,0,27,23.0,27,30.5,0,0,0,Pathfinder NPC Core,14,Siegebreaker
3617,4,2,3,-1,2,1,26,180,17,18,17,15,0,0,0.0,0,0.0,0,0,0,Pathfinder NPC Core,9,Mercenary Band
3634,4,3,2,1,-1,0,17,20,4,7,8,4,0,7,6.5,0,0.0,0,0,0,Pathfinder NPC Core,1,Cultist
3598,3,2,4,1,0,-2,17,35,6,10,8,6,0,9,7.5,0,0.0,0,0,0,Pathfinder NPC Core,2,Vermin Catcher
3596,2,1,3,0,2,0,14,20,6,7,5,4,0,6,4.5,0,0.0,0,0,0,Pathfinder NPC Core,0,Miner
3576,2,4,2,0,4,0,19,40,12,7,11,9,0,11,8.5,11,9.5,0,0,0,Pathfinder NPC Core,3,Tracker
3575,2,3,1,0,1,1,15,15,5,5,9,4,0,6,4.5,6,3.5,0,0,0,Pathfinder NPC Core,0,Torchbearer
3574,3,4,1,2,2,0,21,75,13,10,15,11,0,15,11.5,15,9.5,0,0,0,Pathfinder NPC Core,5,Tomb Raider
3573,2,4,1,0,3,0,18,30,9,7,10,7,0,11,6.5,11,6.5,0,0,0,Pathfinder NPC Core,2,Poacher
3679,0,3,0,2,1,4,18,40,9,6,11,9,2,11,6.5,0,0.0,2,20,12,Pathfinder NPC Core,3,Troubadour
3571,4,3,2,0,3,0,21,80,15,14,12,9,0,14,12.5,0,0.0,0,0,0,Pathfinder NPC Core,5,Mountaineer
3570,4,4,2,1,4,0,25,115,17,12,17,15,0,17,12.5,18,12.5,0,0,0,Pathfinder NPC Core,7,Hunter
3569,4,1,2,1,3,0,20,60,14,14,8,11,0,12,10.5,9,9.5,0,0,0,Pathfinder NPC Core,4,Guide
3568,3,4,2,0,2,1,23,95,14,17,13,12,0,15,12.5,17,11.5,0,0,0,Pathfinder NPC Core,6,Gamekeeper
3567,1,3,1,0,4,0,15,20,7,5,8,8,0,7,3.5,0,0.0,0,0,0,Pathfinder NPC Core,1,Forager
3566,4,2,4,2,3,0,27,160,21,21,18,15,0,21,17.0,19,9.5,0,0,0,Pathfinder NPC Core,9,Expedition Leader
3565,2,2,1,3,4,0,18,45,12,8,9,10,1,8,7.5,7,7.5,2,20,12,Pathfinder NPC Core,3,Chronicler
3564,0,3,1,3,2,2,18,45,8,6,10,10,0,10,6.5,12,8.5,0,0,0,Pathfinder NPC Core,3,Toymaker
3563,2,4,2,2,2,0,23,85,14,12,16,14,0,16,10.5,17,9.5,0,0,0,Pathfinder NPC Core,6,Rocketeer
3562,4,1,1,3,0,0,14,22,5,8,6,3,0,7,6.5,8,5.5,0,0,0,Pathfinder NPC Core,1,Mechanic
3577,6,3,4,0,2,2,26,125,16,19,12,16,0,20,23.0,0,0.0,0,0,0,Pathfinder NPC Core,8,Woolly Wrangler
3597,1,3,1,0,1,2,14,7,7,5,7,3,0,6,3.5,0,0.0,0,0,0,Pathfinder NPC Core,-1,Servant
3578,0,1,1,3,3,1,14,8,5,8,3,5,0,5,2.5,5,5.5,0,0,0,Pathfinder NPC Core,-1,Apothecary
3580,3,0,1,1,4,0,13,24,7,8,5,9,0,5,4.5,7,5.0,0,0,0,Pathfinder NPC Core,1,Local Herbalist
3595,0,3,4,0,1,1,16,20,6,7,10,4,0,8,4.5,8,5.5,0,0,0,Pathfinder NPC Core,1,Messenger
3594,2,0,0,2,2,3,14,20,7,7,3,9,0,7,4.5,0,0.0,0,0,0,Pathfinder NPC Core,1,Innkeeper
3593,4,1,3,0,2,0,15,20,6,8,4,7,0,9,6.5,0,0.0,0,0,0,Pathfinder NPC Core,1,Gravedigger
3592,3,2,1,0,2,0,14,15,6,7,6,4,0,7,5.5,6,2.0,0,0,0,Pathfinder NPC Core,0,Fisher
3591,3,1,3,0,2,0,14,18,6,7,5,4,0,6,5.5,0,0.0,0,0,0,Pathfinder NPC Core,0,Farmer
3590,3,2,2,0,1,0,15,18,5,6,6,5,0,7,5.5,6,4.5,0,0,0,Pathfinder NPC Core,0,Drover
3589,3,1,3,0,1,0,14,20,3,7,5,3,0,7,5.5,0,0.0,0,0,0,Pathfinder NPC Core,0,Dockhand
3588,4,0,3,2,1,0,17,35,5,11,6,7,0,10,6.5,0,0.0,0,0,0,Pathfinder NPC Core,2,Construction Worker
3587,3,1,2,0,1,0,13,10,3,6,3,3,0,5,4.5,0,0.0,0,0,0,Pathfinder NPC Core,-1,Commoner
3586,0,2,1,4,1,2,17,50,6,10,9,8,0,10,6.5,0,0.0,0,0,0,Pathfinder NPC Core,3,Tonic Merchant
3585,2,1,0,3,3,4,24,110,14,15,12,18,2,13,8.5,0,0.0,3,25,17,Pathfinder NPC Core,7,Therapeutic Healer
3584,1,3,1,2,4,0,17,30,14,7,7,10,0,11,3.5,0,0.0,0,0,0,Pathfinder NPC Core,2,Surgeon
3583,0,1,4,2,4,2,20,70,13,13,8,13,1,10,2.5,10,4.5,2,23,15,Pathfinder NPC Core,5,Plague Doctor
3582,-1,1,1,4,2,2,13,8,6,9,3,8,0,5,1.5,0,0.0,0,0,0,Pathfinder NPC Core,-1,Physician
3581,3,1,3,2,4,5,35,200,25,26,24,27,0,25,32.0,0,0.0,8,37,29,Pathfinder NPC Core,15,Peerless Healer
3579,4,1,3,1,4,1,26,150,17,18,16,19,0,20,15.0,0,0.0,4,27,19,Pathfinder NPC Core,9,Humanitarian Hermit
3635,1,5,3,8,4,4,35,230,23,23,25,26,0,25,21.5,0,0.0,7,37,29,Pathfinder NPC Core,14,Curse Monger
3637,4,3,1,6,6,8,40,320,31,27,28,33,0,30,29.5,30,31.5,9,42,34,Pathfinder NPC Core,18,Enchanting Ritualist
3699,3,3,2,0,2,0,17,50,9,9,12,6,0,12,7.5,0,0.0,0,0,0,Pathfinder NPC Core,3,Diver
3700,0,2,1,4,3,0,17,30,9,7,8,9,0,9,6.5,0,0.0,0,0,0,Pathfinder NPC Core,2,Navigator
3701,4,4,2,0,3,0,24,100,16,14,17,11,0,17,14.5,0,0.0,0,0,0,Pathfinder NPC Core,6,Ocean Nomad
3702,2,3,1,0,2,2,17,32,6,7,8,6,0,11,6.5,0,0.0,0,0,0,Pathfinder NPC Core,2,Pirate
3703,3,4,1,0,1,0,15,20,10,7,10,5,0,9,5.5,0,0.0,0,0,0,Pathfinder NPC Core,1,Rigger
3704,4,2,0,1,2,3,23,90,12,12,12,14,0,17,13.5,14,9.5,0,0,0,Pathfinder NPC Core,6,Ship Captain
3705,4,2,4,2,1,0,23,60,12,15,7,12,0,15,11.5,0,0.0,0,0,0,Pathfinder NPC Core,5,Subaquatic Marauder
3706,4,1,3,0,1,3,25,70,10,12,8,10,1,13,10.5,0,0.0,1,20,12,Pathfinder NPC Core,5,Champion of Rovagug
3707,0,2,0,3,0,4,14,15,8,4,6,10,0,4,2.5,0,0.0,0,0,0,Pathfinder NPC Core,0,Conspiracist
3708,6,1,4,0,-1,1,19,75,7,12,9,7,0,0,0.0,0,0.0,0,0,0,Pathfinder NPC Core,4,Deluded Mob
3709,2,2,0,4,2,4,21,60,11,9,9,13,1,15,8.5,0,0.0,3,22,14,Pathfinder NPC Core,5,Despot
3710,2,2,0,4,1,3,17,35,8,7,9,8,0,9,8.5,0,0.0,6,20,12,Pathfinder NPC Core,3,Fiend Caller
3711,3,4,2,4,2,-1,24,110,13,15,15,15,0,18,11.5,17,14.0,0,0,0,Pathfinder NPC Core,7,Fleshwarper
3713,5,4,3,3,2,0,33,230,25,22,25,21,0,27,26.0,26,15.0,0,0,0,Pathfinder NPC Core,13,Hero Hunter
3677,2,1,2,0,1,4,17,32,9,8,8,9,0,9,6.5,0,0.0,1,18,10,Pathfinder NPC Core,2,Street Musician
3698,4,2,3,0,4,-1,21,80,13,14,13,11,0,15,9.5,15,11.5,0,0,0,Pathfinder NPC Core,5,Castaway
3676,1,2,1,4,1,4,23,95,14,11,14,15,0,14,9.5,0,0.0,0,0,0,Pathfinder NPC Core,6,Puppeteer
3697,2,4,1,0,1,2,18,45,8,6,11,8,0,13,8.5,0,0.0,0,0,0,Pathfinder NPC Core,3,Bosun
3695,2,2,1,4,3,0,22,86,14,10,12,16,0,13,8.5,0,0.0,0,0,0,Pathfinder NPC Core,6,Sage
3680,4,2,1,1,4,1,24,100,15,12,13,15,1,16,11.5,0,0.0,4,25,0,Pathfinder NPC Core,7,Dedicated Druid
3681,2,1,2,0,4,0,15,18,7,5,4,9,1,7,4.5,6,4.5,1,17,0,Pathfinder NPC Core,1,Druid Initiate
3682,4,1,4,0,1,2,24,100,9,14,11,11,0,16,13.0,16,9.0,0,0,0,Pathfinder NPC Core,6,Mountain Guardian
3683,0,3,1,0,4,3,20,55,12,9,9,12,1,11,6.5,11,7.5,2,20,0,Pathfinder NPC Core,4,Pack Leader
3684,4,2,3,0,4,1,25,140,16,15,14,16,0,18,12.5,17,15.0,0,26,18,Pathfinder NPC Core,8,Skin Shifter
3685,2,5,3,1,4,6,40,360,29,30,34,31,0,32,35.0,0,0.0,10,44,37,Pathfinder NPC Core,19,Tempest Incarnate
3686,4,3,1,2,3,4,32,220,22,23,21,25,1,24,30.0,23,22.5,7,33,25,Pathfinder NPC Core,13,Tree Singer
3687,0,1,2,4,3,0,15,23,10,6,5,9,1,8,6.5,0,0.0,1,17,9,Pathfinder NPC Core,2,Astronomer
3688,0,0,1,4,3,4,21,75,12,12,11,15,0,11,8.5,0,0.0,3,22,14,Pathfinder NPC Core,5,Avuncular Professor
3689,0,1,0,5,5,3,24,115,16,13,14,18,0,13,8.5,0,0.0,4,25,17,Pathfinder NPC Core,7,Departmental Chair
3690,4,4,4,8,1,-1,39,290,32,27,27,32,0,31,21.5,31,31.0,9,38,30,Pathfinder NPC Core,17,Eldritch Emeritus
3691,1,2,2,4,-2,4,20,65,11,10,10,8,0,13,7.5,0,0.0,2,21,13,Pathfinder NPC Core,4,Exuberant Apprentice
3692,3,4,3,3,1,3,33,235,26,23,26,20,0,25,19.5,27,16.5,7,30,22,Pathfinder NPC Core,13,Globetrotting Scholar
3693,0,1,0,3,2,1,13,6,7,2,3,7,0,5,2.5,0,0.0,0,0,0,Pathfinder NPC Core,-1,Librarian
3694,0,1,2,5,0,-1,14,7,3,3,2,7,0,5,2.5,0,0.0,0,0,0,Pathfinder NPC Core,-1,Obsessive Researcher
3696,0,0,-1,4,2,3,12,5,4,1,2,6,0,4,2.5,0,0.0,0,0,0,Pathfinder NPC Core,-1,Teacher
3675,0,0,0,0,0,0,23,20,0,0,0,0,0,0,0.0,0,0.0,0,0,0,Pathfinder NPC Core,0,Puppet
3674,1,3,0,1,2,4,18,45,11,6,9,12,0,12,7.5,0,0.0,0,0,0,Pathfinder NPC Core,3,Mime
3673,2,4,1,2,3,5,30,180,22,18,24,21,1,24,17.0,24,16.0,6,30,22,Pathfinder NPC Core,11,Maestro
3652,5,2,3,-1,2,2,23,105,12,15,12,14,0,16,15.5,0,0.0,0,0,0,Pathfinder NPC Core,6,Executioner
3651,4,1,3,0,2,1,21,60,11,14,8,10,0,14,10.5,11,8.5,0,0,0,Pathfinder NPC Core,4,Equestrian Constable
3650,5,0,3,0,2,2,22,75,12,14,9,11,0,0,0.0,0,0.0,0,0,0,Pathfinder NPC Core,5,City Guard Squadron
3649,5,0,2,0,3,3,24,95,15,14,12,15,0,18,15.5,12,10.5,0,0,0,Pathfinder NPC Core,6,Captain Of The Guard
3648,0,1,1,3,2,4,13,8,6,3,3,12,0,4,2.5,0,0.0,0,0,0,Pathfinder NPC Core,-1,Barrister
3647,6,1,4,0,3,2,27,135,17,18,13,17,0,0,0.0,0,0.0,0,0,0,Pathfinder NPC Core,8,Arrester Squadron
3646,2,4,1,0,3,0,17,30,11,7,10,7,0,10,6.5,10,7.5,0,0,0,Pathfinder NPC Core,2,Archer Sentry
3645,0,4,0,3,4,3,28,115,19,15,19,19,0,20,17.0,0,0.0,0,0,0,Pathfinder NPC Core,9,Accuser Agent
3644,1,3,3,5,4,6,28,175,20,19,19,24,0,19,24.0,19,17.5,7,31,23,Pathfinder NPC Core,11,Spirit Binder
3643,2,3,2,4,2,-1,20,65,10,11,12,11,1,14,10.5,0,0.0,0,23,15,Pathfinder NPC Core,5,Necromancer
3642,2,2,-1,4,3,5,27,140,16,14,17,20,0,19,13.0,0,0.0,6,29,21,Pathfinder NPC Core,9,Mirror Seer
3641,1,2,1,2,3,3,14,8,7,3,6,10,0,6,3.5,0,0.0,0,0,0,Pathfinder NPC Core,-1,Harrow Reader
3640,4,2,1,0,3,5,29,150,19,18,16,19,0,21,21.0,0,0.0,5,29,21,Pathfinder NPC Core,10,God Caller
3639,0,4,3,0,2,4,21,50,10,11,12,10,0,12,10.5,12,7.5,0,0,0,Pathfinder NPC Core,4,False Priest
3638,0,4,0,2,2,3,21,60,10,8,12,12,0,14,8.5,14,9.5,0,0,0,Pathfinder NPC Core,4,Enigmatic Conspirant
3653,4,1,4,0,3,2,26,120,19,19,14,17,0,19,12.5,16,12.5,0,0,0,Pathfinder NPC Core,8,Gendarme
3654,5,2,2,3,5,4,38,215,28,26,20,28,0,30,17.5,0,0.0,0,0,0,Pathfinder NPC Core,15,Grand Inquisitor
3655,3,2,2,0,2,-1,16,20,7,7,5,5,0,7,6.5,6,4.5,0,0,0,Pathfinder NPC Core,1,Guard
3656,4,2,2,2,1,0,18,45,6,8,10,8,0,12,9.5,0,0.0,0,0,0,Pathfinder NPC Core,3,Harbormaster
3672,2,3,1,0,1,3,17,30,9,6,11,7,0,10,7.5,0,0.0,0,0,0,Pathfinder NPC Core,2,Juggler
3671,1,3,1,0,0,4,16,20,4,6,8,3,0,7,5.5,0,0.0,0,0,0,Pathfinder NPC Core,1,Dancer
3670,2,4,1,2,1,5,29,170,21,16,19,22,0,22,13.0,0,0.0,0,0,0,Pathfinder NPC Core,10,Court Jester
3669,2,1,2,0,4,2,20,55,12,10,7,12,1,12,8.5,0,0.0,2,22,13,Pathfinder NPC Core,4,Beast Tamer
3668,2,4,2,1,0,1,18,30,6,8,11,4,0,10,6.5,0,0.0,0,0,0,Pathfinder NPC Core,2,Acrobat
3667,1,4,2,4,1,0,21,70,15,9,12,14,0,15,8.5,15,7.5,3,20,12,Pathfinder NPC Core,5,Watchmage
3666,3,4,3,5,2,0,30,180,22,22,16,19,0,0,0.0,0,0.0,5,26,18,Pathfinder NPC Core,10,Watchmage Squadron
3561,8,3,4,2,2,2,33,250,21,25,19,21,0,27,21.5,0,0.0,0,0,0,Pathfinder NPC Core,13,Juggernaut
3665,4,1,3,0,1,1,19,45,8,10,6,8,0,13,9.5,10,7.5,0,0,0,Pathfinder NPC Core,3,Watch Officer
3663,0,1,0,3,2,2,14,6,6,2,3,8,0,5,2.5,5,4.5,0,0,0,Pathfinder NPC Core,-1,Tax Collector
3662,0,2,1,3,3,4,14,15,9,6,3,19,0,5,2.5,0,0.0,0,0,0,Pathfinder NPC Core,0,Prime Minister
3661,0,2,1,1,2,3,14,16,9,6,3,14,0,6,2.5,0,0.0,0,0,0,Pathfinder NPC Core,0,Mayor
3660,0,-1,1,3,3,2,13,5,8,5,1,12,0,4,3.5,0,0.0,0,0,0,Pathfinder NPC Core,-1,Judge
3659,4,3,1,0,2,0,18,45,9,8,10,7,0,11,10.5,10,8.5,0,0,0,Pathfinder NPC Core,3,Jailer
3658,1,3,0,4,3,1,19,40,12,5,10,12,0,12,7.5,0,0.0,0,0,0,Pathfinder NPC Core,3,Inspector
3657,2,2,2,5,3,4,27,180,19,19,16,33,0,19,16.5,0,0.0,5,29,21,Pathfinder NPC Core,10,Infernal Registrar
3664,4,2,3,1,2,1,24,100,17,15,15,11,0,16,12.5,17,12.5,0,0,0,Pathfinder NPC Core,6,Warden
3560,1,3,0,2,3,0,16,16,6,5,8,6,0,8,3.5,8,5.5,0,0,0,Pathfinder NPC Core,1,Gunsmith
3678,2,3,0,1,1,4,18,35,12,6,12,9,0,12,8.5,0,0.0,0,0,0,Pathfinder NPC Core,3,Traveling Actor
3558,6,3,2,3,2,0,26,145,16,14,17,14,0,20,21.0,18,9.5,0,0,0,Pathfinder NPC Core,8,Dynamo
3486,2,3,2,0,2,2,21,54,10,8,13,10,0,0,0.0,0,0.0,0,0,0,Pathfinder NPC Core,4,Corn Leshy Throng
3487,2,2,1,4,2,1,22,80,12,11,14,14,0,13,12.0,0,0.0,3,24,0,Pathfinder NPC Core,6,Gourd Leshy Witch
3488,3,0,3,-1,2,0,14,9,5,8,2,5,0,5,5.5,0,0.0,3,13,0,Pathfinder NPC Core,-1,Root Leshy Groundskeeper
3489,1,4,1,0,2,2,19,35,12,6,12,9,0,11,7.5,12,6.5,3,17,0,Pathfinder NPC Core,3,Tumbleweed Leshy Courier
3490,2,4,0,1,3,4,27,155,18,15,19,18,0,20,13.0,19,16.5,0,0,0,Pathfinder NPC Core,9,Iruxi Masked Mummer
3491,4,3,1,-1,2,0,21,60,10,11,11,10,0,14,10.5,0,0.0,0,0,0,Pathfinder NPC Core,4,Tidewater Guard
3492,1,3,0,2,2,3,21,70,10,9,12,13,0,15,12.0,0,0.0,3,22,14,Pathfinder NPC Core,5,Dromaar Lorekeeper
3493,2,1,2,0,4,0,14,25,7,9,6,7,0,7,4.5,9,1.0,0,0,0,Pathfinder NPC Core,1,Orc Agriculturist
3494,3,4,0,0,3,1,20,65,13,10,12,9,0,14,11.5,0,0.0,0,0,0,Pathfinder NPC Core,4,Orc Gamekeeper
3495,4,3,4,0,2,0,24,120,15,17,16,13,0,0,0.0,0,0.0,0,0,0,Pathfinder NPC Core,7,Orc Skullcrushers
3496,5,4,3,0,2,1,30,175,20,19,20,18,0,24,18.0,23,19.0,0,0,0,Pathfinder NPC Core,10,Orc Veteran Master
3497,0,3,0,2,3,4,23,80,13,12,13,15,0,16,14.0,0,0.0,3,24,16,Pathfinder NPC Core,6,Bone Mother
3498,2,1,0,3,3,4,18,45,9,7,8,11,0,11,7.5,10,7.5,0,0,0,Pathfinder NPC Core,3,Swarm Voice
3559,1,4,1,4,2,0,23,95,14,11,16,14,0,16,10.5,16,10.5,0,0,0,Pathfinder NPC Core,6,Gadgeteer
3454,2,4,3,1,2,2,27,140,18,17,18,14,0,20,14.5,20,17.0,0,0,0,Pathfinder NPC Core,8,Lucky Courser
3499,3,3,0,1,2,0,16,20,7,5,9,5,0,8,5.5,8,5.5,0,0,0,Pathfinder NPC Core,1,Tunnel Viper
3500,0,3,0,2,1,4,18,46,12,6,12,9,0,10,4.5,0,0.0,0,0,0,Pathfinder NPC Core,3,Gambling Companion
3501,2,4,1,1,1,2,21,65,12,8,14,11,0,13,7.5,0,0.0,0,0,0,Pathfinder NPC Core,4,Jinx Eater
3502,4,3,2,1,1,1,24,100,14,15,16,11,0,17,13.0,0,0.0,0,0,0,Pathfinder NPC Core,6,Tengu Bladesmith
3503,1,4,1,1,3,0,18,30,10,5,11,8,0,10,5.5,0,0.0,0,0,0,Pathfinder NPC Core,2,Tripkee Camoufleur
3504,2,3,2,1,4,1,25,125,18,12,15,18,0,17,8.5,0,0.0,0,0,0,Pathfinder NPC Core,7,Tripkee Fiend-Keeper
3506,1,2,1,3,0,0,14,8,2,5,6,2,0,4,3.5,0,0.0,0,0,0,Pathfinder NPC Core,-1,Apprentice
3507,3,1,2,4,2,3,26,135,16,14,14,17,0,16,7.5,0,0.0,0,0,0,Pathfinder NPC Core,8,Guildmaster
3508,2,0,-1,2,2,3,13,7,6,1,2,10,0,4,5.5,0,0.0,0,0,0,Pathfinder NPC Core,-1,Merchant
3509,3,1,2,3,0,0,17,50,5,9,8,5,0,10,5.5,0,0.0,0,0,0,Pathfinder NPC Core,3,Smith
3510,0,2,-1,3,3,5,21,60,14,8,11,14,1,11,6.5,0,0.0,3,22,14,Pathfinder NPC Core,5,Advisor
3485,1,3,1,3,2,0,18,32,7,5,11,8,0,9,4.5,9,4.5,0,0,0,Pathfinder NPC Core,2,Kobold Trapper
3484,3,3,1,0,0,3,19,48,9,9,12,6,0,12,7.5,12,6.5,0,0,0,Pathfinder NPC Core,3,Kobold Egg Guardian
3483,4,3,0,1,2,0,20,60,13,8,14,11,0,14,12.5,13,10.5,0,0,0,Pathfinder NPC Core,4,Kobold Earth Diver
3482,2,2,1,2,2,0,16,22,7,4,6,8,0,7,5.5,7,4.5,0,0,0,Pathfinder NPC Core,1,Kholo Pragmatist
3455,5,1,4,0,3,-1,22,105,13,16,11,13,0,0,0.0,0,0.0,0,0,0,Pathfinder NPC Core,6,Dwarf Battalion
3456,5,0,4,2,2,1,26,150,16,18,14,16,0,20,20.0,15,11.5,0,0,0,Pathfinder NPC Core,8,Dwarf General
3457,2,1,2,3,1,-1,14,12,5,6,3,5,0,6,4.5,0,0.0,0,0,0,Pathfinder NPC Core,0,Dwarf Smith
3458,2,0,3,0,5,2,19,78,12,12,9,14,0,11,8.5,0,0.0,3,22,14,Pathfinder NPC Core,5,Spirit Priest
3459,0,2,0,3,1,2,14,12,5,2,6,9,0,6,4.5,0,0.0,0,0,0,Pathfinder NPC Core,0,Aiuvarin Translator
3460,3,4,2,1,2,0,22,76,13,11,13,11,0,15,11.5,15,10.5,0,0,0,Pathfinder NPC Core,5,Demonbane Warrior
3461,4,5,2,2,3,1,35,225,24,20,27,23,0,27,21.0,27,19.0,0,0,0,Pathfinder NPC Core,13,Elven Court Guard
3462,0,3,-1,4,1,3,18,26,7,3,9,9,0,9,6.5,0,0.0,0,18,10,Pathfinder NPC Core,2,Forlorn Artist
3463,3,4,0,1,4,2,27,120,18,12,18,16,0,0,0.0,0,0.0,0,0,0,Pathfinder NPC Core,8,Woodland Scouts
3464,1,1,3,1,3,1,17,34,8,5,8,12,0,9,3.5,9,4.5,0,0,0,Pathfinder NPC Core,2,Bleachling Survivor
3452,0,4,1,2,1,4,24,70,13,11,14,13,0,15,11.5,0,0.0,3,24,16,Pathfinder NPC Core,6,Catfolk Name Collector
3465,2,1,1,2,4,2,23,100,17,17,11,14,0,14,10.5,16,10.5,3,24,17,Pathfinder NPC Core,6,Gnome Conservationist
3466,3,4,1,1,1,3,18,30,5,8,12,5,0,11,5.5,9,6.5,0,0,0,Pathfinder NPC Core,2,Gnome Daredevil
3511,0,1,-1,5,3,2,13,7,7,3,5,9,0,5,2.5,0,0.0,0,0,0,Pathfinder NPC Core,-1,Court Historian
3467,0,1,0,3,2,1,12,7,5,2,5,8,0,5,2.5,0,0.0,0,13,0,Pathfinder NPC Core,-1,Gnome Philomath
3469,3,1,3,1,1,3,22,100,16,17,11,14,0,17,9.5,14,5.5,0,0,0,Pathfinder NPC Core,6,Big Boss Goblin
3470,1,1,3,2,2,0,16,24,7,10,6,5,0,7,4.5,0,0.0,0,0,0,Pathfinder NPC Core,1,Goblin Chef
3471,3,2,3,0,-1,4,21,90,12,13,14,9,0,0,0.0,0,0.0,0,0,0,Pathfinder NPC Core,5,Goblin Get Gang
3472,1,3,2,2,3,0,21,70,14,9,11,13,0,12,7.5,14,9.0,0,0,0,Pathfinder NPC Core,4,Goblin Scavenger
3473,4,3,4,0,-1,2,20,90,10,13,12,8,0,0,0.0,0,0.0,0,0,0,Pathfinder NPC Core,5,Bill-Band
3474,1,3,2,2,1,1,17,36,7,8,7,7,0,9,5.5,0,0.0,0,0,0,Pathfinder NPC Core,2,Halfling Head Chef
3475,3,4,2,0,1,2,23,95,13,12,16,13,0,17,11.5,16,9.5,0,0,0,Pathfinder NPC Core,6,Halfling Smuggler
3476,-1,4,0,4,3,5,24,110,14,11,15,18,0,16,6.5,16,8.5,4,26,18,Pathfinder NPC Core,7,Halfling Yarnspinner
3477,5,0,3,0,2,2,23,90,15,15,12,14,0,0,0.0,0,0.0,0,0,0,Pathfinder NPC Core,6,Hobgoblin Battalion
3478,3,1,1,3,1,1,18,50,9,12,6,9,0,12,8.5,10,7.5,0,0,0,Pathfinder NPC Core,3,Hobgoblin Spellbreaker
3479,5,2,3,2,1,1,27,150,16,19,13,16,0,19,10.5,16,13.0,0,0,0,Pathfinder NPC Core,8,Hobgoblin Vanguard
3480,2,3,1,-1,1,0,16,16,6,3,6,3,0,6,4.5,0,0.0,0,0,0,Pathfinder NPC Core,0,Bone Scavenger
3481,4,3,2,1,3,0,25,120,18,14,18,13,0,19,10.5,17,8.5,0,0,0,Pathfinder NPC Core,7,Kholo Outrider
3468,1,3,1,2,1,4,20,78,12,9,12,15,0,13,5.5,13,5.5,3,22,15,Pathfinder NPC Core,5,Razzle Dazzler
3512,-1,3,0,2,3,4,17,25,9,6,7,11,0,9,5.5,0,0.0,0,0,0,Pathfinder NPC Core,2,Courtesan
3453,0,4,2,1,0,3,20,38,10,7,11,7,0,11,8.5,0,0.0,0,0,0,Pathfinder NPC Core,3,Leaping Thief
3514,4,3,3,0,2,1,25,110,13,14,14,13,0,18,14.5,0,0.0,0,0,0,Pathfinder NPC Core,7,Knight
3538,3,1,0,1,2,3,17,35,8,6,7,10,0,9,8.5,7,5.5,0,0,0,Pathfinder NPC Core,2,Blasphemer of Zon-Kuthon
3537,1,2,-1,1,4,2,15,15,7,2,5,9,1,7,3.5,7,4.5,1,17,9,Pathfinder NPC Core,1,Acolyte of Iomedae
3714,4,3,1,0,2,2,22,90,13,12,12,11,0,17,12.5,0,0.0,0,0,0,Pathfinder NPC Core,6,Interrogator
3715,0,3,0,4,2,4,20,55,10,6,11,16,1,13,8.5,13,9.5,2,22,14,Pathfinder NPC Core,4,Mastermind
3716,0,2,1,1,3,4,17,40,10,6,9,12,2,9,6.5,0,0.0,2,21,13,Pathfinder NPC Core,3,Propagandist
3717,1,4,4,4,2,-1,23,95,12,16,14,10,0,17,9.5,16,11.0,0,0,0,Pathfinder NPC Core,6,Reckless Scientist
3539,4,1,2,1,2,3,25,120,15,15,12,15,2,18,18.0,14,10.5,1,22,14,Pathfinder NPC Core,7,Champion of Shelyn
3718,1,3,1,2,2,1,17,28,8,5,9,8,0,9,5.5,9,5.5,0,0,0,Pathfinder NPC Core,2,Saboteur
3513,0,1,0,4,3,3,13,12,7,2,3,11,0,5,4.5,0,0.0,0,0,0,Pathfinder NPC Core,0,Envoy
3535,3,2,3,-1,2,0,18,30,8,9,8,6,0,9,7.5,8,8.5,0,0,0,Pathfinder NPC Core,2,Ruffian
3720,6,4,5,1,0,0,29,200,16,21,20,16,0,23,21.0,21,13.5,0,0,0,Pathfinder NPC Core,10,Warmonger
3721,4,2,1,3,1,3,27,120,15,12,17,15,0,19,19.0,17,13.0,0,0,0,Pathfinder NPC Core,8,Wealthy Vigilante
3722,4,3,7,7,3,2,36,275,25,30,26,28,0,28,25.5,0,0.0,8,41,33,Pathfinder NPC Core,16,World Ender
3534,0,4,0,2,3,5,25,110,17,11,17,16,0,16,8.5,0,0.0,0,0,0,Pathfinder NPC Core,7,Master of Disguise
3719,2,2,3,-1,1,0,14,20,3,9,6,3,0,6,4.5,0,0.0,0,0,0,Pathfinder NPC Core,0,Toady
3540,5,2,2,0,3,4,33,220,19,23,19,22,2,26,22.0,23,14.0,6,30,22,Pathfinder NPC Core,12,Deific Champion of Iomedae
3541,5,4,6,2,4,6,35,300,27,28,24,26,0,28,18.5,27,19.5,7,39,31,Pathfinder NPC Core,15,Deific Vessel of Urgathoa
3542,1,2,-1,3,5,4,26,150,20,16,17,21,2,18,17.5,17,16.0,5,28,20,Pathfinder NPC Core,9,High Priest of Pharasma
3557,1,4,0,2,2,1,18,28,8,6,8,6,0,10,5.5,10,5.5,0,0,0,Pathfinder NPC Core,2,Driver
3556,1,3,3,4,0,0,20,60,10,11,13,6,0,13,9.5,0,0.0,0,0,0,Pathfinder NPC Core,4,Demolitionist
3555,3,3,1,2,1,0,18,45,8,8,12,6,0,10,8.5,10,6.5,0,0,0,Pathfinder NPC Core,3,Artillerist
3554,-1,3,0,1,1,2,15,8,3,2,7,3,0,5,1.5,0,0.0,0,0,0,Pathfinder NPC Core,-1,Urchin
3553,3,4,1,0,1,0,16,17,6,4,9,6,0,7,5.5,0,0.0,0,0,0,Pathfinder NPC Core,1,Prisoner
3552,3,2,4,-1,0,2,17,40,6,10,8,6,0,9,5.5,0,0.0,0,0,0,Pathfinder NPC Core,2,Drunkard
3551,1,3,2,0,1,1,14,10,3,4,7,3,0,5,3.5,0,0.0,0,0,0,Pathfinder NPC Core,-1,Beggar
3550,4,1,1,0,3,2,22,60,9,9,7,11,1,12,6.5,9,5.5,2,19,11,Pathfinder NPC Core,4,Zealot of Asmodeus
3549,2,4,1,1,4,2,27,140,19,16,19,19,2,20,13.0,0,0.0,5,27,19,Pathfinder NPC Core,9,Traveling Priest of Desna
3548,0,3,-1,2,2,4,18,40,9,6,8,12,1,10,10.0,0,0.0,2,19,11,Pathfinder NPC Core,3,Sibyl
3547,7,2,6,2,5,4,31,195,21,23,17,22,2,0,0.0,0,0.0,5,30,22,Pathfinder NPC Core,11,Rancorous Priesthood
3546,2,1,0,1,3,4,17,25,10,8,7,11,1,8,4.5,0,0.0,1,18,10,Pathfinder NPC Core,2,Prophet
3545,3,3,1,0,4,2,21,80,14,11,13,16,1,14,11.5,0,0.0,3,24,16,Pathfinder NPC Core,6,Priest of Sarenrae
3544,1,0,2,0,3,1,14,9,5,4,4,7,0,5,4.5,0,0.0,0,0,0,Pathfinder NPC Core,-1,Pilgrim of Irori
3543,2,1,2,0,2,1,15,18,4,6,5,6,0,6,4.5,0,0.0,0,0,0,Pathfinder NPC Core,0,Penitent of Calistria
3533,3,0,1,2,2,4,18,25,8,7,6,10,0,10,7.5,0,0.0,0,0,0,Pathfinder NPC Core,2,Loan Shark
3532,4,3,3,-1,2,0,23,110,14,15,15,12,0,17,15.5,0,0.0,0,0,0,Pathfinder NPC Core,6,Legbreaker
3536,1,1,-2,2,4,3,14,15,7,3,4,11,0,6,5.5,6,6.5,0,0,0,Pathfinder NPC Core,1,Abbot of Abadar
3525,3,3,1,0,2,1,19,30,6,7,9,6,0,9,7.5,9,6.5,0,0,0,Pathfinder NPC Core,2,Bandit
3520,5,5,4,-4,2,0,24,115,16,15,14,12,0,16,16.0,0,0.0,0,0,0,Pathfinder NPC Core,7,Experienced Hound
3521,3,4,3,-4,2,0,21,50,10,11,12,10,0,14,11.0,0,0.0,0,0,0,Pathfinder NPC Core,4,Trained Bat
3524,3,5,2,1,2,3,24,120,15,15,16,13,0,0,0.0,0,0.0,0,0,0,Pathfinder NPC Core,7,Bandit Gang
3522,6,3,4,-4,2,-2,21,90,10,12,11,10,0,13,13.0,0,0.0,0,0,0,Pathfinder NPC Core,5,Veteran War Horse
3523,3,5,2,2,2,0,26,130,16,12,19,14,0,20,12.5,20,14.0,0,0,0,Pathfinder NPC Core,8,Assassin
3531,1,2,2,3,2,-1,15,20,5,7,7,5,0,7,3.5,7,3.5,0,0,0,Pathfinder NPC Core,1,Grave Robber
3518,3,2,0,2,3,2,24,85,15,12,14,16,0,16,15.5,0,0.0,0,0,0,Pathfinder NPC Core,6,Veteran Noble
3526,2,4,1,1,2,1,21,60,10,7,12,10,0,14,7.5,14,7.5,0,0,0,Pathfinder NPC Core,4,Burglar
3517,0,4,0,2,2,4,23,90,14,12,16,14,0,17,10.5,0,0.0,0,0,0,Pathfinder NPC Core,6,Spy
3528,3,5,3,2,2,6,32,250,22,23,23,22,0,26,13.5,26,15.0,0,0,0,Pathfinder NPC Core,12,Crime Kingpin
3516,4,2,3,0,2,0,21,60,12,12,10,10,0,14,9.5,0,0.0,0,0,0,Pathfinder NPC Core,4,Palace Guard
3529,0,3,0,4,2,4,20,70,11,9,12,15,0,14,8.5,0,0.0,0,0,0,Pathfinder NPC Core,5,Fence
3530,5,6,1,3,4,5,37,225,27,23,30,26,0,29,16.0,0,0.0,0,0,0,Pathfinder NPC Core,15,Flamboyant Thief
3515,2,3,1,1,2,4,18,50,11,6,10,11,0,10,8.5,0,0.0,0,0,0,Pathfinder NPC Core,3,Noble
3527,0,3,0,2,1,4,18,40,6,5,8,10,1,10,4.5,0,0.0,2,19,11,Pathfinder NPC Core,3,Charlatan
3519,5,2,4,-1,3,2,29,180,21,19,18,19,0,22,18.0,0,0.0,0,0,0,Pathfinder NPC Core,10,Beast Eidolon
5645,7,8,6,8,6,6,37,235,27,25,29,27,1,30,25.5,0,0.0,7,36,28,Pathfinder #211: The Secret of Deathstalk Tower,15,Tanglebriar Creeper
5646,8,0,6,3,5,3,31,270,24,25,17,24,1,27,31.0,27,23.0,3,26,18,Pathfinder #211: The Secret of Deathstalk Tower,13,Tanglebriar Regent
5625,7,5,3,3,6,5,36,280,27,24,26,29,2,30,32.5,0,0.0,7,36,28,Pathfinder #211: The Secret of Deathstalk Tower,15,Boggard Cultist
5626,-5,6,3,4,8,6,35,240,27,22,27,29,0,29,27.5,29,24.5,6,36,28,Pathfinder #211: The Secret of Deathstalk Tower,15,Briargeist
5628,7,3,5,0,5,3,30,197,20,22,18,22,1,24,27.5,20,21.0,5,27,19,Pathfinder #211: The Secret of Deathstalk Tower,11,Fungal Marsh Giant
5629,7,6,2,4,7,6,37,275,28,23,25,28,0,30,35.5,0,0.0,7,36,28,Pathfinder #211: The Secret of Deathstalk Tower,15,Gruddunk
5630,9,6,9,3,6,5,42,350,32,33,28,30,0,35,39.0,0,0.0,9,40,32,Pathfinder #211: The Secret of Deathstalk Tower,18,Gruntch
5624,-5,7,3,5,5,7,32,175,24,20,26,24,0,26,26.0,0,0.0,5,32,26,Pathfinder #211: The Secret of Deathstalk Tower,12,Bhuta Servant
5627,5,6,4,8,6,-1,33,220,23,22,22,26,0,24,27.5,27,21.5,7,33,25,Pathfinder #211: The Secret of Deathstalk Tower,13,Fungal Amalgamite
5649,-5,6,6,6,4,8,35,200,25,27,29,23,1,27,32.0,0,0.0,7,36,28,Pathfinder #211: The Secret of Deathstalk Tower,15,Vixivax
5647,7,4,8,0,6,4,35,345,27,29,23,27,0,30,34.5,0,0.0,0,0,0,Pathfinder #211: The Secret of Deathstalk Tower,15,The Putrid
5644,-5,7,3,5,5,7,30,175,22,18,24,22,0,24,24.0,0,0.0,9,30,22,Pathfinder #211: The Secret of Deathstalk Tower,11,Tanglebriar Bhuta
5643,8,5,5,-2,4,0,35,280,24,27,25,22,0,28,24.5,0,0.0,6,31,23,Pathfinder #211: The Secret of Deathstalk Tower,14,Tangle Khravgodon
5642,8,7,8,4,4,5,38,300,29,33,26,29,0,33,32.5,32,25.5,6,38,30,Pathfinder #211: The Secret of Deathstalk Tower,17,Swamp Blight
5641,1,5,3,1,4,4,36,275,24,23,28,24,0,28,23.0,28,13.0,4,31,23,Pathfinder #211: The Secret of Deathstalk Tower,14,Sporescout
5639,8,6,10,8,6,10,44,375,34,38,34,34,0,39,29.5,0,0.0,10,42,34,Pathfinder #211: The Secret of Deathstalk Tower,20,Spore Queen Quilindra
5640,3,5,2,3,2,0,29,175,18,18,19,16,0,22,15.0,22,11.0,0,0,0,Pathfinder #211: The Secret of Deathstalk Tower,10,Spore Thrall
5633,6,4,6,4,9,2,36,218,31,28,24,31,3,28,29.5,0,0.0,7,41,33,Pathfinder #211: The Secret of Deathstalk Tower,16,Irshandi
5638,3,5,2,2,4,1,33,234,23,22,25,22,3,24,13.0,26,12.0,5,33,25,Pathfinder #211: The Secret of Deathstalk Tower,13,Shalelu Andosana
5636,8,6,4,4,6,6,37,274,27,27,25,29,2,29,37.5,0,0.0,7,36,28,Pathfinder #211: The Secret of Deathstalk Tower,15,Pukwudgie Scribe
5635,8,6,6,2,4,4,37,245,27,29,25,23,0,30,28.5,28,30.5,7,36,28,Pathfinder #211: The Secret of Deathstalk Tower,15,Mugrisant Qlippoth
5634,5,7,3,3,5,5,30,245,20,18,24,22,0,24,29.0,24,15.0,5,27,19,Pathfinder #211: The Secret of Deathstalk Tower,11,Miastrilek
5650,9,5,6,6,8,7,44,355,33,33,30,35,0,36,35.0,0,0.0,9,41,33,Pathfinder #211: The Secret of Deathstalk Tower,19,Zauglagaul
5631,-5,4,3,2,2,5,23,90,15,14,17,13,1,13,16.0,0,0.0,7,25,17,Pathfinder #211: The Secret of Deathstalk Tower,7,Invidiak
5648,9,5,6,-1,8,6,41,350,32,30,27,32,0,34,40.5,0,0.0,0,0,0,Pathfinder #211: The Secret of Deathstalk Tower,18,Unrisen Slithermaw
5632,2,4,3,2,2,5,34,220,21,21,24,21,0,24,10.0,0,0.0,6,25,17,Pathfinder #211: The Secret of Deathstalk Tower,14,Iravalinn Morgethai
4857,4,-2,3,-5,0,-2,13,26,3,6,3,4,0,9,10.5,0,0.0,0,0,0,Pathfinder Society Scenario #6-10: Once in Whispers,1,Shambling Plague Zombie
4848,3,2,0,3,0,-2,22,140,15,12,10,15,0,14,15.5,0,0.0,0,0,0,Pathfinder Society Scenario #6-10: Once in Whispers,7,Enhanced Brain Guzzler (Central Research)
4852,3,5,2,2,4,4,27,130,18,13,16,19,0,20,18.0,0,0.0,6,24,16,Pathfinder Society Scenario #6-10: Once in Whispers,8,Lenore Toriasti (7-8)
4851,3,5,4,-4,1,2,19,90,7,12,11,7,0,12,13.0,14,11.0,0,0,0,Pathfinder Society Scenario #6-10: Once in Whispers,5,Flaring Cybernetic Zombie
4850,4,-2,3,-5,0,2,16,56,5,8,5,6,0,12,12.5,0,0.0,0,0,0,Pathfinder Society Scenario #6-10: Once in Whispers,3,Festering Plague Zombie
4849,3,2,0,3,0,-2,22,140,15,12,10,15,0,14,15.5,0,0.0,0,0,0,Pathfinder Society Scenario #6-10: Once in Whispers,7,Enhanced Brain Guzzler
4855,0,2,2,4,1,2,21,75,14,13,9,18,0,15,7.0,0,0.0,3,26,16,Pathfinder Society Scenario #6-10: Once in Whispers,6,Luxia Mirsaad
4856,5,-2,2,-5,0,2,19,78,7,14,9,9,0,13,21.0,0,0.0,0,0,0,Pathfinder Society Scenario #6-10: Once in Whispers,5,Pestilent Zombie Burster
4859,4,-2,2,-5,0,-2,19,78,9,12,8,9,0,13,19.0,0,0.0,0,0,0,Pathfinder Society Scenario #6-10: Once in Whispers,5,Sparking Plague Zombie
4858,3,5,3,-4,1,-2,20,60,7,10,11,7,0,12,12.5,14,12.5,0,0,0,Pathfinder Society Scenario #6-10: Once in Whispers,4,Sparking Cybernetic Zombie
4854,1,3,3,4,2,2,24,75,16,15,12,21,0,18,10.0,0,0.0,4,28,18,Pathfinder Society Scenario #6-10: Once in Whispers,8,Luxia Mirsaad (7-8)
4853,5,3,2,2,4,4,24,65,17,11,14,17,0,17,14.5,0,0.0,6,22,14,Pathfinder Society Scenario #6-10: Once in Whispers,6,Lenore Toriasti
4860,7,-2,6,-4,1,2,22,150,11,17,10,13,0,18,22.0,0,0.0,0,0,0,Pathfinder Society Scenario #6-10: Once in Whispers,7,Sparking Zombie Brute
4846,1,5,1,0,4,2,24,90,15,12,16,13,0,16,16.0,0,0.0,0,0,0,Pathfinder Society Scenario #6-10: Once in Whispers,6,Cackling Skull
4845,3,2,0,2,0,-2,19,91,12,9,7,12,0,12,12.0,0,0.0,0,0,0,Pathfinder Society Scenario #6-10: Once in Whispers,5,Brain Guzzler
4844,3,2,0,2,0,-2,19,91,12,9,7,12,0,12,12.0,0,0.0,0,0,0,Pathfinder Society Scenario #6-10: Once in Whispers,5,Brain Guzzler (Central Research)
4847,2,4,3,-5,0,-2,18,46,5,8,9,5,0,10,9.0,12,9.0,0,0,0,Pathfinder Society Scenario #6-10: Once in Whispers,3,Cybernetic Zombie
4861,4,-2,2,-5,0,-2,18,72,6,13,6,8,0,12,15.5,0,0.0,0,0,0,Pathfinder Society Scenario #6-10: Once in Whispers,4,Zombie Burster
4843,3,5,4,3,3,5,32,150,19,17,20,20,1,23,22.0,0,0.0,5,29,21,Pathfinder Society Scenario #6-09: The Power of Legends,10,Soaring Nilith
4842,8,1,5,-4,3,0,29,180,19,21,15,19,0,22,23.0,0,0.0,0,0,0,Pathfinder Society Scenario #6-09: The Power of Legends,10,Shredder Tyrannosaurus
4841,3,4,1,6,4,5,27,115,20,15,18,20,1,18,18.0,0,0.0,6,26,18,Pathfinder Society Scenario #6-09: The Power of Legends,9,Shadowpact Vampire
4840,6,1,5,-5,2,-4,21,155,14,15,13,10,0,17,14.5,0,0.0,0,0,0,Pathfinder Society Scenario #6-09: The Power of Legends,6,Shadowpact Tarantula
4839,7,-1,4,-5,0,-5,30,175,17,24,18,19,0,24,24.0,22,18.0,0,0,0,Pathfinder Society Scenario #6-09: The Power of Legends,11,Shadowpact Stone Bulwark
4837,-5,5,0,0,2,4,24,75,14,11,18,15,1,18,17.0,0,0.0,2,25,17,Pathfinder Society Scenario #6-09: The Power of Legends,7,Shadowpact Shadow
4836,8,5,7,-5,3,-4,30,220,22,25,21,17,0,24,25.0,22,0.0,0,0,0,Pathfinder Society Scenario #6-09: The Power of Legends,11,Shadowpact Goliath Spider
4835,0,4,0,6,4,3,29,170,18,15,19,21,1,22,16.5,0,0.0,6,34,24,Pathfinder Society Scenario #6-09: The Power of Legends,11,Penumbra
4833,5,2,6,0,3,5,24,120,15,18,12,15,0,18,20.0,16,17.5,0,0,0,Pathfinder Society Scenario #6-09: The Power of Legends,7,Manifestation of Nightmare
4832,8,5,3,0,5,2,31,195,24,18,24,20,0,24,25.0,0,0.0,0,0,0,Pathfinder Society Scenario #6-09: The Power of Legends,11,Gruasha
4831,6,2,6,0,3,6,27,160,21,21,15,18,0,21,23.0,19,21.0,0,0,0,Pathfinder Society Scenario #6-09: The Power of Legends,9,Deep Manifestation of Nightmare
4830,7,2,4,-4,2,0,23,125,15,17,13,13,0,18,16.0,0,0.0,0,0,0,Pathfinder Society Scenario #6-09: The Power of Legends,7,Barbed Stegosaurus
4838,6,-1,6,-5,0,-5,26,100,13,17,10,9,0,19,19.0,12,13.0,0,0,0,Pathfinder Society Scenario #6-09: The Power of Legends,7,Shadowpact Statue
4834,0,4,0,6,4,3,33,210,22,19,23,25,1,26,20.0,0,0.0,6,38,28,Pathfinder Society Scenario #6-09: The Power of Legends,11,Penumbra (11-12)
5616,6,5,4,0,3,2,26,195,18,17,20,16,0,21,18.0,0,0.0,0,0,0,Pathfinder #210: Whispers in the Dirt,9,Root Rotter
5612,7,5,5,-5,3,-2,29,185,17,21,17,15,0,23,23.0,0,0.0,0,0,0,Pathfinder #210: Whispers in the Dirt,10,Fungal Flytrap
5608,7,4,5,2,4,5,31,180,21,20,18,22,0,25,29.5,22,21.5,0,0,0,Pathfinder #210: Whispers in the Dirt,11,Captain Talymir
5609,2,7,6,3,3,8,33,290,22,23,26,20,0,26,25.5,26,19.5,6,33,25,Pathfinder #210: Whispers in the Dirt,13,Degholau
5610,2,4,1,1,3,5,29,160,20,17,19,18,3,19,24.0,0,0.0,5,29,18,Pathfinder #210: Whispers in the Dirt,11,Delvarnis
5611,6,4,3,2,3,5,27,200,18,16,19,18,0,0,0.0,0,0.0,4,28,20,Pathfinder #210: Whispers in the Dirt,9,Eshmok
5613,7,5,4,-3,6,2,29,180,20,18,17,22,0,23,22.0,0,0.0,0,0,0,Pathfinder #210: Whispers in the Dirt,10,Grizzer
5614,8,4,6,0,2,5,34,325,22,28,24,22,1,28,33.5,28,24.5,7,31,23,Pathfinder #210: Whispers in the Dirt,14,Lukarazyll
5607,2,4,0,2,3,5,29,160,20,15,21,20,3,22,18.0,0,0.0,6,32,24,Pathfinder #210: Whispers in the Dirt,11,Alzarius
5615,2,4,3,2,1,1,25,112,12,14,17,12,0,17,12.0,15,3.5,0,0,0,Pathfinder #210: Whispers in the Dirt,7,Razmiri Blade Assassin
5618,6,-5,7,0,4,2,23,300,22,25,11,22,0,24,25.5,0,0.0,0,0,0,Pathfinder #210: Whispers in the Dirt,12,Sinmold
5619,8,3,6,-4,2,0,32,280,23,27,22,23,0,27,31.5,0,0.0,0,0,0,Pathfinder #210: Whispers in the Dirt,13,Spore Tyrannosaurus
5620,7,5,7,4,7,6,33,250,25,25,19,23,1,25,26.0,0,0.0,6,32,24,Pathfinder #210: Whispers in the Dirt,12,Tanglebriar Isqulug
5621,7,3,6,-5,0,-5,29,220,16,22,17,14,0,23,22.0,0,0.0,0,0,0,Pathfinder #210: Whispers in the Dirt,10,Tithekeeper
5622,7,1,3,2,5,4,30,190,22,20,18,22,0,24,21.0,0,0.0,2,30,22,Pathfinder #210: Whispers in the Dirt,11,Ulugurnix
5623,5,8,5,8,5,7,34,240,25,25,28,23,0,29,22.0,0,0.0,7,34,26,Pathfinder #210: Whispers in the Dirt,14,"Vintalax, The Rotting God"
5617,4,6,4,2,1,2,27,130,15,16,18,14,0,19,13.0,19,7.5,0,0,0,Pathfinder #210: Whispers in the Dirt,8,Rotting Cultist
4995,4,1,4,0,0,1,18,26,7,10,7,4,0,11,8.5,0,0.0,0,0,0,Pathfinder Society Scenario #7-01: Intro to the Year of Battle's Spark: Enough is Enough,1,Bartolo Posandi
4996,0,0,0,0,0,0,0,1,0,0,0,0,1,11,6.5,0,0.0,0,0,0,Pathfinder Society Scenario #7-01: Intro to the Year of Battle's Spark: Enough is Enough,2,Imp Minion (3-4)
4998,0,1,2,3,1,3,19,37,13,8,8,13,0,10,8.5,0,0.0,2,21,11,Pathfinder Society Scenario #7-01: Intro to the Year of Battle's Spark: Enough is Enough,3,Olinda Posandi (3-4)
4999,0,1,2,3,1,3,16,16,10,6,6,10,0,7,4.5,0,0.0,1,18,8,Pathfinder Society Scenario #7-01: Intro to the Year of Battle's Spark: Enough is Enough,1,Olinda Posandi
4994,4,1,4,0,0,1,21,58,9,12,9,6,0,14,14.5,0,0.0,0,0,0,Pathfinder Society Scenario #7-01: Intro to the Year of Battle's Spark: Enough is Enough,3,Bartolo Posandi (3-4)
4997,0,0,0,0,0,0,0,1,0,0,0,0,1,8,2.5,0,0.0,0,0,0,Pathfinder Society Scenario #7-01: Intro to the Year of Battle's Spark: Enough is Enough,1,Imp Minion
4821,0,2,3,4,2,0,19,48,11,11,8,14,0,9,5.0,0,0.0,2,21,13,Pathfinder Society Scenario #6-08: Upon Wheels and Rime,4,High Matriarch Szvetneera
4822,1,5,2,0,1,2,21,65,11,11,14,8,0,13,13.0,13,11.0,0,0,0,Pathfinder Society Scenario #6-08: Upon Wheels and Rime,4,King Rimesnap
4828,1,3,2,-5,0,-4,16,25,4,10,7,4,0,0,0.0,0,0.0,0,0,0,Pathfinder Society Scenario #6-08: Upon Wheels and Rime,1,Zombie Crow Flock
4823,0,2,3,4,1,0,16,25,8,8,5,11,0,7,5.0,0,0.0,1,18,10,Pathfinder Society Scenario #6-08: Upon Wheels and Rime,2,Matriarch Szvetneera
4824,1,4,2,0,1,2,21,34,7,8,11,5,0,9,9.0,11,8.0,0,0,0,Pathfinder Society Scenario #6-08: Upon Wheels and Rime,2,Rimesnap
4825,3,1,3,-1,1,0,15,9,8,8,5,2,0,8,7.5,6,3.5,0,0,0,Pathfinder Society Scenario #6-08: Upon Wheels and Rime,-1,Ulfen Bodyguard
4826,3,1,3,0,1,1,17,36,11,11,8,5,0,11,9.5,9,8.5,0,0,0,Pathfinder Society Scenario #6-08: Upon Wheels and Rime,2,Ulfen Captain
4827,3,2,3,0,1,2,20,72,14,14,11,8,0,14,14.0,12,12.0,0,0,0,Pathfinder Society Scenario #6-08: Upon Wheels and Rime,4,Ulfen Witchguard
4829,1,3,2,-5,0,-4,15,9,2,8,5,2,0,0,0.0,0,0.0,0,0,0,Pathfinder Society Scenario #6-08: Upon Wheels and Rime,-1,Zombie Crow Swarm
4991,3,1,0,-2,0,1,14,24,3,6,4,10,0,8,3.5,0,0.0,2,15,7,Pathfinder Society Quest #22: Friends in Need,1,Wood Scamp (Quest 22)
4960,2,4,3,-2,0,2,18,45,8,10,13,7,0,0,0.0,0,0.0,0,0,0,Pathfinder Society Quest #22: Friends in Need,3,Anxious Baby Scamp Swarm
4963,2,4,3,-2,0,2,15,20,6,7,10,4,0,0,0.0,0,0.0,0,0,0,Pathfinder Society Quest #22: Friends in Need,1,Baby Scamp Swarm
4990,3,1,2,0,3,0,14,10,6,3,0,6,0,3,1.5,0,0.0,0,0,0,Pathfinder Society Quest #22: Friends in Need,-1,Weak Wood Wisp
4969,3,1,0,-2,0,1,6,34,5,8,6,12,0,10,5.5,0,0.0,2,15,7,Pathfinder Society Quest #22: Friends in Need,2,Elite Wood Scamp
4973,3,-1,3,-4,1,-3,15,25,6,8,4,6,0,9,6.5,0,0.0,0,0,0,Pathfinder Society Quest #22: Friends in Need,1,Gluttonous Geode (Quest 22)
4978,2,0,2,-2,0,0,15,20,3,7,5,5,0,9,5.5,0,0.0,2,17,9,Pathfinder Society Quest #22: Friends in Need,1,Metal Scamp (Quest 22)
4988,3,-1,3,-4,1,-3,13,15,6,6,2,4,0,7,4.5,0,0.0,0,0,0,Pathfinder Society Quest #22: Friends in Need,-1,Weak Gluttonous Geode
4989,3,1,0,-2,0,1,12,14,3,4,2,8,0,6,1.5,0,0.0,2,13,5,Pathfinder Society Quest #22: Friends in Need,-1,Weak Wood Scamp
3126,6,4,7,-4,4,1,27,170,16,18,16,14,0,18,17.0,0,0.0,0,0,0,Pathfinder Monster Core,8,Giant Hippocampus
3127,5,3,3,-5,2,0,18,40,9,10,12,7,0,12,11.5,0,0.0,0,0,0,Pathfinder Monster Core,3,Giant Mantis
3128,3,2,3,-4,1,-2,18,36,7,9,8,5,0,11,8.5,0,0.0,0,0,0,Pathfinder Monster Core,2,Giant Monitor Lizard
3129,6,2,3,-4,2,-1,21,65,11,14,13,9,0,15,15.0,0,0.0,0,0,0,Pathfinder Monster Core,5,Giant Moray Eel
3130,6,3,4,-4,3,-2,27,135,15,16,17,15,0,20,18.0,0,0.0,0,0,0,Pathfinder Monster Core,8,Giant Octopus
3131,1,3,2,-4,1,-3,15,8,5,6,7,3,0,7,4.5,0,0.0,0,0,0,Pathfinder Monster Core,-1,Giant Rat
3132,4,2,3,-5,2,-4,18,45,9,12,9,7,0,11,9.5,0,0.0,0,0,0,Pathfinder Monster Core,3,Giant Scorpion
3133,5,1,5,-5,2,-1,22,55,10,13,9,8,0,13,14.0,0,0.0,0,0,0,Pathfinder Monster Core,4,Giant Stag Beetle
3134,6,1,5,-5,2,-4,21,135,14,15,13,10,0,17,14.5,0,0.0,0,0,0,Pathfinder Monster Core,6,Giant Tarantula
3135,3,4,3,-4,1,-2,17,26,7,8,11,6,0,11,7.5,0,0.0,0,0,0,Pathfinder Monster Core,2,Giant Viper
3136,4,4,4,-5,1,1,17,45,8,9,11,6,0,12,10.5,0,0.0,0,0,0,Pathfinder Monster Core,3,Giant Wasp
3137,4,2,3,-4,1,-2,20,60,10,14,11,8,0,13,10.5,0,0.0,0,0,0,Pathfinder Monster Core,4,Gigantopithecus
3138,4,7,4,5,3,4,34,235,21,22,25,19,0,26,27.5,28,17.0,0,0,0,Pathfinder Monster Core,12,Gimmerling
3139,6,9,6,5,6,3,41,230,28,26,31,28,0,30,37.0,33,24.5,9,37,29,Pathfinder Monster Core,16,Giylea
3140,6,-5,5,-5,0,-5,12,170,9,16,6,9,0,15,15.0,0,0.0,0,0,0,Pathfinder Monster Core,5,Globster
3125,2,3,1,-4,2,-2,16,20,7,6,10,5,0,8,6.5,0,0.0,0,0,0,Pathfinder Monster Core,1,Giant Gecko
3124,5,1,4,-4,2,0,22,75,11,13,12,9,0,16,14.0,0,0.0,0,0,0,Pathfinder Monster Core,5,Giant Frilled Lizard
3120,-1,3,1,-5,1,-4,15,8,6,7,6,2,0,6,1.5,0,0.0,0,0,0,Pathfinder Monster Core,-1,Giant Centipede
3122,3,4,1,0,2,2,17,45,11,6,11,9,0,12,10.5,0,0.0,0,0,0,Pathfinder Monster Core,3,Giant Eagle
3119,4,2,3,-4,3,-2,18,30,11,9,8,7,0,9,7.5,0,0.0,0,0,0,Pathfinder Monster Core,2,Giant Bat
3118,4,1,4,-5,1,-4,18,30,7,10,7,5,0,9,7.5,0,0.0,0,0,0,Pathfinder Monster Core,2,Giant Ant
3117,6,-1,6,-5,0,-5,26,100,13,17,10,9,0,19,19.0,12,13.0,0,0,0,Pathfinder Monster Core,7,Giant Animated Statue
3141,4,3,4,0,2,1,16,30,10,10,9,6,0,10,9.5,0,0.0,0,0,0,Pathfinder Monster Core,2,Gluttonyspawn
3116,7,3,6,-4,3,-2,25,175,17,20,17,15,0,19,16.0,0,0.0,0,0,0,Pathfinder Monster Core,8,Giant Anaconda
3115,1,4,1,1,2,2,17,16,7,4,9,5,0,9,4.5,0,0.0,0,0,0,Pathfinder Monster Core,1,Ghoul Stalker
3114,3,2,2,1,2,3,17,28,8,8,8,6,0,11,7.5,0,0.0,0,0,0,Pathfinder Monster Core,2,Ghoul Soldier
3113,-5,3,0,6,3,6,27,135,17,16,19,22,1,21,21.0,0,0.0,5,29,23,Pathfinder Monster Core,10,Ghost Mage
3112,-5,3,0,0,2,2,20,30,10,8,11,8,0,13,9.0,0,0.0,0,0,0,Pathfinder Monster Core,4,Ghost Commoner
3111,3,2,3,-2,2,-2,21,40,10,13,10,10,0,13,10.0,0,0.0,0,0,0,Pathfinder Monster Core,4,Gargoyle
2987,8,5,8,-2,5,4,36,225,27,28,23,25,1,28,38.0,0,0.0,6,31,23,Pathfinder Monster Core,14,Augnagar
2988,6,-1,6,-5,3,0,22,100,13,16,9,13,0,16,13.0,0,0.0,0,0,0,Pathfinder Monster Core,6,Awakened Tree
3110,1,5,3,2,1,5,21,75,11,9,13,11,1,13,10.5,0,0.0,5,23,15,Pathfinder Monster Core,4,Gancanagh
3109,2,4,2,-1,2,0,19,30,6,8,10,6,1,10,5.5,10,5.5,3,16,8,Pathfinder Monster Core,2,Fungus Leshy
3121,4,2,4,-4,3,0,22,75,12,13,11,10,0,15,14.0,0,0.0,0,0,0,Pathfinder Monster Core,5,Giant Crawling Hand
3123,7,5,5,-5,3,-2,29,185,17,21,17,15,0,23,23.0,0,0.0,0,0,0,Pathfinder Monster Core,10,Giant Flytrap
3142,1,3,1,1,2,4,16,16,7,5,7,9,0,0,0.0,0,0.0,1,19,11,Pathfinder Monster Core,1,Gnome Bard
2977,6,1,4,-4,2,-2,29,120,16,18,15,14,0,20,22.0,17,17.5,0,0,0,Pathfinder Monster Core,8,Ankhrav Hive Mother
3144,3,2,2,-4,1,-1,15,17,6,8,8,5,0,9,6.5,0,0.0,0,0,0,Pathfinder Monster Core,1,Goblin Dog
2974,3,-3,4,-5,0,-5,17,20,6,10,3,4,0,10,8.5,0,0.0,0,0,0,Pathfinder Monster Core,2,Animated Armor
2973,4,3,3,-4,1,2,21,60,13,13,13,7,0,14,11.0,0,0.0,0,0,0,Pathfinder Monster Core,4,Alce
2972,6,6,7,3,5,4,32,225,27,23,22,23,0,24,22.5,0,0.0,2,32,24,Pathfinder Monster Core,12,Akhana
2971,0,0,0,0,0,0,17,20,11,5,11,8,0,9,5.5,0,0.0,1,18,10,Pathfinder Monster Core,2,Aiuvarin Elementalist
2970,1,4,0,-2,0,0,16,12,3,3,9,7,0,9,4.5,0,0.0,2,17,9,Pathfinder Monster Core,1,Air Scamp
2969,5,2,4,1,2,5,27,100,15,17,11,15,0,18,19.5,15,19.5,5,24,16,Pathfinder Monster Core,7,Aesra
2968,6,4,7,2,5,4,33,250,23,25,20,23,0,25,21.0,0,0.0,6,32,24,Pathfinder Monster Core,12,Aeolaeka
2967,6,2,4,1,2,3,27,140,17,21,15,17,0,21,18.0,19,18.0,0,0,0,Pathfinder Monster Core,9,Adamantine Dragon (Young)
2966,6,2,4,1,2,3,27,140,17,21,15,17,0,21,18.0,19,18.0,4,28,21,Pathfinder Monster Core,9,"Adamantine Dragon (Young, Spellcaster)"
2965,9,4,8,4,5,6,41,300,30,32,26,29,0,36,31.5,34,31.5,0,0,0,Pathfinder Monster Core,18,Adamantine Dragon (Ancient)
2964,9,4,8,4,5,6,41,300,30,32,26,29,0,36,31.5,34,31.5,8,41,36,Pathfinder Monster Core,18,"Adamantine Dragon (Ancient, Spellcaster)"
2963,8,3,6,3,4,5,33,220,23,25,20,23,0,27,27.5,25,27.5,0,0,0,Pathfinder Monster Core,13,Adamantine Dragon (Adult)
2962,8,3,6,3,4,5,33,220,23,25,20,23,0,27,27.5,25,27.5,6,34,27,Pathfinder Monster Core,13,"Adamantine Dragon (Adult, Spellcaster)"
2961,4,2,3,-1,1,-1,18,60,8,10,7,6,0,11,9.5,0,0.0,0,0,0,Pathfinder Monster Core,3,Aapoph Serpentfolk
2960,5,4,4,-1,1,1,24,120,13,16,14,11,0,17,15.5,16,14.5,0,0,0,Pathfinder Monster Core,6,Aapoph Granitescale
2975,0,1,0,-5,0,-5,15,6,3,3,6,3,0,6,2.5,0,0.0,0,0,0,Pathfinder Monster Core,-1,Animated Broom
2976,4,-2,5,-5,0,-5,19,35,9,12,5,5,0,11,10.5,0,0.0,0,0,0,Pathfinder Monster Core,3,Animated Statue
3108,6,0,5,0,2,0,29,150,17,23,16,16,0,21,21.0,21,19.5,0,0,0,Pathfinder Monster Core,9,Frost Giant
2978,4,1,3,-4,0,-2,18,40,7,12,8,7,0,13,12.0,10,10.5,0,0,0,Pathfinder Monster Core,3,Ankhrav
3145,0,4,2,0,-1,3,17,15,4,5,9,4,1,0,0.0,0,0.0,1,16,6,Pathfinder Monster Core,1,Goblin Pyro
3146,2,3,2,1,0,4,17,16,5,7,8,5,1,8,5.5,8,3.5,1,17,7,Pathfinder Monster Core,1,Goblin War Chanter
3147,0,3,1,0,-1,1,16,6,2,5,7,3,0,7,3.5,7,3.5,0,0,0,Pathfinder Monster Core,-1,Goblin Warrior
3148,6,3,4,-2,1,0,31,250,21,25,22,20,0,26,22.5,0,0.0,0,0,0,Pathfinder Monster Core,12,Gogiteth
3149,8,5,7,-5,3,-4,30,220,22,25,21,17,0,24,25.0,22,0.0,0,0,0,Pathfinder Monster Core,11,Goliath Spider
3150,6,6,7,1,3,4,31,205,20,24,21,20,0,24,16.0,0,0.0,6,30,22,Pathfinder Monster Core,11,Gongorinan
3151,4,2,3,-4,1,-2,18,45,8,12,9,6,0,11,8.5,0,0.0,0,0,0,Pathfinder Monster Core,3,Gorilla
3143,3,3,2,-1,0,2,17,18,5,7,8,5,0,8,7.5,8,3.5,0,0,0,Pathfinder Monster Core,1,Goblin Commando
3152,3,6,3,6,5,7,31,195,21,18,23,22,1,21,16.0,0,0.0,6,30,22,Pathfinder Monster Core,11,Gosreg
2985,8,6,7,2,4,7,39,240,28,27,30,26,1,32,24.5,0,0.0,8,37,29,Pathfinder Monster Core,16,Astradaemon
2984,-2,4,4,-5,2,-4,21,55,11,13,11,9,0,0,0.0,0,0.0,0,0,0,Pathfinder Monster Core,5,Army Ant Swarm
2983,5,1,3,1,3,1,20,75,11,13,9,11,0,13,13.5,0,0.0,0,0,0,Pathfinder Monster Core,4,Arboreal Warden
2982,7,-1,6,1,4,2,26,150,18,20,11,16,1,19,16.0,19,18.0,3,26,18,Pathfinder Monster Core,8,Arboreal Regent
2981,1,4,2,0,2,1,16,22,7,5,7,7,1,7,4.5,0,0.0,4,17,9,Pathfinder Monster Core,1,Arbiter
2980,9,4,8,-4,6,3,42,255,33,35,27,31,1,35,44.5,0,0.0,4,40,30,Pathfinder Monster Core,18,Aolaz
2979,7,0,4,-4,2,-1,26,90,12,16,10,12,0,17,14.0,0,0.0,0,0,0,Pathfinder Monster Core,6,Ankylosaurus
2986,4,3,0,1,2,0,20,38,9,7,10,9,0,11,8.5,10,4.5,0,0,0,Pathfinder Monster Core,3,Athamaru Hunter
3107,6,2,4,-1,3,1,25,115,14,17,15,14,0,17,19.0,0,0.0,0,0,0,Pathfinder Monster Core,7,Frost Drake
3001,3,0,2,0,4,3,18,40,11,9,7,11,1,10,0.0,0,0.0,2,21,11,Pathfinder Monster Core,3,Boggard Swampseer
3105,5,5,4,6,3,3,30,175,19,18,21,19,0,21,21.5,0,0.0,5,30,22,Pathfinder Monster Core,10,"Fortune Dragon (Young, Spellcaster)"
3031,4,6,2,3,4,4,24,110,17,13,17,15,0,18,17.0,0,0.0,5,25,17,Pathfinder Monster Core,7,Coarti
3032,-2,4,1,-3,1,-1,17,45,8,8,11,6,0,13,2.5,0,0.0,0,0,0,Pathfinder Monster Core,3,Cockatrice
3033,2,4,1,4,2,5,22,48,10,9,12,10,1,14,8.5,10,6.5,4,21,13,Pathfinder Monster Core,4,Coil Spy
3034,0,3,2,-4,2,-2,15,8,5,4,7,4,0,7,3.5,0,0.0,0,0,0,Pathfinder Monster Core,-1,Compsognathus
3035,6,3,4,-5,1,-4,27,100,15,17,14,10,0,18,19.0,0,0.0,0,0,0,Pathfinder Monster Core,7,Con Rit
3036,5,3,4,5,5,7,33,215,23,20,21,25,0,25,21.5,25,16.5,5,32,24,Pathfinder Monster Core,12,"Conspirator Dragon (Adult, Spellcaster)"
3037,5,3,4,5,5,7,33,215,23,20,21,25,0,25,21.5,25,16.5,5,32,24,Pathfinder Monster Core,12,Conspirator Dragon (Adult)
3038,9,5,6,6,7,8,40,345,30,27,28,32,0,32,27.5,31,27.0,8,41,33,Pathfinder Monster Core,17,"Conspirator Dragon (Ancient, Spellcaster)"
3039,9,5,6,6,7,8,40,345,30,27,28,32,0,32,27.5,31,27.0,6,41,33,Pathfinder Monster Core,17,Conspirator Dragon (Ancient)
3040,5,3,2,2,4,4,27,135,16,14,15,18,0,19,15.0,18,13.5,4,26,18,Pathfinder Monster Core,8,"Conspirator Dragon (Young, Spellcaster)"
3041,5,3,2,2,4,4,27,135,16,14,15,18,0,19,15.0,18,13.5,4,26,18,Pathfinder Monster Core,8,Conspirator Dragon (Young)
3042,8,4,6,-3,4,5,37,270,26,28,24,22,1,30,24.5,0,0.0,6,33,25,Pathfinder Monster Core,14,Crag Linnorm
3043,1,3,0,-4,0,0,12,8,5,2,5,2,0,7,3.5,0,0.0,0,0,0,Pathfinder Monster Core,-1,Crawling Hand
3044,4,1,3,-5,1,-4,17,30,7,9,7,5,0,10,7.5,0,0.0,0,0,0,Pathfinder Monster Core,2,Crocodile
3045,5,4,3,4,3,6,28,170,18,16,19,18,0,20,20.5,0,0.0,9,29,21,Pathfinder Monster Core,9,Cuckoo Hag
3046,5,-1,2,0,3,-1,21,80,12,13,8,12,0,14,15.5,8,9.5,0,0,0,Pathfinder Monster Core,5,Cyclops
3047,1,3,4,2,2,1,16,14,5,9,6,5,1,8,6.5,0,0.0,4,17,9,Pathfinder Monster Core,1,Cythnigot
3048,6,0,3,-4,2,-1,21,60,12,13,9,10,0,14,15.0,0,0.0,0,0,0,Pathfinder Monster Core,4,Daeodon
3049,8,3,5,-5,3,-2,31,220,20,24,20,18,0,25,27.0,0,0.0,0,0,0,Pathfinder Monster Core,11,Deadly Mantis
3050,3,3,4,-4,1,2,17,30,7,10,9,5,0,9,9.0,0,0.0,0,0,0,Pathfinder Monster Core,2,Deinonychus
3051,7,3,5,-5,2,-4,26,175,17,20,16,15,0,22,24.0,0,0.0,0,0,0,Pathfinder Monster Core,9,Deinosuchus
3052,1,4,2,3,-1,5,22,65,8,10,13,10,1,10,5.5,0,0.0,4,24,16,Pathfinder Monster Core,5,Dero Magister
3053,2,4,3,0,-1,1,19,30,5,7,10,3,1,10,5.5,10,3.5,0,17,9,Pathfinder Monster Core,2,Dero Stalker
2999,4,1,4,-4,2,-3,15,40,8,10,5,8,0,10,11.0,0,0.0,0,0,0,Pathfinder Monster Core,2,Boar
2998,10,-1,8,-5,-1,-1,35,320,22,32,20,23,0,31,30.0,0,0.0,0,0,0,Pathfinder Monster Core,15,Benthic Worm
3030,7,0,5,1,3,1,30,220,22,25,18,21,1,25,24.0,0,0.0,4,30,22,Pathfinder Monster Core,11,Cloud Giant
2997,4,-1,5,-3,2,1,22,75,11,14,8,11,0,15,13.0,0,0.0,0,0,0,Pathfinder Monster Core,5,Basilisk
3029,6,-1,6,-5,0,-5,29,175,16,23,16,17,0,24,24.0,0,0.0,0,0,0,Pathfinder Monster Core,10,Clay Effigy
3027,3,4,2,-3,2,-2,18,45,9,9,11,7,0,11,8.5,0,0.0,0,0,0,Pathfinder Monster Core,3,Chupacabra
3002,4,0,4,-1,2,1,17,38,8,10,5,8,0,10,0.0,0,0.0,0,0,0,Pathfinder Monster Core,2,Boggard Warrior
3003,5,4,4,-4,-2,1,20,100,12,15,12,8,0,15,17.0,14,9.0,0,0,0,Pathfinder Monster Core,5,Bogwid
3004,3,3,2,5,5,6,27,115,15,14,15,19,1,18,14.0,0,0.0,6,28,20,Pathfinder Monster Core,8,Bone Prophet
3005,2,3,2,-4,3,0,15,16,7,6,7,5,0,6,5.5,0,0.0,0,0,0,Pathfinder Monster Core,0,Bottlenose Dolphin
3006,4,3,4,1,1,2,22,80,12,15,12,10,1,15,12.5,0,0.0,4,21,13,Pathfinder Monster Core,5,Brimorak
3007,3,2,2,-4,1,0,19,45,8,9,11,6,0,11,13.5,0,0.0,0,0,0,Pathfinder Monster Core,3,Brine Shark
3008,9,0,5,-4,2,1,28,220,16,21,14,16,0,23,22.0,0,0.0,0,0,0,Pathfinder Monster Core,10,Brontosaurus
3009,4,2,3,-1,1,0,17,34,7,9,8,5,0,10,6.5,0,0.0,0,0,0,Pathfinder Monster Core,2,Bugbear Prowler
3010,4,3,2,-1,1,0,20,44,8,9,10,6,0,11,8.5,0,0.0,0,0,0,Pathfinder Monster Core,3,Bugbear Tormentor
3011,0,3,2,-1,1,2,16,22,6,7,8,6,1,8,4.5,0,0.0,4,17,9,Pathfinder Monster Core,1,Cacodaemon
3012,8,6,6,0,6,8,35,315,26,28,25,23,1,30,28.0,0,0.0,2,34,26,Pathfinder Monster Core,14,Caldera Oni
3013,0,4,2,-1,1,3,17,18,6,7,9,4,1,9,2.5,0,0.0,1,16,8,Pathfinder Monster Core,1,Caligni Dancer
3014,2,5,2,-1,2,1,21,60,10,10,13,8,1,13,10.5,0,0.0,2,19,11,Pathfinder Monster Core,4,Caligni Hunter
3015,0,4,3,-1,2,1,19,30,8,9,10,6,1,10,2.5,0,0.0,0,0,0,Pathfinder Monster Core,2,Caligni Skulker
3016,-1,1,2,-1,1,1,16,20,6,7,6,4,0,6,2.5,0,0.0,4,16,8,Pathfinder Monster Core,1,Cassisian
3017,3,4,1,-1,1,1,17,17,6,6,9,4,0,9,5.5,0,0.0,0,0,0,Pathfinder Monster Core,1,Catfolk Pouncer
3018,6,4,7,-3,2,0,33,215,22,25,20,18,0,26,25.0,0,0.0,0,0,0,Pathfinder Monster Core,12,Cauthooj
3019,6,1,6,-4,1,-1,24,95,13,16,11,13,0,16,15.0,0,0.0,0,0,0,Pathfinder Monster Core,6,Cave Bear
3020,9,-1,7,-5,-1,-1,32,270,20,28,21,21,0,28,28.0,26,0.0,0,0,0,Pathfinder Monster Core,13,Cave Worm
3021,3,2,1,0,3,1,18,40,10,8,9,9,0,9,9.5,8,4.5,0,0,0,Pathfinder Monster Core,3,Centaur Herbalist
3022,2,4,3,-5,0,-4,18,30,9,8,11,5,0,0,0.0,0,0.0,0,0,0,Pathfinder Monster Core,3,Centipede Swarm
3023,4,1,0,0,4,2,19,45,11,7,8,11,2,11,6.5,0,0.0,2,21,13,Pathfinder Monster Core,3,Changeling Exile
3024,5,-1,3,-5,0,-5,26,140,12,18,14,15,0,20,18.0,0,0.0,0,0,0,Pathfinder Monster Core,8,Charnel Creation
3025,6,2,4,-3,2,0,27,135,16,18,16,14,0,20,16.0,0,0.0,0,0,0,Pathfinder Monster Core,8,Chimera
3026,1,4,2,3,4,5,24,100,14,10,14,16,1,14,12.0,17,14.0,5,23,15,Pathfinder Monster Core,6,Choral
3028,2,3,2,-4,2,0,18,45,9,9,12,6,0,10,11.0,0,0.0,0,0,0,Pathfinder Monster Core,3,Cinder Rat
2996,5,2,3,2,2,3,20,50,12,11,12,8,1,13,12.0,0,0.0,2,21,13,Pathfinder Monster Core,4,Barghest
2995,-5,6,2,0,7,7,39,250,32,25,29,32,0,32,36.0,0,0.0,0,0,0,Pathfinder Monster Core,17,Banshee
2994,9,6,6,-4,6,6,41,335,30,32,30,27,0,34,26.5,30,26.5,0,0,0,Pathfinder Monster Core,17,Bandersnatch
3080,7,-1,8,0,3,-1,32,215,20,26,17,21,0,24,24.0,24,20.0,0,0,0,Pathfinder Monster Core,11,Elemental Avalanche
3081,6,7,4,0,3,0,32,140,20,19,24,18,0,24,23.0,24,19.0,0,0,0,Pathfinder Monster Core,11,Elemental Hurricane
3082,6,6,5,0,3,0,31,210,20,21,23,19,0,24,36.5,24,17.0,0,0,0,Pathfinder Monster Core,11,Elemental Inferno
3084,7,0,4,-4,2,-2,23,130,13,18,11,13,0,18,0.0,0,0.0,0,0,0,Pathfinder Monster Core,7,Elephant
3085,1,4,1,3,3,1,16,17,10,4,10,7,0,9,4.5,9,5.5,0,0,0,Pathfinder Monster Core,1,Elf Ranger
3086,8,4,6,4,7,5,36,250,27,24,24,26,0,28,29.0,0,0.0,7,34,26,Pathfinder Monster Core,14,"Empyreal Dragon (Adult, Spellcaster)"
3087,8,4,6,4,7,5,36,250,27,24,24,26,0,28,29.0,0,0.0,7,34,26,Pathfinder Monster Core,14,Empyreal Dragon (Adult)
3088,8,4,6,4,7,5,43,350,35,31,31,35,0,35,38.5,0,0.0,9,41,33,Pathfinder Monster Core,19,"Empyreal Dragon (Ancient, Spellcaster)"
3089,8,4,6,4,7,5,43,350,35,31,31,35,0,35,38.5,0,0.0,7,41,33,Pathfinder Monster Core,19,Empyreal Dragon (Ancient)
3090,6,3,4,3,5,4,30,170,21,18,19,21,0,22,22.5,0,0.0,5,29,21,Pathfinder Monster Core,10,"Empyreal Dragon (Young, Spellcaster)"
3091,6,3,4,3,5,4,30,170,21,18,19,21,0,22,22.5,0,0.0,5,29,21,Pathfinder Monster Core,10,Empyreal Dragon (Young)
3092,4,3,4,0,2,1,16,30,10,10,9,6,0,10,9.5,0,0.0,0,0,0,Pathfinder Monster Core,2,Envyspawn
3093,4,5,2,1,3,5,28,145,16,17,18,18,1,21,19.0,0,0.0,7,24,12,Pathfinder Monster Core,9,Faydhaan
3094,-2,4,0,2,0,2,18,30,8,5,12,11,1,10,2.5,0,0.0,2,21,13,Pathfinder Monster Core,2,Fey Dragonet
3095,7,0,5,2,2,0,31,175,18,23,16,18,0,24,26.0,21,21.0,0,0,0,Pathfinder Monster Core,10,Fire Giant
3096,0,4,0,-2,0,2,17,16,3,3,9,7,0,9,6.0,0,0.0,0,15,7,Pathfinder Monster Core,1,Fire Scamp
3097,5,5,4,-1,3,0,28,165,16,18,20,15,0,20,29.0,20,15.0,0,0,0,Pathfinder Monster Core,9,Firewyrm
3098,5,1,3,-1,3,0,22,75,12,12,10,10,0,14,12.0,0,0.0,0,0,0,Pathfinder Monster Core,5,Flame Drake
3099,1,3,2,-5,1,-2,16,6,6,5,8,4,0,8,3.5,0,0.0,0,0,0,Pathfinder Monster Core,-1,Flash Beetle
3100,5,2,6,-2,0,-2,20,125,11,17,11,7,0,14,14.0,0,0.0,0,0,0,Pathfinder Monster Core,5,Forest Troll
3101,7,7,6,8,4,4,36,230,24,24,27,24,0,27,27.0,0,0.0,7,36,22,Pathfinder Monster Core,14,"Fortune Dragon (Adult, Spellcaster)"
3102,7,7,6,8,4,4,36,230,24,24,27,24,0,27,27.0,0,0.0,7,36,22,Pathfinder Monster Core,14,Fortune Dragon (Adult)
3103,9,9,8,10,5,5,43,300,30,31,34,32,0,34,32.5,0,0.0,9,45,37,Pathfinder Monster Core,19,"Fortune Dragon (Ancient, Spellcaster)"
3104,9,9,8,10,5,5,43,300,30,31,34,32,0,34,32.5,0,0.0,9,45,37,Pathfinder Monster Core,19,Fortune Dragon (Ancient)
3079,1,2,2,-5,1,-1,16,18,4,7,7,4,0,6,6.0,0,0.0,0,0,0,Pathfinder Monster Core,1,Electric Eel
3078,4,4,2,-3,2,-2,24,95,14,12,16,12,0,16,15.0,0,0.0,0,0,0,Pathfinder Monster Core,6,Elananx
3077,3,-1,2,-2,0,-1,15,20,3,8,4,3,0,8,6.5,0,0.0,3,17,9,Pathfinder Monster Core,1,Earth Scamp
3076,0,3,1,-4,1,1,15,6,6,4,6,2,0,6,2.5,0,0.0,0,0,0,Pathfinder Monster Core,-1,Eagle
2993,5,2,4,1,6,5,26,145,18,16,12,18,1,20,18.5,0,0.0,5,26,18,Pathfinder Monster Core,8,Balisse
2992,2,4,4,4,2,4,22,75,11,11,15,11,1,15,14.0,0,0.0,4,22,12,Pathfinder Monster Core,5,Azuretzi
2991,4,4,2,0,1,2,25,115,15,15,18,12,0,18,11.5,17,3.5,0,0,0,Pathfinder Monster Core,7,Azarketi Tide Tamer
2990,2,3,2,0,1,1,16,15,6,6,9,3,0,7,4.5,0,0.0,0,0,0,Pathfinder Monster Core,0,Azarketi Crab Catcher
2989,5,4,3,5,5,3,26,155,19,13,16,18,1,20,20.0,0,0.0,5,27,17,Pathfinder Monster Core,8,Axiomite
3054,4,3,3,0,-1,2,19,45,6,10,8,6,1,11,10.5,10,5.5,2,19,11,Pathfinder Monster Core,3,Dero Strangler
3055,6,3,5,-1,3,1,27,135,15,17,15,13,0,19,21.0,0,0.0,0,0,0,Pathfinder Monster Core,8,Desert Drake
3056,5,7,3,-4,2,-1,30,130,18,17,21,16,0,21,29.0,23,18.0,0,0,0,Pathfinder Monster Core,10,Dezullon
3058,8,4,6,3,5,5,36,285,26,29,25,26,0,30,31.5,0,0.0,7,34,26,Pathfinder Monster Core,15,"Diabolic Dragon (Adult, Spellcaster)"
3059,8,4,6,3,5,5,36,285,26,29,25,26,0,30,31.5,0,0.0,7,34,26,Pathfinder Monster Core,15,Diabolic Dragon (Adult)
3060,10,5,8,5,7,8,44,390,33,36,32,32,0,38,43.0,0,0.0,9,40,32,Pathfinder Monster Core,20,"Diabolic Dragon (Ancient, Spellcaster)"
3061,10,5,8,5,7,8,44,390,33,36,32,32,0,38,43.0,0,0.0,9,40,32,Pathfinder Monster Core,20,Diabolic Dragon (Ancient)
3000,3,2,4,-1,2,0,16,24,7,9,5,7,0,8,0.0,7,4.5,0,0,0,Pathfinder Monster Core,1,Boggard Scout
3062,7,3,6,2,4,3,30,215,21,23,20,21,0,24,26.0,0,0.0,5,28,20,Pathfinder Monster Core,11,"Diabolic Dragon (Young, Spellcaster)"
3064,5,3,4,-4,3,-2,18,50,10,11,8,8,0,12,10.5,0,0.0,0,0,0,Pathfinder Monster Core,3,Dire Wolf
3065,6,4,5,-4,2,0,16,300,15,21,18,15,0,21,23.0,0,0.0,0,0,0,Pathfinder Monster Core,9,Doldrums Heap
3066,6,0,4,1,3,1,29,140,18,19,15,17,0,21,18.0,0,0.0,0,0,0,Pathfinder Monster Core,9,Dragon Turtle
3067,-1,4,1,3,1,3,19,45,8,6,11,8,0,11,7.5,7,8.0,2,20,12,Pathfinder Monster Core,3,Draxie
3068,3,3,1,0,2,0,19,28,11,7,9,8,0,9,6.5,0,0.0,0,0,0,Pathfinder Monster Core,2,Dromaar Mountaineer
3069,2,6,6,4,4,8,35,220,25,24,26,24,1,27,27.5,27,19.5,8,35,25,Pathfinder Monster Core,13,Dryad Queen
3070,0,4,1,2,3,4,17,55,10,6,11,10,1,12,8.5,0,0.0,5,20,12,Pathfinder Monster Core,3,Dryad
3071,6,2,2,2,3,4,28,95,14,13,15,17,0,18,12.5,0,0.0,0,0,0,Pathfinder Monster Core,7,Dullahan
3072,2,4,1,0,2,0,21,56,10,9,12,10,0,14,8.5,14,8.5,0,0,0,Pathfinder Monster Core,4,Duskwalker Ghost Hunter
3073,4,2,3,2,5,-1,20,70,13,11,8,14,0,12,6.5,0,0.0,0,0,0,Pathfinder Monster Core,4,Dwarf Stonecaster
3074,4,1,3,1,3,-1,17,20,7,8,3,5,0,8,4.5,0,0.0,0,0,0,Pathfinder Monster Core,1,Dwarf Warrior
3075,-5,7,0,1,6,8,35,175,27,21,28,29,0,28,37.5,0,0.0,6,36,30,Pathfinder Monster Core,15,Dybbuk
3063,7,3,6,2,4,3,30,215,21,23,20,21,0,24,26.0,0,0.0,5,28,20,Pathfinder Monster Core,11,Diabolic Dragon (Young)
3106,5,5,4,6,3,3,30,175,19,18,21,19,0,21,21.5,0,0.0,5,30,22,Pathfinder Monster Core,10,Fortune Dragon (Young)
3057,2,3,0,4,0,1,17,22,4,4,7,6,1,7,4.5,0,0.0,1,18,8,Pathfinder Monster Core,2,Dhampir Wizard
3154,7,4,4,2,3,5,31,175,19,21,19,18,0,24,20.5,21,18.5,0,0,0,Pathfinder Monster Core,10,Graveknight
3359,8,5,5,0,5,8,33,290,26,23,25,21,1,27,26.5,25,24.0,2,31,23,Pathfinder Monster Core,13,Snow Oni
3358,2,3,5,-5,2,-2,18,50,7,12,8,7,0,11,10.0,0,0.0,0,0,0,Pathfinder Monster Core,3,Snapping Flytrap
3357,6,2,3,-4,2,0,23,110,14,15,12,10,0,16,15.0,0,0.0,0,0,0,Pathfinder Monster Core,6,Smilodon
3356,2,6,4,3,2,3,27,115,15,15,17,15,0,20,14.0,0,0.0,3,25,17,Pathfinder Monster Core,7,Smaranava
3355,4,2,4,-4,0,0,17,35,6,10,6,4,0,11,8.5,9,0.0,0,0,0,Pathfinder Monster Core,2,Slurk
3354,4,3,4,0,2,1,16,30,10,10,9,6,0,10,8.5,0,0.0,0,0,0,Pathfinder Monster Core,2,Slothspawn
3353,8,6,6,2,8,7,42,300,33,31,33,35,1,35,35.0,0,0.0,8,40,32,Pathfinder Monster Core,18,Skulltaker
3351,7,2,4,-5,2,2,25,105,16,15,15,13,0,18,18.0,0,0.0,0,0,0,Pathfinder Monster Core,7,Skeletal Hulk
3350,5,3,2,-5,2,0,16,33,8,6,9,8,0,9,9.5,0,0.0,0,0,0,Pathfinder Monster Core,2,Skeletal Horse
3349,5,1,3,-5,0,2,17,50,7,8,8,7,0,12,10.5,0,0.0,0,0,0,Pathfinder Monster Core,3,Skeletal Giant
3347,7,4,6,-3,4,1,33,195,20,25,19,21,0,25,26.5,0,0.0,0,0,0,Pathfinder Monster Core,12,Shuln
3346,2,5,6,2,5,7,33,215,23,22,19,19,1,25,31.5,25,19.5,7,33,25,Pathfinder Monster Core,12,Shining Child
3345,9,5,7,0,6,3,39,350,30,32,26,27,1,33,27.5,0,0.0,7,37,29,Pathfinder Monster Core,16,Shemhazian
3360,4,-1,3,-4,2,-1,19,44,9,12,6,7,0,11,11.5,0,0.0,0,0,0,Pathfinder Monster Core,3,Sod Hound
3344,-5,4,0,-2,2,3,20,40,10,8,14,12,0,15,10.0,0,0.0,0,0,0,Pathfinder Monster Core,4,Shadow
3361,-2,4,3,0,2,0,17,23,8,7,10,6,1,10,5.5,0,0.0,3,18,10,Pathfinder Monster Core,2,Soulbound Doll (Brave)
3363,-2,4,3,0,2,0,17,23,8,7,10,6,1,10,5.5,0,0.0,3,18,10,Pathfinder Monster Core,2,Soulbound Doll (Careful)
3378,7,-1,4,-5,0,-5,30,175,17,24,18,19,0,24,24.0,22,18.0,0,0,0,Pathfinder Monster Core,11,Stone Bulwark
3377,7,2,4,-4,2,0,23,125,15,17,13,13,0,18,16.0,0,0.0,0,0,0,Pathfinder Monster Core,7,Stegosaurus
3376,-3,4,0,-2,0,2,15,7,4,2,8,4,1,8,0.5,8,2.5,1,16,8,Pathfinder Monster Core,-1,Sprite
3375,1,3,2,-1,1,1,15,10,5,5,7,3,0,7,3.5,7,2.5,0,0,0,Pathfinder Monster Core,-1,Sprigjack
3374,-2,3,0,-5,0,-4,15,12,4,4,7,2,0,0,0.0,0,0.0,0,0,0,Pathfinder Monster Core,0,Spider Swarm
3373,6,1,3,5,4,4,27,135,18,16,14,19,1,20,16.0,0,0.0,5,27,19,Pathfinder Monster Core,8,Sphinx
3372,-1,3,0,0,1,-2,17,17,3,2,7,3,0,7,2.5,0,0.0,0,0,0,Pathfinder Monster Core,0,Soulbound Homunculus
3371,-2,4,3,0,2,0,17,23,8,7,10,6,1,10,5.5,0,0.0,3,18,10,Pathfinder Monster Core,2,Soulbound Doll (Timid)
3370,-2,4,3,0,2,0,17,23,8,7,10,6,1,10,5.5,0,0.0,3,18,10,Pathfinder Monster Core,2,Soulbound Doll (Sassy)
3369,-2,4,3,0,2,0,17,23,8,7,10,6,1,10,5.5,0,0.0,3,18,10,Pathfinder Monster Core,2,Soulbound Doll (Rash)
3368,-2,4,3,0,2,0,17,23,8,7,10,6,1,10,5.5,0,0.0,3,18,10,Pathfinder Monster Core,2,Soulbound Doll (Kind)
3367,-2,4,3,0,2,0,17,23,8,7,10,6,1,10,5.5,0,0.0,3,18,10,Pathfinder Monster Core,2,Soulbound Doll (Jolly)
3366,-2,4,3,0,2,0,17,23,8,7,10,6,1,10,5.5,0,0.0,3,18,10,Pathfinder Monster Core,2,Soulbound Doll (Impish)
3365,-2,4,3,0,2,0,17,23,8,7,10,6,1,10,5.5,0,0.0,3,18,10,Pathfinder Monster Core,2,Soulbound Doll (Gentle)
3364,-2,4,3,0,2,0,17,23,8,7,10,6,1,10,5.5,0,0.0,3,18,10,Pathfinder Monster Core,2,Soulbound Doll (Cruel)
3362,-2,4,3,0,2,0,17,23,8,7,10,6,1,10,5.5,0,0.0,3,18,10,Pathfinder Monster Core,2,Soulbound Doll (Calm)
3343,-5,4,0,-2,2,3,20,40,10,8,14,12,0,15,10.0,0,0.0,0,0,0,Pathfinder Monster Core,4,Shadow Spawn
3342,8,2,5,0,1,3,33,275,20,25,20,23,0,27,31.5,0,0.0,0,0,0,Pathfinder Monster Core,13,Shadow Giant
3341,2,-5,4,-5,0,-5,8,40,3,9,1,3,0,9,7.0,0,0.0,0,0,0,Pathfinder Monster Core,1,Sewer Ooze
3320,5,1,7,2,3,3,31,150,19,23,15,19,0,22,22.5,0,0.0,5,27,19,Pathfinder Monster Core,10,Rekhep
3319,1,4,2,-3,1,1,20,17,8,7,9,4,0,9,4.5,0,0.0,0,0,0,Pathfinder Monster Core,1,Reefclaw
3318,4,4,2,1,1,2,21,60,12,11,15,10,0,15,15.5,0,0.0,0,0,0,Pathfinder Monster Core,5,Redcap
3317,0,4,2,4,2,1,21,60,10,11,13,9,0,12,2.5,13,3.5,0,0,0,Pathfinder Monster Core,4,Ratfolk Grenadier
3316,-2,3,1,-4,1,-3,14,14,5,2,7,4,0,0,0.0,0,0.0,0,0,0,Pathfinder Monster Core,1,Rat Swarm
3315,1,4,2,1,1,2,16,20,6,5,9,6,0,9,4.5,0,0.0,4,16,8,Pathfinder Monster Core,1,Raktavarna
3314,6,6,4,2,2,5,30,180,18,18,20,18,2,22,17.5,0,0.0,5,29,21,Pathfinder Monster Core,10,Raja-Krodha
3313,6,4,3,-4,2,-1,25,110,15,16,17,12,0,17,19.0,0,0.0,0,0,0,Pathfinder Monster Core,7,Quetzalcoatlus
3312,7,3,5,6,5,5,30,175,21,19,19,21,1,23,24.0,0,0.0,7,29,21,Pathfinder Monster Core,10,Quetz Coatl
3311,6,5,4,5,6,8,36,305,29,27,26,31,1,30,25.5,0,0.0,5,39,31,Pathfinder Monster Core,15,Quelaunt
3310,4,2,0,4,3,1,25,120,18,13,15,18,1,16,19.0,0,0.0,1,27,17,Pathfinder Monster Core,7,Quatoid
3309,8,4,8,-3,5,-1,32,300,25,26,19,21,0,27,27.5,0,0.0,0,0,0,Pathfinder Monster Core,13,Quai Dau To
3308,3,4,3,1,3,1,22,65,11,11,10,11,0,13,13.5,14,11.5,5,21,13,Pathfinder Monster Core,4,Qarna
3307,3,3,3,-4,1,-2,15,20,6,8,10,4,0,8,7.5,0,0.0,0,0,0,Pathfinder Monster Core,1,Python
3306,4,0,4,-3,0,0,17,36,6,10,4,8,1,10,7.5,0,0.0,3,16,8,Pathfinder Monster Core,2,Pusk
3321,5,3,4,0,3,2,23,115,14,14,13,17,0,17,14.0,0,0.0,0,0,0,Pathfinder Monster Core,6,Revenant
3322,6,0,4,-4,3,-1,22,70,9,14,8,11,0,14,15.0,0,0.0,0,0,0,Pathfinder Monster Core,4,Rhinoceros
3323,3,3,4,2,5,3,23,95,17,14,11,17,0,15,14.5,0,0.0,5,24,16,Pathfinder Monster Core,6,Rhu-Chalik
3324,2,2,2,-4,2,-1,16,20,7,7,5,5,0,7,5.5,0,0.0,0,0,0,Pathfinder Monster Core,1,Riding Dog
3340,8,7,6,3,4,6,37,340,25,27,28,25,0,32,33.5,0,0.0,6,35,27,Pathfinder Monster Core,15,Seraptis
3339,6,3,4,2,3,5,23,95,15,14,13,15,0,17,14.5,0,0.0,0,0,0,Pathfinder Monster Core,6,Sedacthy Speaker
3337,6,3,4,0,1,3,19,75,9,14,9,9,0,14,13.5,0,0.0,0,0,0,Pathfinder Monster Core,4,Sedacthy Marauder
3336,8,4,6,-4,2,0,35,210,22,25,21,21,0,27,25.0,25,19.0,0,0,0,Pathfinder Monster Core,12,Sea Serpent
3335,4,3,4,1,3,3,19,45,10,11,8,10,0,12,9.5,0,0.0,8,20,12,Pathfinder Monster Core,3,Sea Hag
3334,0,5,2,-5,0,-4,21,55,11,10,13,8,0,0,0.0,0,0.0,0,0,0,Pathfinder Monster Core,4,Scorpion Swarm
3379,6,2,4,0,4,0,27,150,16,18,14,14,0,21,23.0,18,19.0,0,0,0,Pathfinder Monster Core,8,Stone Giant
3333,5,2,3,-4,3,-2,19,60,11,13,8,11,0,13,14.0,0,0.0,0,0,0,Pathfinder Monster Core,4,Scarecrow
3331,6,3,4,2,4,3,27,120,18,18,13,16,1,20,18.0,0,0.0,5,23,18,Pathfinder Monster Core,8,Sarglagon
3330,5,4,5,-4,2,0,14,180,10,17,14,10,0,17,17.0,0,0.0,0,0,0,Pathfinder Monster Core,6,Sargassum Heap
3329,9,2,7,2,6,4,38,330,28,33,26,28,1,33,36.5,0,0.0,6,35,27,Pathfinder Monster Core,16,Rune Giant
3328,8,2,5,-4,1,0,27,180,18,20,17,16,0,21,17.0,0,0.0,0,0,0,Pathfinder Monster Core,9,Roc
3327,3,4,2,-1,2,-1,17,45,9,11,9,7,0,12,10.0,0,0.0,0,0,0,Pathfinder Monster Core,3,River Drake
3326,3,2,3,-4,2,0,14,16,4,7,4,4,0,5,5.5,0,0.0,0,0,0,Pathfinder Monster Core,0,Riding Pony
3325,4,3,4,-4,2,-1,16,22,5,9,6,5,0,7,7.5,0,0.0,0,0,0,Pathfinder Monster Core,1,Riding Horse
3332,3,4,1,1,2,5,19,80,10,9,11,12,1,14,8.5,14,6.5,4,21,13,Pathfinder Monster Core,4,Satyr
3305,4,6,3,4,6,3,25,100,17,12,15,17,0,19,13.5,18,9.5,4,25,17,Pathfinder Monster Core,7,Pukwudgie
3380,6,-1,7,-1,3,-1,27,180,16,23,15,19,0,21,21.0,21,19.0,0,0,0,Pathfinder Monster Core,9,Stone Mauler
3382,2,3,4,4,2,7,23,100,15,15,14,17,1,16,17.0,0,0.0,6,26,18,Pathfinder Monster Core,7,Succubus
3436,-5,4,0,2,2,5,24,80,14,8,14,14,0,17,13.5,0,0.0,0,0,0,Pathfinder Monster Core,6,Wraith
3435,6,1,5,-4,3,-1,25,100,11,17,11,15,0,16,15.0,0,0.0,0,0,0,Pathfinder Monster Core,6,Woolly Rhinoceros
3434,2,4,1,-4,2,-2,15,24,7,6,9,5,0,9,5.5,0,0.0,0,0,0,Pathfinder Monster Core,1,Wolf
3433,6,4,4,2,3,2,23,70,14,13,15,10,0,15,15.0,0,0.0,0,0,0,Pathfinder Monster Core,5,Witchwarg
3432,3,4,2,-3,2,-2,18,45,9,9,11,7,0,11,8.5,0,0.0,0,0,0,Pathfinder Monster Core,3,Winged Chupacabra
3431,-5,6,0,2,4,2,27,50,16,10,16,14,0,17,13.0,0,0.0,0,0,0,Pathfinder Monster Core,6,Will-o'-Wisp
3430,4,1,4,0,3,2,18,40,10,11,6,10,0,12,8.5,0,0.0,0,0,0,Pathfinder Monster Core,3,Wight
3429,4,2,2,-1,2,1,17,63,9,11,9,7,0,11,12.5,9,7.5,0,0,0,Pathfinder Monster Core,3,Werewolf
3428,4,3,3,0,3,-1,21,75,11,11,13,9,0,0,0.0,0,0.0,0,0,0,Pathfinder Monster Core,4,Weretiger
3427,2,4,2,0,2,1,19,45,8,6,10,8,0,10,7.5,10,3.5,0,0,0,Pathfinder Monster Core,2,Wererat
3426,5,2,4,1,3,-1,23,75,11,12,10,10,0,13,10.5,0,0.0,0,0,0,Pathfinder Monster Core,4,Werebear
3425,1,3,1,-2,0,0,16,20,3,7,11,4,0,8,4.5,0,0.0,2,17,9,Pathfinder Monster Core,1,Water Scamp
3424,-4,4,2,-5,2,-1,18,45,10,10,12,8,0,0,0.0,0,0.0,0,0,0,Pathfinder Monster Core,4,Wasp Swarm
3423,9,5,7,-1,5,5,37,350,27,29,25,27,0,32,35.0,28,35.0,0,0,0,Pathfinder Monster Core,16,Warsworn
3422,4,3,3,-1,2,2,17,36,8,11,9,6,0,11,8.5,0,0.0,0,0,0,Pathfinder Monster Core,2,Warg
3437,4,3,4,0,2,1,16,30,10,10,9,6,0,10,9.5,0,0.0,0,0,0,Pathfinder Monster Core,2,Wrathspawn
3421,4,4,3,-4,2,0,16,20,5,8,7,5,0,7,6.5,0,0.0,0,0,0,Pathfinder Monster Core,1,War Pony
3438,5,2,4,-2,3,0,24,95,13,16,12,13,0,17,14.0,0,0.0,0,0,0,Pathfinder Monster Core,6,Wyvern
3440,4,1,2,-1,2,1,18,44,9,9,6,9,0,11,8.5,0,0.0,0,0,0,Pathfinder Monster Core,3,Xulgath Leader
5343,-5,4,0,-2,2,3,20,40,10,8,14,12,0,15,10.0,0,0.0,0,0,0,Pathfinder Monster Core,4,Familiar Shadow
5329,-5,3,0,0,2,2,20,30,10,8,11,8,0,13,9.0,0,0.0,0,0,0,Pathfinder Monster Core,4,Ghost
5312,5,-3,4,-5,0,-2,15,70,8,10,3,6,0,11,11.5,0,0.0,0,0,0,Pathfinder Monster Core,2,Kugaptee's Blessing
3153,2,4,2,-1,2,0,17,20,5,5,9,7,1,7,4.5,9,5.5,3,15,7,Pathfinder Monster Core,1,Gourd Leshy
1078,6,-5,5,-5,0,-5,12,170,9,16,6,9,0,15,15.0,0,0.0,0,0,0,Pathfinder Monster Core,5,Demontangle
3451,-1,4,-2,4,2,3,18,25,8,4,8,8,1,10,3.5,10,5.5,4,18,10,Pathfinder Monster Core,2,Zyss Serpentfolk
3450,3,-2,2,-5,0,-2,12,20,0,6,0,2,0,7,7.5,0,0.0,0,0,0,Pathfinder Monster Core,-1,Zombie Shambler
3449,7,-1,4,-5,0,-2,21,160,8,16,9,12,0,17,20.0,17,16.0,0,0,0,Pathfinder Monster Core,6,Zombie Hulk
3448,5,-3,4,-5,0,-2,15,70,4,10,3,6,0,11,11.5,0,0.0,0,0,0,Pathfinder Monster Core,2,Zombie Brute
3446,2,4,1,-4,0,0,18,36,7,6,13,7,0,11,8.5,0,0.0,0,0,0,Pathfinder Monster Core,3,Zephyr Hawk
3445,3,5,2,0,2,0,23,110,14,14,17,12,0,17,12.0,17,0.0,0,0,0,Pathfinder Monster Core,6,Zecui
3444,5,2,4,-1,4,-1,21,115,15,15,11,13,0,15,16.0,0,0.0,0,0,0,Pathfinder Monster Core,5,Yeti
3443,10,7,7,10,7,6,45,375,37,33,31,35,1,38,40.0,0,0.0,10,44,36,Pathfinder Monster Core,20,Yamaraj
3442,4,2,3,-1,1,0,14,21,6,8,7,4,0,9,6.5,0,0.0,0,0,0,Pathfinder Monster Core,1,Xulgath Warrior
3441,3,4,2,-1,1,0,17,28,7,8,10,5,0,10,5.5,0,0.0,0,0,0,Pathfinder Monster Core,2,Xulgath Skulker
3439,2,4,4,5,4,6,26,130,16,14,16,18,0,18,16.0,0,0.0,4,27,19,Pathfinder Monster Core,8,Xoarian
3420,5,3,4,-4,2,-2,17,36,6,8,7,6,0,9,8.5,0,0.0,0,0,0,Pathfinder Monster Core,2,War Horse
3419,10,7,9,6,6,8,45,440,34,35,33,34,1,40,32.5,0,0.0,9,44,36,Pathfinder Monster Core,20,Vrolikai
3418,4,4,5,2,3,2,22,60,12,14,13,10,0,15,12.0,0,0.0,4,19,11,Pathfinder Monster Core,5,Vordine
3397,2,4,2,0,2,1,19,50,9,9,11,7,0,11,9.5,11,7.5,0,0,0,Pathfinder Monster Core,3,Twigjack
3396,7,3,7,-1,1,4,29,240,19,23,17,15,0,24,22.0,0,0.0,0,0,0,Pathfinder Monster Core,10,Troll Warleader
3395,7,0,4,-4,2,-1,26,140,16,18,12,14,0,19,16.0,0,0.0,0,0,0,Pathfinder Monster Core,8,Triceratops
3394,12,9,11,7,8,8,54,550,46,42,40,43,1,47,54.0,0,0.0,10,49,43,Pathfinder Monster Core,21,Treerazer
3393,11,8,9,-1,8,9,47,440,37,38,35,33,1,40,33.0,0,0.0,6,44,36,Pathfinder Monster Core,21,Tor Linnorm
3392,-2,3,0,-1,2,1,15,8,6,2,7,4,0,7,3.5,0,0.0,1,13,5,Pathfinder Monster Core,-1,Tooth Fairy
3391,-2,3,0,-1,2,2,18,28,8,5,10,7,0,0,0.0,0,0.0,0,0,0,Pathfinder Monster Core,3,Tooth Fairy Swarm
3390,6,-5,6,-5,0,-5,12,150,7,15,4,7,0,15,14.0,0,0.0,0,0,0,Pathfinder Monster Core,5,Tomb Jelly
3389,5,3,3,-4,2,-2,21,60,12,13,11,8,0,13,11.5,0,0.0,0,0,0,Pathfinder Monster Core,4,Tiger
3388,9,6,6,5,6,9,42,305,30,30,28,32,1,35,41.0,0,0.0,8,40,32,Pathfinder Monster Core,18,Thulgant
3387,10,5,9,-1,6,5,42,370,31,34,28,33,0,37,47.0,37,33.0,0,0,0,Pathfinder Monster Core,19,Terotricus
3386,2,4,1,1,0,1,19,27,6,7,10,4,0,10,4.5,10,3.5,0,0,0,Pathfinder Monster Core,2,Tengu Sneak
3385,10,6,8,-1,7,8,46,400,35,36,32,31,1,38,32.0,0,0.0,6,42,34,Pathfinder Monster Core,20,Tarn Linnorm
3384,8,4,5,4,4,6,36,285,26,27,26,22,1,30,25.5,0,0.0,7,36,28,Pathfinder Monster Core,14,Tabellia
3383,5,3,3,2,2,4,21,70,10,11,11,12,0,14,10.5,0,0.0,8,20,14,Pathfinder Monster Core,4,Sweet Hag
3398,8,1,5,-4,3,0,29,180,19,21,15,19,0,22,23.0,0,0.0,0,0,0,Pathfinder Monster Core,10,Tyrannosaurus
3399,4,3,3,0,2,3,21,60,10,9,9,12,1,14,10.5,0,0.0,5,19,11,Pathfinder Monster Core,4,Ugothol
3400,1,2,3,0,5,2,22,63,14,12,9,14,1,10,3.5,11,3.5,3,21,13,Pathfinder Monster Core,5,Umbral Gnome Rockwarden
3401,2,4,2,0,2,-1,17,18,7,7,9,5,1,7,4.5,9,4.5,1,14,6,Pathfinder Monster Core,1,Umbral Gnome Scout
3417,-1,4,0,-1,-1,1,17,16,4,5,9,6,1,9,3.5,0,0.0,4,16,8,Pathfinder Monster Core,1,Voidworm
3416,-3,4,0,-4,1,-2,14,8,5,2,7,5,0,6,1.5,0,0.0,0,0,0,Pathfinder Monster Core,-1,Viper
3415,8,6,5,4,4,7,40,300,28,25,30,28,0,34,35.5,0,0.0,6,37,29,Pathfinder Monster Core,16,Vilderavn
3414,6,6,8,7,5,6,34,270,25,26,22,24,1,28,24.5,0,0.0,7,37,29,Pathfinder Monster Core,14,Vidileth
3413,5,6,5,3,5,4,31,175,22,20,21,22,0,22,21.5,22,0.0,5,29,21,Pathfinder Monster Core,10,Vicharamuni
3412,-2,5,4,-3,1,1,21,60,11,11,15,9,0,0,0.0,0,0.0,0,0,0,Pathfinder Monster Core,5,Vescavor Swarm
3411,6,5,5,1,3,2,28,150,11,17,19,15,0,20,16.0,19,9.0,0,0,0,Pathfinder Monster Core,9,Vescavor Queen
3381,4,-5,5,-5,0,-5,10,90,5,12,0,5,0,11,12.0,0,0.0,0,0,0,Pathfinder Monster Core,3,String Slime
3410,2,4,2,5,3,3,21,75,12,9,11,14,0,13,12.0,0,0.0,4,22,14,Pathfinder Monster Core,5,Venedaemon
3408,6,4,2,2,4,2,27,105,15,15,13,17,1,18,13.5,0,0.0,4,22,14,Pathfinder Monster Core,7,Vanth
3406,3,4,1,6,4,5,27,115,20,15,18,20,1,18,18.0,0,0.0,6,26,18,Pathfinder Monster Core,9,Vampire Mastermind
3405,5,3,2,2,4,4,24,65,17,11,14,17,0,17,12.5,0,0.0,6,22,14,Pathfinder Monster Core,6,Vampire Count
3404,1,4,1,-4,3,-3,15,11,10,6,9,6,0,0,0.0,0,0.0,0,0,0,Pathfinder Monster Core,1,Vampire Bat Swarm
3403,4,3,3,0,4,4,20,45,13,10,8,11,1,12,8.5,0,0.0,5,21,13,Pathfinder Monster Core,3,Unicorn
3402,4,2,3,0,1,-1,18,34,7,9,8,5,1,10,7.5,8,5.5,1,15,7,Pathfinder Monster Core,2,Umbral Gnome Warrior
3409,0,3,2,-4,1,1,16,20,6,5,7,4,0,8,5.5,0,0.0,0,0,0,Pathfinder Monster Core,1,Velociraptor
3304,-3,3,0,0,2,-2,14,17,6,5,8,6,1,8,0.5,8,3.5,2,16,8,Pathfinder Monster Core,0,Pugwampi
3447,-5,3,1,-1,1,1,16,20,6,6,10,4,0,0,0.0,8,4.5,4,17,9,Pathfinder Monster Core,1,Zoaem
3302,4,3,4,0,2,1,16,30,10,10,9,6,0,10,10.5,0,0.0,0,0,0,Pathfinder Monster Core,2,Pridespawn
3206,4,2,2,3,3,1,20,60,11,10,10,13,1,14,9.5,12,8.5,7,21,13,Pathfinder Monster Core,4,Jann
3205,6,3,5,4,4,3,26,140,18,15,13,18,1,20,15.0,0,0.0,4,26,18,Pathfinder Monster Core,8,Jah-Tohl
3204,6,1,4,3,2,3,25,110,15,18,12,15,1,20,17.5,0,0.0,7,24,16,Pathfinder Monster Core,7,Jabali
3203,4,5,2,2,2,4,22,55,15,9,14,11,1,16,12.5,16,12.5,7,21,13,Pathfinder Monster Core,5,Jaathoom
3202,9,6,6,2,9,6,38,390,32,26,28,34,1,35,30.5,30,31.5,2,37,29,Pathfinder Monster Core,17,Island Oni
3201,8,-1,4,-5,0,-5,33,190,21,26,19,22,0,28,28.5,0,0.0,0,0,0,Pathfinder Monster Core,13,Iron Warden
3200,6,4,4,1,4,3,24,80,14,16,12,14,0,16,13.0,0,0.0,8,24,16,Pathfinder Monster Core,6,Iron Hag
3199,5,5,3,-2,3,4,28,152,18,20,18,16,0,20,20.0,0,0.0,0,0,0,Pathfinder Monster Core,9,Irnakurse
3198,-1,4,0,1,2,2,17,15,7,5,9,7,1,9,1.5,0,0.0,4,17,9,Pathfinder Monster Core,1,Imp
3197,5,3,4,1,2,4,28,175,17,18,17,20,1,21,25.0,0,0.0,7,29,19,Pathfinder Monster Core,9,Ifrit
3196,9,5,7,-3,6,7,41,330,29,32,28,27,1,34,27.5,0,0.0,6,38,30,Pathfinder Monster Core,17,Ice Linnorm
3195,3,3,2,-4,1,-2,16,20,6,7,8,4,0,8,7.5,0,0.0,0,0,0,Pathfinder Monster Core,1,Hyena
3194,7,4,5,-3,2,-1,23,90,17,15,12,10,0,16,14.0,0,0.0,0,0,0,Pathfinder Monster Core,6,Hydra
3193,5,3,3,-4,2,-2,18,45,9,10,8,7,0,12,10.5,0,0.0,0,0,0,Pathfinder Monster Core,3,Hyaenodon
3208,5,3,4,-1,1,1,23,90,13,17,13,11,0,17,14.0,0,0.0,0,0,0,Pathfinder Monster Core,6,Jungle Drake
3192,2,4,1,-5,2,-4,17,16,7,6,9,5,0,9,5.5,7,0.0,0,0,0,Pathfinder Monster Core,1,Hunting Spider
3209,4,3,5,2,3,5,25,135,16,14,16,16,1,18,18.0,0,0.0,5,26,18,Pathfinder Monster Core,7,Kanya
3211,2,2,0,0,3,0,19,45,8,8,6,10,1,10,6.5,0,0.0,2,22,10,Pathfinder Monster Core,3,Kholo Bonekeeper
3226,6,5,1,3,5,3,28,155,20,15,21,19,1,21,18.0,21,18.0,4,26,18,Pathfinder Monster Core,9,Leukodaemon
3225,6,9,6,4,6,6,39,255,32,30,33,32,1,32,37.0,0,0.0,6,38,30,Pathfinder Monster Core,16,Lesser Death
3224,3,4,2,-4,1,-2,18,30,7,8,10,5,0,10,6.5,0,0.0,0,0,0,Pathfinder Monster Core,2,Leopard
3223,-1,2,2,-2,2,1,18,15,4,6,6,4,1,3,3.5,6,3.5,3,14,6,Pathfinder Monster Core,0,Leaf Leshy
3222,4,1,3,0,3,2,23,64,11,12,8,12,1,13,13.5,11,7.5,3,20,12,Pathfinder Monster Core,5,Lawbringer Warpriest
3221,5,1,3,-2,1,-2,20,60,9,11,9,9,0,13,14.0,11,13.5,0,0,0,Pathfinder Monster Core,4,Larval Ofalth
3220,6,3,2,1,3,3,24,95,13,12,15,15,1,17,13.5,0,0.0,4,25,17,Pathfinder Monster Core,6,Lamia
3219,6,4,3,3,3,6,27,135,15,13,18,17,1,19,17.0,0,0.0,4,28,20,Pathfinder Monster Core,8,Lamia Matriarch
3218,6,3,6,-4,2,0,26,150,16,20,17,14,0,20,18.0,0,0.0,0,0,0,Pathfinder Monster Core,8,Krooth
3217,9,4,9,5,6,5,42,360,34,35,28,32,1,37,33.5,0,0.0,8,40,32,Pathfinder Monster Core,18,Kraken
3216,1,3,-1,0,1,1,16,7,3,3,7,3,0,5,4.5,5,2.5,0,0,0,Pathfinder Monster Core,-1,Kobold Warrior
3215,0,4,1,0,3,1,16,16,8,5,9,6,0,9,3.5,9,4.5,0,0,0,Pathfinder Monster Core,1,Kobold Scout
3214,2,2,-1,0,1,4,16,20,5,5,6,7,1,6,5.5,0,0.0,1,18,10,Pathfinder Monster Core,2,Kobold Cavern Mage
3213,4,2,2,0,1,0,21,60,10,12,10,8,0,14,10.5,12,7.5,0,0,0,Pathfinder Monster Core,4,Kholo Sergeant
3212,4,3,2,-1,1,0,18,29,7,8,7,7,0,10,6.5,10,3.5,0,0,0,Pathfinder Monster Core,2,Kholo Hunter
3210,8,5,7,5,7,7,40,260,30,30,28,34,1,33,29.0,0,0.0,9,42,32,Pathfinder Monster Core,17,Keketar
3227,0,4,0,6,4,3,31,190,20,17,21,23,1,24,18.0,0,0.0,6,36,26,Pathfinder Monster Core,12,Lich
3191,2,0,2,0,2,3,18,30,8,8,4,8,1,8,9.5,0,0.0,2,18,10,Pathfinder Monster Core,2,Hryngar Taskmaster
3189,1,3,2,3,1,-1,18,20,4,7,8,4,1,4,5.5,8,3.5,2,17,9,Pathfinder Monster Core,1,Hryngar Bombardier
3168,1,2,2,-4,1,-1,15,8,6,5,7,4,0,6,3.5,0,0.0,0,0,0,Pathfinder Monster Core,-1,Guard Dog
3167,4,-2,4,-5,0,-3,17,50,5,11,5,7,0,11,13.5,7,10.5,0,0,0,Pathfinder Monster Core,3,Grothlut
3166,4,1,5,-4,1,-2,17,59,10,12,6,8,0,11,9.5,0,0.0,0,0,0,Pathfinder Monster Core,3,Grizzly Bear
3165,1,3,2,-1,3,0,15,14,5,6,7,5,0,7,4.5,0,0.0,0,0,0,Pathfinder Monster Core,0,Grindylow
3164,8,10,8,5,7,8,47,320,41,37,41,38,1,40,45.0,0,0.0,7,47,37,Pathfinder Monster Core,21,Grim Reaper
3163,8,4,5,2,5,5,36,200,29,28,23,24,0,29,33.5,0,0.0,0,0,0,Pathfinder Monster Core,14,Grikkitog
3162,4,3,3,-4,1,2,21,60,13,13,13,7,0,14,11.0,0,0.0,0,0,0,Pathfinder Monster Core,4,Griffon
3160,-5,5,0,0,2,4,24,75,14,11,18,15,1,18,17.0,0,0.0,2,25,17,Pathfinder Monster Core,7,Greater Shadow
3159,7,4,5,2,5,3,31,200,22,25,24,21,1,24,26.0,0,0.0,7,30,22,Pathfinder Monster Core,11,Greater Nightmare
3158,4,4,3,0,6,4,26,135,16,13,16,19,2,20,15.0,0,0.0,4,26,18,Pathfinder Monster Core,8,Greater Herexen
3155,7,1,6,-2,4,-1,32,235,22,25,19,22,0,25,20.5,23,21.0,0,0,0,Pathfinder Monster Core,12,Great Cyclops
3156,6,2,4,-4,1,-4,21,60,11,12,10,9,0,14,14.5,0,0.0,0,0,0,Pathfinder Monster Core,4,Great White Shark
3157,6,5,5,-2,4,-2,28,150,19,21,19,16,0,21,22.0,0,0.0,0,0,0,Pathfinder Monster Core,9,Greater Hell Hound
3303,3,4,1,-4,2,-1,16,25,8,7,10,6,0,10,8.5,0,0.0,0,0,0,Pathfinder Monster Core,2,Pteranodon
3169,10,2,8,-4,0,-1,43,325,30,38,32,30,1,38,36.0,0,0.0,6,37,29,Pathfinder Monster Core,19,Guthallath
3190,1,3,3,0,2,-2,15,18,4,7,7,4,1,5,3.5,7,4.5,2,12,4,Pathfinder Monster Core,0,Hryngar Sharpshooter
3170,4,8,4,5,6,8,36,240,28,22,25,28,1,30,31.5,0,0.0,6,36,28,Pathfinder Monster Core,14,Gylou
3172,-1,3,1,0,3,1,15,8,8,3,8,5,0,9,1.5,7,4.5,0,0,0,Pathfinder Monster Core,-1,Halfling Street Watcher
3188,5,1,3,2,2,4,28,135,16,16,16,17,0,20,17.0,0,0.0,2,26,18,Pathfinder Monster Core,8,Horned Dragon (Young)
3187,5,1,3,2,2,4,28,135,16,16,16,17,0,20,17.0,0,0.0,3,26,18,Pathfinder Monster Core,8,"Horned Dragon (Young, Spellcaster)"
3186,7,4,5,6,5,6,41,315,30,30,29,32,0,33,31.5,0,0.0,6,39,31,Pathfinder Monster Core,17,Horned Dragon (Ancient)
3185,7,4,5,6,5,6,41,315,30,30,29,32,0,33,31.5,0,0.0,8,39,31,Pathfinder Monster Core,17,"Horned Dragon (Ancient, Spellcaster)"
3184,6,3,3,4,4,5,34,215,22,20,22,23,0,26,25.5,0,0.0,4,32,24,Pathfinder Monster Core,12,Horned Dragon (Adult)
3183,6,3,3,4,4,5,34,215,22,20,22,23,0,26,25.5,0,0.0,5,32,24,Pathfinder Monster Core,12,"Horned Dragon (Adult, Spellcaster)"
3182,-1,3,0,0,1,-2,17,17,3,2,7,3,0,7,2.5,0,0.0,0,0,0,Pathfinder Monster Core,0,Homunculus
3181,3,3,2,0,2,-1,18,20,7,5,6,5,0,8,7.5,8,3.5,0,0,0,Pathfinder Monster Core,1,Hobgoblin Soldier
3180,4,3,2,0,1,2,25,90,13,12,15,13,0,17,14.5,15,11.5,0,0,0,Pathfinder Monster Core,6,Hobgoblin General
3179,2,4,2,0,2,-1,23,50,10,10,12,8,0,12,7.5,14,6.5,0,0,0,Pathfinder Monster Core,4,Hobgoblin Archer
3178,3,3,2,-4,2,0,18,32,8,8,9,6,0,9,6.5,0,0.0,0,0,0,Pathfinder Monster Core,2,Hippogriff
3177,4,1,4,-4,3,1,15,24,6,9,4,6,0,7,7.5,0,0.0,0,0,0,Pathfinder Monster Core,1,Hippocampus
3176,2,2,1,0,4,3,17,30,8,5,8,10,1,10,7.5,0,0.0,1,18,10,Pathfinder Monster Core,2,Herexen
3175,4,3,2,-2,2,-2,17,40,9,9,10,7,0,13,12.0,0,0.0,0,0,0,Pathfinder Monster Core,3,Hell Hound
3173,1,4,1,0,3,3,16,18,10,4,10,7,0,9,3.5,0,0.0,0,0,0,Pathfinder Monster Core,1,Halfling Troublemaker
3171,6,2,3,-4,1,0,21,60,13,12,10,11,0,14,15.0,0,0.0,0,0,0,Pathfinder Monster Core,4,Hadrosaurid
3228,4,3,2,-4,2,-2,18,45,9,9,10,7,0,11,10.5,0,0.0,0,0,0,Pathfinder Monster Core,3,Lion
3174,1,4,0,-1,1,2,21,75,12,9,15,12,0,15,13.0,0,0.0,0,0,0,Pathfinder Monster Core,5,Harpy
3230,7,-5,7,-5,0,-5,14,165,9,18,6,11,0,18,23.0,0,0.0,0,0,0,Pathfinder Monster Core,7,Living Tar
3280,5,3,4,6,4,2,24,100,15,15,14,17,0,16,16.5,0,0.0,1,25,17,Pathfinder Monster Core,7,Omen Dragon (Young)
3279,5,3,4,6,4,2,24,100,15,15,14,17,0,16,16.5,0,0.0,3,25,17,Pathfinder Monster Core,7,"Omen Dragon (Young, Spellcaster)"
3278,8,6,7,9,7,5,38,280,29,27,28,29,0,30,29.0,0,0.0,7,39,31,Pathfinder Monster Core,16,Omen Dragon (Ancient)
3277,8,6,7,9,7,5,38,280,29,27,28,29,0,30,29.0,0,0.0,7,39,31,Pathfinder Monster Core,16,"Omen Dragon (Ancient, Spellcaster)"
3276,7,4,5,7,6,3,30,185,21,20,19,23,0,22,22.5,0,0.0,1,30,22,Pathfinder Monster Core,11,Omen Dragon (Adult)
3275,7,4,5,7,6,3,30,185,21,20,19,23,0,22,22.5,0,0.0,5,30,22,Pathfinder Monster Core,11,"Omen Dragon (Adult, Spellcaster)"
3281,7,6,7,2,4,4,25,395,22,23,21,20,1,25,27.0,23,23.0,5,32,24,Pathfinder Monster Core,12,Omox
3274,5,-1,4,-2,0,-2,17,50,5,11,6,5,0,12,12.5,0,0.0,0,0,0,Pathfinder Monster Core,3,Ogre Warrior
3272,7,0,4,0,1,1,25,130,12,17,12,15,0,19,16.5,0,0.0,0,0,0,Pathfinder Monster Core,7,Ogre Boss
3271,7,3,6,-2,2,-2,31,170,18,22,17,18,0,23,26.0,19,20.0,0,0,0,Pathfinder Monster Core,10,Ofalth
3270,6,3,4,1,3,4,28,190,16,19,16,20,1,21,24.5,0,0.0,5,28,20,Pathfinder Monster Core,9,Nuckelavee
3268,-1,3,1,1,1,3,16,18,6,4,8,6,1,6,1.5,0,0.0,4,16,8,Pathfinder Monster Core,1,Nosoi
3267,7,6,6,6,10,7,46,375,41,34,30,38,1,38,37.0,0,0.0,10,42,34,Pathfinder Monster Core,20,Norn
3266,3,5,4,3,3,5,32,150,19,17,20,20,1,23,22.0,0,0.0,5,29,21,Pathfinder Monster Core,10,Nilith
3273,6,-1,4,-2,0,-2,18,70,6,14,7,6,0,14,12.5,0,0.0,0,0,0,Pathfinder Monster Core,4,Ogre Glutton
3298,4,-2,3,-5,0,-2,13,50,3,6,3,4,0,9,10.5,0,0.0,0,0,0,Pathfinder Monster Core,1,Plague Zombie
3282,4,2,1,-1,1,2,19,32,8,7,6,7,0,10,6.5,0,0.0,0,0,0,Pathfinder Monster Core,2,Orc Commander
3283,3,2,2,0,1,0,14,18,5,5,4,2,0,7,5.5,0,0.0,0,0,0,Pathfinder Monster Core,0,Orc Scrapper
3229,5,-1,4,-2,1,-1,21,90,12,15,8,10,0,16,17.0,0,0.0,0,0,0,Pathfinder Monster Core,5,Living Landslide
3297,-1,5,1,3,2,3,23,40,12,8,14,12,1,13,7.5,13,8.5,2,21,13,Pathfinder Monster Core,4,Pixie
3296,0,2,0,4,1,2,17,29,6,5,7,8,1,6,3.5,0,0.0,2,17,9,Pathfinder Monster Core,3,Pitborn Adept
3295,3,4,3,4,1,3,19,30,11,8,11,7,0,12,7.5,0,0.0,2,18,8,Pathfinder Monster Core,2,Pipefox
3294,6,7,5,7,6,6,36,300,27,27,31,28,1,30,34.0,30,32.0,5,39,31,Pathfinder Monster Core,15,Phoenix
3293,3,4,4,7,5,5,30,150,21,18,18,23,1,23,21.5,0,0.0,7,31,23,Pathfinder Monster Core,10,Phistophilus
3292,-5,4,0,0,5,4,21,45,13,8,12,13,0,14,11.5,14,9.5,0,0,0,Pathfinder Monster Core,4,Phantom Knight
3291,-5,6,1,0,4,6,26,120,18,13,18,16,0,18,17.0,0,0.0,2,28,20,Pathfinder Monster Core,8,Phantom Beast
3290,3,6,3,2,2,0,26,70,16,14,18,11,0,18,10.5,0,0.0,0,0,0,Pathfinder Monster Core,7,Phade
3289,3,4,2,0,2,3,18,55,12,9,11,7,0,10,8.5,0,0.0,0,0,0,Pathfinder Monster Core,3,Pegasus
3288,7,2,6,-5,0,-5,33,195,20,26,20,18,0,26,29.5,0,0.0,0,0,0,Pathfinder Monster Core,12,Paleohemoth
3287,4,3,4,-4,3,0,17,65,10,12,11,7,0,11,11.5,0,0.0,0,0,0,Pathfinder Monster Core,3,Pachycephalosaurus
3286,2,0,3,-5,0,-3,13,20,0,9,6,2,0,8,4.5,0,0.0,0,0,0,Pathfinder Monster Core,0,Ort
3285,7,2,5,-4,3,0,21,75,12,14,11,12,0,13,18.0,0,0.0,0,0,0,Pathfinder Monster Core,5,Orca
3284,4,2,3,-1,1,0,18,23,6,8,7,4,0,7,6.5,0,0.0,0,0,0,Pathfinder Monster Core,1,Orc Veteran
3265,6,3,3,1,4,2,24,100,14,15,15,12,1,16,16.0,0,0.0,7,24,16,Pathfinder Monster Core,6,Nightmare
3264,9,8,9,8,9,8,46,335,37,37,32,35,1,40,39.0,0,0.0,10,42,34,Pathfinder Monster Core,20,Nessari
3269,6,4,3,-5,0,-5,27,150,15,20,19,15,0,22,17.0,0,0.0,0,0,0,Pathfinder Monster Core,9,Noxious Needler
3262,0,5,4,3,4,7,26,100,18,15,18,17,1,18,15.0,18,14.0,3,28,20,Pathfinder Monster Core,7,Naiad Queen
3245,8,2,5,-4,3,-2,27,180,20,21,16,17,0,22,19.0,0,0.0,0,0,0,Pathfinder Monster Core,9,Megalodon
3244,2,5,4,2,1,2,25,105,16,15,16,14,0,18,11.5,19,10.5,0,0,0,Pathfinder Monster Core,7,Medusa
3243,6,3,4,0,3,1,27,150,16,18,13,17,1,20,21.0,20,17.5,5,23,13,Pathfinder Monster Core,8,Marsh Giant
3263,0,3,0,1,1,4,14,20,6,3,6,8,1,8,4.5,8,3.5,1,17,9,Pathfinder Monster Core,1,Naiad
3241,5,2,4,-2,2,-1,23,90,14,16,12,12,0,17,15.0,14,10.5,0,0,0,Pathfinder Monster Core,6,Manticore (Quill Tail)
3240,8,1,5,-4,1,-2,29,190,18,21,15,18,0,22,23.0,0,0.0,0,0,0,Pathfinder Monster Core,10,Mammoth
3239,10,-1,9,-3,-1,-1,40,410,25,36,25,27,0,36,38.0,0,0.0,0,0,0,Pathfinder Monster Core,18,Magma Worm
3238,-2,4,1,1,3,3,17,25,8,4,7,6,1,7,0.5,7,5.0,4,17,9,Pathfinder Monster Core,1,Lyrakien
3237,4,3,4,0,2,1,16,30,10,10,9,6,0,10,9.5,0,0.0,0,0,0,Pathfinder Monster Core,2,Lustspawn
3236,2,2,1,0,4,0,17,30,8,7,6,10,1,8,4.5,0,0.0,1,18,10,Pathfinder Monster Core,2,Lizardfolk Stargazer
3235,2,3,1,-1,3,1,17,17,8,6,8,6,0,8,4.5,8,1.0,0,0,0,Pathfinder Monster Core,1,Lizardfolk Scout
3234,3,2,3,-1,2,0,16,21,7,8,7,5,0,8,5.5,0,0.0,0,0,0,Pathfinder Monster Core,1,Lizardfolk Defender
3233,3,4,2,-2,3,0,22,80,10,11,15,10,0,15,18.0,15,10.0,0,0,0,Pathfinder Monster Core,5,Living Wildfire
3232,3,5,2,-2,1,0,24,50,10,9,16,10,0,14,14.0,0,0.0,0,0,0,Pathfinder Monster Core,5,Living Whirlwind
3231,4,3,3,-2,1,0,20,90,10,14,12,10,0,15,16.0,0,0.0,0,0,0,Pathfinder Monster Core,5,Living Waterfall
3246,7,2,5,-4,1,2,26,150,15,19,16,13,0,21,21.0,0,0.0,0,0,0,Pathfinder Monster Core,8,Megaprimatus
3247,2,4,1,1,1,0,18,19,6,6,9,4,0,9,6.5,0,0.0,0,0,0,Pathfinder Monster Core,1,Merfolk Warrior
3242,5,2,4,-2,2,-1,23,90,14,16,12,12,0,17,12.5,0,0.0,0,0,0,Pathfinder Monster Core,6,Manticore (Scorpion Tail)
3249,6,0,3,-2,2,-1,20,70,12,13,8,10,0,14,12.5,0,0.0,0,0,0,Pathfinder Monster Core,4,Minotaur Hunter
3261,5,2,4,0,5,5,27,175,20,19,15,20,0,21,23.5,0,0.0,0,0,0,Pathfinder Monster Core,9,Mummy Pharaoh
3260,4,0,2,-2,4,2,23,125,16,14,10,16,0,16,18.0,0,0.0,0,0,0,Pathfinder Monster Core,6,Mummy Guardian
3258,6,3,4,0,3,4,26,165,17,18,15,14,1,21,20.0,0,0.0,2,25,17,Pathfinder Monster Core,8,Mountain Oni
3257,8,4,4,3,6,4,38,240,28,25,27,29,1,31,23.0,0,0.0,6,37,29,Pathfinder Monster Core,15,Morrigna
3299,6,7,6,8,9,6,45,335,37,32,31,37,0,36,38.5,0,0.0,10,47,39,Pathfinder Monster Core,20,Pleroma
3300,-5,5,0,-1,2,4,22,55,11,9,14,13,1,0,0.0,13,13.0,2,23,13,Pathfinder Monster Core,5,Poltergeist
3259,9,0,7,-3,3,0,37,300,24,32,23,26,0,32,33.5,0,0.0,0,0,0,Pathfinder Monster Core,15,Mukradi
3255,5,4,3,4,5,6,27,155,20,16,17,20,0,20,15.0,0,0.0,5,27,19,Pathfinder Monster Core,9,Mirage Dragon (Young)
3301,3,5,3,0,2,3,23,50,10,9,13,10,0,13,12.0,0,0.0,0,0,0,Pathfinder Monster Core,4,Poracha
3254,5,4,3,4,5,6,27,155,20,16,17,20,0,20,15.0,0,0.0,5,27,19,Pathfinder Monster Core,9,"Mirage Dragon (Young, Spellcaster)"
3253,7,7,6,6,7,9,41,345,33,28,29,33,0,33,25.5,0,0.0,6,43,35,Pathfinder Monster Core,18,Mirage Dragon (Ancient)
3252,7,7,6,6,7,9,41,345,33,28,29,33,0,33,25.5,0,0.0,8,43,35,Pathfinder Monster Core,18,"Mirage Dragon (Ancient, Spellcaster)"
3251,6,6,5,5,6,8,33,235,25,22,23,25,0,25,22.5,0,0.0,6,35,27,Pathfinder Monster Core,13,Mirage Dragon (Adult)
3256,-1,3,0,-1,1,-1,14,10,4,2,7,4,1,8,1.5,0,0.0,2,16,8,Pathfinder Monster Core,-1,Mitflit
3250,6,6,5,5,6,8,33,235,25,22,23,25,0,25,22.5,0,0.0,6,35,27,Pathfinder Monster Core,13,"Mirage Dragon (Adult, Spellcaster)"
5989,7,5,6,-1,2,1,26,165,14,18,15,13,0,20,22.0,0,0.0,0,0,0,Pathfinder #209: Destroyer's Doom,8,Orc Raider
5988,4,7,4,3,6,0,29,155,19,18,23,21,2,22,16.0,21,20.0,3,27,19,Pathfinder #209: Destroyer's Doom,9,Orc Hunter
5987,8,5,5,-3,5,0,30,170,21,21,19,17,0,24,18.0,0,0.0,0,0,0,Pathfinder #209: Destroyer's Doom,10,Old Herok
5986,6,4,4,1,1,3,26,135,11,17,16,11,0,19,17.0,0,0.0,0,0,0,Pathfinder #209: Destroyer's Doom,8,Nakasha
5984,5,5,2,-4,2,4,22,58,10,9,15,10,0,15,13.0,0,0.0,0,0,0,Pathfinder #209: Destroyer's Doom,5,Great Ironbill
5981,1,4,3,7,5,0,28,135,19,16,17,19,2,17,17.0,0,0.0,5,29,21,Pathfinder #209: Destroyer's Doom,10,Death Tower Necromancer
5982,7,3,3,1,6,2,26,120,21,16,16,21,2,21,22.0,0,0.0,5,28,20,Pathfinder #209: Destroyer's Doom,9,Deathless Zealot of Zagresh
5980,7,2,6,-5,4,2,23,140,15,18,12,15,0,18,20.0,0,0.0,0,0,0,Pathfinder #209: Destroyer's Doom,7,Bull of Zagresh
5979,7,3,5,3,5,6,32,211,22,21,18,22,0,27,20.0,0,0.0,0,0,0,Pathfinder #209: Destroyer's Doom,12,Bugark
5978,6,5,4,-2,4,0,27,155,18,18,20,17,0,21,20.0,0,0.0,0,0,0,Pathfinder #209: Destroyer's Doom,9,Bloodwing
5990,7,3,4,0,0,3,23,130,12,15,12,10,0,20,17.0,15,13.0,0,0,0,Pathfinder #209: Destroyer's Doom,7,Orc Spinecracker
5983,7,4,4,2,3,5,31,155,19,21,19,18,0,24,26.5,21,18.5,0,0,0,Pathfinder #209: Destroyer's Doom,10,Graveknight (Umbra)
5991,8,7,5,-4,3,2,31,195,19,21,24,18,0,24,21.0,0,0.0,0,0,0,Pathfinder #209: Destroyer's Doom,11,Palpares
5985,8,4,5,0,1,3,32,225,18,21,19,16,0,28,24.0,22,19.0,0,0,0,Pathfinder #209: Destroyer's Doom,11,Molog
5993,9,4,7,-1,0,6,34,295,19,27,21,18,0,28,25.0,0,0.0,7,31,21,Pathfinder #209: Destroyer's Doom,13,The Carcass Man
5994,2,4,0,2,5,7,29,146,24,15,19,21,0,19,23.0,0,0.0,6,30,22,Pathfinder #209: Destroyer's Doom,11,Ungukk Fleshdredge
5995,6,1,5,1,4,6,30,180,19,21,15,20,2,24,21.0,21,18.0,1,29,21,Pathfinder #209: Destroyer's Doom,10,Verthok the Reaper
5996,7,4,6,-5,3,3,27,195,16,21,18,15,0,21,20.0,0,0.0,0,0,0,Pathfinder #209: Destroyer's Doom,9,War Auroch
5997,5,9,6,-4,4,3,34,233,26,24,29,23,0,29,27.5,0,0.0,0,0,0,Pathfinder #209: Destroyer's Doom,13,Warcat of Rull
5998,5,6,3,0,3,2,28,130,16,16,21,12,0,20,17.0,22,16.0,0,0,0,Pathfinder #209: Destroyer's Doom,9,Wingripper Wyvern Rider
5999,7,4,6,0,1,3,26,175,17,16,16,21,2,24,18.0,0,0.0,4,29,21,Pathfinder #209: Destroyer's Doom,10,Yagrekash
5992,5,8,5,1,4,2,31,195,23,20,25,19,0,25,16.0,0,0.0,0,0,0,Pathfinder #209: Destroyer's Doom,11,Paskis Nine-Knives
4811,0,4,0,2,3,5,25,110,18,11,17,16,0,18,11.0,0,0.0,0,0,0,Pathfinder Society Scenario #6-07: A God Falls Where Magic Fails,8,Chelaxian Assassin
4812,4,2,0,1,3,4,22,90,13,12,12,15,1,15,15.0,12,5.5,3,23,15,Pathfinder Society Scenario #6-07: A God Falls Where Magic Fails,6,Chelaxian Cleric
4813,3,2,1,4,4,0,24,99,14,13,14,16,0,18,10.5,0,0.0,4,26,18,Pathfinder Society Scenario #6-07: A God Falls Where Magic Fails,8,Chelaxian Devilcaster
4814,4,3,2,2,2,3,23,98,14,14,13,12,0,17,17.0,0,0.0,0,0,0,Pathfinder Society Scenario #6-07: A God Falls Where Magic Fails,6,Chelaxian Fighter
4815,4,2,0,1,3,4,24,114,15,14,14,17,2,17,17.0,14,7.5,4,25,17,Pathfinder Society Scenario #6-07: A God Falls Where Magic Fails,8,Chelaxian Hierophant
4816,3,2,1,4,4,0,22,85,12,11,12,14,0,16,10.5,0,0.0,3,24,16,Pathfinder Society Scenario #6-07: A God Falls Where Magic Fails,6,Chelaxian Mage
4817,0,4,0,2,3,5,24,94,16,10,16,15,0,16,6.5,0,0.0,0,0,0,Pathfinder Society Scenario #6-07: A God Falls Where Magic Fails,6,Chelaxian Rogue
4819,8,-5,7,-2,0,-5,18,220,12,22,9,18,0,0,0.0,0,0.0,0,0,0,Pathfinder Society Scenario #6-07: A God Falls Where Magic Fails,10,Divine Oozeshard
4818,4,3,2,2,2,3,25,122,16,16,15,14,0,19,19.0,0,0.0,0,0,0,Pathfinder Society Scenario #6-07: A God Falls Where Magic Fails,8,Chelaxian Weaponmaster
4820,7,-5,7,-2,0,-5,16,180,10,20,7,16,0,0,0.0,0,0.0,0,0,0,Pathfinder Society Scenario #6-07: A God Falls Where Magic Fails,8,Oozeshard
4810,4,-2,3,-5,0,-2,13,50,3,6,3,4,0,9,10.5,0,0.0,0,0,0,Pathfinder Society Scenario #6-06: Rotten Apples,1,Zombie Leshy
4809,4,-2,3,-5,0,-2,15,60,4,8,5,6,0,0,0.0,0,0.0,0,0,0,Pathfinder Society Scenario #6-06: Rotten Apples,2,Zombie Leshy Horde
4808,3,5,1,-1,3,2,22,40,12,9,13,11,0,14,10.5,0,0.0,3,21,13,Pathfinder Society Scenario #6-06: Rotten Apples,4,The Heartwood Rots
4807,2,4,2,-1,2,0,20,30,7,9,11,7,0,11,6.5,11,6.5,3,17,9,Pathfinder Society Scenario #6-06: Rotten Apples,3,Leshy Ghoul
4806,5,3,2,2,4,4,24,65,17,11,14,17,0,14,10.5,0,0.0,3,22,14,Pathfinder Society Scenario #6-06: Rotten Apples,6,Enraged The Heartwood Rots
4805,5,-2,4,-5,1,-2,16,90,5,8,5,6,0,12,21.0,0,0.0,0,0,0,Pathfinder Society Scenario #6-06: Rotten Apples,3,Dread Zombie Leshy
4804,5,-2,4,-5,1,-2,18,90,7,11,8,9,0,0,0.0,0,0.0,0,0,0,Pathfinder Society Scenario #6-06: Rotten Apples,4,Dread Zombie Leshy Horde
4803,3,6,2,-1,3,0,23,52,10,12,14,10,0,14,9.5,14,9.5,3,19,11,Pathfinder Society Scenario #6-06: Rotten Apples,5,Dread Leshy Ghoul
5955,3,2,2,3,4,4,26,130,21,17,15,21,2,19,20.0,0,0.0,5,28,20,"Pathfinder #208: Hoof, Cinder, and Storm",9,Diskah Night Watcher
5954,4,2,2,1,1,5,27,170,17,19,16,17,1,20,17.0,18,13.0,1,25,17,"Pathfinder #208: Hoof, Cinder, and Storm",8,Champion of Zagresh
5953,5,2,3,1,2,0,21,65,14,13,10,10,0,14,12.5,0,0.0,0,0,0,"Pathfinder #208: Hoof, Cinder, and Storm",4,Blisterwell Warrior
5952,6,1,5,0,4,4,26,110,15,18,14,15,0,18,18.0,15,14.0,0,0,0,"Pathfinder #208: Hoof, Cinder, and Storm",7,Blisterwell Oathrisen
5950,0,2,2,5,3,2,22,90,14,11,13,14,2,11,12.0,0,0.0,4,26,16,"Pathfinder #208: Hoof, Cinder, and Storm",7,Azorena
5949,6,2,6,-5,2,2,24,150,12,18,12,12,0,0,0.0,0,0.0,0,0,0,"Pathfinder #208: Hoof, Cinder, and Storm",7,Aurochs Herd
5951,4,3,3,1,4,3,21,85,15,12,10,15,0,15,12.5,13,9.5,0,0,0,"Pathfinder #208: Hoof, Cinder, and Storm",5,Blisterwell Gaoler
5956,4,2,5,-4,3,0,24,120,14,18,10,13,0,17,17.0,0,0.0,0,0,0,"Pathfinder #208: Hoof, Cinder, and Storm",6,Fattened War Pig
5963,6,2,3,0,4,1,27,175,21,17,20,18,0,19,21.5,0,0.0,0,0,0,"Pathfinder #208: Hoof, Cinder, and Storm",9,Old Marrow
5958,4,2,3,0,1,0,20,50,12,10,9,8,0,12,9.5,0,0.0,0,0,0,"Pathfinder #208: Hoof, Cinder, and Storm",3,Hold Warrior (Forge)
5977,6,1,2,2,2,4,26,110,16,13,12,13,0,19,15.0,0,0.0,0,0,0,"Pathfinder #208: Hoof, Cinder, and Storm",8,Zdagren Half-Ear
5976,2,5,2,2,5,1,25,115,18,13,17,15,0,16,12.5,18,14.0,2,24,16,"Pathfinder #208: Hoof, Cinder, and Storm",7,Wight Spell Sniper
5975,4,2,5,-4,3,0,23,110,14,17,12,13,0,17,17.0,0,0.0,0,0,0,"Pathfinder #208: Hoof, Cinder, and Storm",6,War Pig
5974,5,2,6,-2,0,-2,20,125,11,17,11,7,0,14,14.0,0,0.0,0,0,0,"Pathfinder #208: Hoof, Cinder, and Storm",5,Troll
5973,4,6,3,4,3,3,27,100,12,13,19,16,0,20,13.0,20,21.0,0,0,0,"Pathfinder #208: Hoof, Cinder, and Storm",8,Trighoul
5972,5,2,3,0,2,3,23,70,13,14,10,11,0,15,14.5,13,13.5,0,0,0,"Pathfinder #208: Hoof, Cinder, and Storm",5,Spite-Screamer
5971,5,3,2,1,1,3,26,130,16,15,16,13,0,20,20.0,18,15.0,0,0,0,"Pathfinder #208: Hoof, Cinder, and Storm",8,Sklar-Quah Warrior
5970,1,3,1,3,2,4,18,30,9,6,12,9,0,10,10.0,10,11.0,0,0,0,"Pathfinder #208: Hoof, Cinder, and Storm",3,Skeletal Drummer
5957,5,2,2,0,2,2,23,80,15,15,9,13,0,15,15.5,0,0.0,0,0,0,"Pathfinder #208: Hoof, Cinder, and Storm",5,Hold Sergeant
5969,5,5,0,3,4,4,20,70,13,8,12,14,0,15,10.5,0,0.0,0,0,0,"Pathfinder #208: Hoof, Cinder, and Storm",5,Shadefield Spirit
5967,4,3,5,1,3,0,22,82,14,14,10,12,0,14,12.5,15,10.5,0,0,0,"Pathfinder #208: Hoof, Cinder, and Storm",5,Porphyry Guard
5966,6,4,3,1,1,3,27,150,16,17,18,15,0,21,22.0,19,16.0,0,0,0,"Pathfinder #208: Hoof, Cinder, and Storm",9,Otehika Cinder Eater
5965,4,2,2,1,3,6,28,172,19,16,18,20,2,23,15.0,0,0.0,4,28,20,"Pathfinder #208: Hoof, Cinder, and Storm",10,Oracle of Zagresh
5964,-5,5,0,2,3,4,24,70,13,11,18,14,0,17,17.0,0,0.0,0,0,0,"Pathfinder #208: Hoof, Cinder, and Storm",6,One Eye Phantom
5962,-5,6,0,2,6,2,25,90,18,10,18,16,0,18,13.0,18,20.0,2,25,17,"Pathfinder #208: Hoof, Cinder, and Storm",7,Moonstalker
5961,5,1,6,0,3,3,25,175,16,18,17,12,0,18,16.5,0,0.0,0,0,0,"Pathfinder #208: Hoof, Cinder, and Storm",7,Marguk Cleftneck
5960,7,-2,6,-5,0,-5,30,115,15,21,11,13,0,21,26.5,0,0.0,0,0,0,"Pathfinder #208: Hoof, Cinder, and Storm",9,Magical Forge
5959,4,2,3,0,1,0,20,50,12,10,9,8,0,11,8.5,0,0.0,0,0,0,"Pathfinder #208: Hoof, Cinder, and Storm",3,Hold Warrior
5968,4,2,5,2,3,0,23,85,15,14,9,14,0,15,13.5,0,0.0,0,0,0,"Pathfinder #208: Hoof, Cinder, and Storm",5,Porphyry Shield Bearer
5931,4,3,4,-4,2,-2,19,45,9,12,6,9,0,11,10.5,0,0.0,0,0,0,Pathfinder #207: The Resurrection Flood,3,Bristle Boar
5930,4,3,4,-4,1,-1,18,42,9,12,9,6,0,10,10.5,0,0.0,0,0,0,Pathfinder #207: The Resurrection Flood,3,Aurochs
5932,3,4,3,1,1,3,18,30,8,7,10,7,0,10,7.5,0,0.0,0,0,0,Pathfinder #207: The Resurrection Flood,2,Flood Ghoul
5942,4,3,3,1,2,1,18,48,9,11,10,6,0,11,8.5,10,7.5,0,0,0,Pathfinder #207: The Resurrection Flood,3,Orc Vagabond
5934,4,2,3,1,2,-2,17,44,9,12,9,6,0,11,10.5,0,0.0,0,0,0,Pathfinder #207: The Resurrection Flood,3,Floodslain Orc
5933,2,3,0,4,2,9,21,70,9,9,13,12,0,11,11.0,0,0.0,3,20,12,Pathfinder #207: The Resurrection Flood,5,Floodslain Mage
5945,1,5,1,0,3,2,18,35,8,8,11,5,0,11,8.5,0,0.0,1,18,10,Pathfinder #207: The Resurrection Flood,2,Tooth Fairy Leader
5944,6,5,4,2,3,3,24,114,18,16,18,12,0,17,16.5,0,0.0,0,0,0,Pathfinder #207: The Resurrection Flood,7,Stormblood Tiger
5943,5,2,4,2,2,-4,20,72,12,14,8,11,0,13,14.0,13,0.0,0,0,0,Pathfinder #207: The Resurrection Flood,4,Skinslough
5941,5,2,4,1,2,2,19,75,12,14,11,8,0,14,11.5,12,8.5,0,0,0,Pathfinder #207: The Resurrection Flood,4,Orc Rampager
5940,3,2,4,1,5,4,21,78,14,12,9,15,0,13,5.5,0,0.0,3,21,14,Pathfinder #207: The Resurrection Flood,5,Orc Doomsayer
5939,1,3,2,0,0,0,14,8,5,5,8,2,0,6,3.5,0,0.0,0,0,0,Pathfinder #207: The Resurrection Flood,-1,Orc Child
5938,4,5,4,2,1,3,23,105,17,15,17,11,0,16,13.5,0,0.0,0,0,0,Pathfinder #207: The Resurrection Flood,6,Murshek
5937,3,6,3,5,4,5,24,95,17,11,17,14,0,16,13.0,0,0.0,0,0,0,Pathfinder #207: The Resurrection Flood,6,K'zaard The Drover
5946,5,1,4,-5,0,-1,18,92,12,12,9,6,0,10,10.5,0,0.0,0,0,0,Pathfinder #207: The Resurrection Flood,3,Zombie Brown Bear
5936,1,3,2,0,0,0,14,18,5,5,8,2,0,6,4.5,0,0.0,0,0,0,Pathfinder #207: The Resurrection Flood,-1,Kar
5935,4,3,3,-4,2,0,17,34,10,8,11,7,0,11,8.5,0,0.0,0,0,0,Pathfinder #207: The Resurrection Flood,2,Floodslain Wolf
6014,6,3,4,-2,1,0,31,250,21,25,22,20,0,26,22.5,0,0.0,0,0,0,Pathfinder War of Immortals,12,Mythic Gogiteth
6012,10,11,9,-2,6,6,49,475,38,37,40,34,0,40,39.0,42,34.5,0,0,0,Pathfinder War of Immortals,21,Agyra
6022,6,4,6,8,6,6,36,335,32,26,23,29,0,28,23.0,24,20.0,8,36,28,Pathfinder War of Immortals,15,Weaver of Webs
6013,4,7,4,3,3,7,31,198,24,21,26,23,0,0,0.0,0,0.0,6,31,0,Pathfinder War of Immortals,11,Immortal Trickster
6021,4,6,4,7,7,10,46,425,38,32,35,38,0,37,39.0,37,28.0,10,44,0,Pathfinder War of Immortals,21,Vulot
6020,12,9,11,7,7,4,51,550,42,42,38,36,0,44,35.5,42,33.5,0,0,0,Pathfinder War of Immortals,21,Verex-That-Was
6015,4,3,3,-4,1,2,21,60,13,13,13,7,0,14,11.0,0,0.0,0,0,0,Pathfinder War of Immortals,4,Mythic Griffon
6019,2,4,2,4,2,5,24,111,16,11,14,17,0,16,20.0,16,14.0,0,0,0,Pathfinder War of Immortals,6,Sublime Breath
6018,12,5,10,-1,7,7,48,680,39,48,37,39,0,45,35.0,43,34.0,10,46,0,Pathfinder War of Immortals,21,Oliphaunt of Jandelay
6017,7,0,4,0,1,1,25,130,12,17,12,15,0,19,16.5,0,0.0,0,0,0,Pathfinder War of Immortals,7,Mythic Ogre Boss
6016,0,4,0,6,4,3,31,190,20,17,21,23,1,24,18.0,0,0.0,6,36,26,Pathfinder War of Immortals,12,Mythic Lich
4958,4,1,1,1,0,4,19,48,9,13,7,10,0,10,11.0,0,0.0,0,0,0,Pathfinder Society Quest #21: Infernal Infiltration,3,Angry Chelaxian Adjutant
4984,2,4,0,0,1,2,15,19,7,4,10,7,0,9,4.5,0,0.0,0,0,0,Pathfinder Society Quest #21: Infernal Infiltration,1,Silver Devil Hooligan
4983,1,3,2,-1,2,1,13,8,4,6,4,2,0,7,3.5,0,0.0,0,0,0,Pathfinder Society Quest #21: Infernal Infiltration,-1,Silver Devil Delinquent
4968,2,4,0,0,1,2,17,29,9,6,12,7,0,13,6.5,0,0.0,0,0,0,Pathfinder Society Quest #21: Infernal Infiltration,2,Elite Silver Devil Hooligan
4964,4,0,1,1,0,3,16,21,7,10,4,7,0,7,7.5,0,0.0,0,0,0,Pathfinder Society Quest #21: Infernal Infiltration,1,Chelaxian Adjutant
4802,-1,3,1,0,3,1,16,16,9,4,9,6,0,9,2.5,7,5.5,0,0,0,"Pathfinder Society Scenario #6-05: Silver Bark, Golden Blades",-1,Halfling Shadower
4801,4,5,3,-1,3,0,20,75,14,14,12,10,0,15,14.0,0,0.0,0,0,0,"Pathfinder Society Scenario #6-05: Silver Bark, Golden Blades",5,Enraged Bun the Black
4800,6,-1,4,-2,0,-2,18,70,6,14,7,6,0,14,11.5,0,0.0,0,0,0,"Pathfinder Society Scenario #6-05: Silver Bark, Golden Blades",4,Big Katsu
4799,4,3,3,0,4,4,20,45,13,10,8,11,1,12,8.5,0,0.0,5,21,13,"Pathfinder Society Scenario #6-05: Silver Bark, Golden Blades",3,Adolescent Kirin
4792,3,1,5,-4,1,-2,18,59,10,12,6,8,0,10,8.5,0,0.0,0,0,0,Pathfinder Society Scenario #6-04: An Enkindled Carnival,3,Big Carnival Bear
4793,2,2,3,-4,1,-2,17,40,8,11,8,5,0,8,5.5,0,0.0,0,0,0,Pathfinder Society Scenario #6-04: An Enkindled Carnival,2,Carnival Bear
4794,1,4,1,1,2,2,17,13,6,3,8,4,0,8,3.5,0,0.0,0,0,0,Pathfinder Society Scenario #6-04: An Enkindled Carnival,0,Puddles Ghoul
4795,-5,4,0,0,5,4,24,71,16,11,15,16,0,17,15.0,0,0.0,2,25,17,Pathfinder Society Scenario #6-04: An Enkindled Carnival,6,Puddles Phantom (5-6)
4796,-5,4,0,0,5,4,21,45,13,8,12,13,0,14,12.0,0,0.0,2,23,15,Pathfinder Society Scenario #6-04: An Enkindled Carnival,4,Puddles Phantom
4797,7,-1,4,-5,0,-2,19,140,7,14,8,10,0,15,18.0,15,14.0,0,0,0,Pathfinder Society Scenario #6-04: An Enkindled Carnival,5,Soggy Zombie Hulk
4798,3,4,2,1,2,2,17,28,8,6,10,6,0,11,7.5,0,0.0,0,0,0,Pathfinder Society Scenario #6-04: An Enkindled Carnival,2,Tough Puddles Ghoul
4787,5,3,4,-4,3,-1,18,48,12,12,9,6,0,10,10.5,0,0.0,0,0,0,Pathfinder Society Scenario #6-03: Godsrain in a Godless Land,3,Bloodsick Wild Dog
4790,4,3,3,1,0,3,27,190,21,18,21,18,0,19,15.0,0,0.0,0,0,0,Pathfinder Society Scenario #6-03: Godsrain in a Godless Land,9,Resolved Captain Pitros Nanaeil
4784,6,-1,6,-5,3,0,22,100,13,16,9,13,0,16,13.0,0,0.0,0,0,0,Pathfinder Society Scenario #6-03: Godsrain in a Godless Land,5,Blood-Awakened Tree
4785,2,3,5,-5,2,-2,18,50,7,12,8,7,0,11,10.0,0,0.0,0,0,0,Pathfinder Society Scenario #6-03: Godsrain in a Godless Land,3,Blood-Soaked Flytrap
4791,4,3,3,0,1,1,23,78,11,15,11,9,0,15,11.0,12,13.0,0,0,0,Pathfinder Society Scenario #6-03: Godsrain in a Godless Land,5,Veteran Pure Legionnaire
4788,4,2,3,1,0,3,24,140,18,15,18,15,0,17,14.0,0,0.0,0,0,0,Pathfinder Society Scenario #6-03: Godsrain in a Godless Land,7,Captain Pitros Nanaeil
4786,6,3,5,-4,3,-1,20,78,15,15,12,9,0,13,17.0,0,0.0,0,0,0,Pathfinder Society Scenario #6-03: Godsrain in a Godless Land,5,Blooddrunk Wild Dog
4789,4,2,3,0,1,1,20,48,8,10,8,6,0,13,10.5,10,7.5,0,0,0,Pathfinder Society Scenario #6-03: Godsrain in a Godless Land,3,Pure Legionnaire
746,6,7,9,10,7,6,45,360,35,37,35,33,0,38,33.0,0,0.0,8,41,33,Pathfinder #206: Bring the House Down,20,Blackfingers
747,4,9,6,8,10,9,45,375,36,32,35,38,3,37,28.5,0,0.0,10,42,34,Pathfinder #206: Bring the House Down,20,Delaraius Solzakarr
748,-5,9,0,6,5,6,39,255,31,24,33,31,0,33,29.0,0,0.0,7,40,32,Pathfinder #206: Bring the House Down,18,Echopsyvne
749,-5,7,0,-4,6,0,38,235,31,25,32,29,0,32,32.0,0,0.0,0,0,0,Pathfinder #206: Bring the House Down,17,Egarhowl
750,7,8,7,6,5,10,44,380,33,33,38,31,0,41,28.0,0,0.0,9,41,33,Pathfinder #206: Bring the House Down,20,Father Skinsaw
751,-5,7,0,6,6,7,43,280,34,28,37,34,0,37,32.0,0,0.0,9,41,33,Pathfinder #206: Bring the House Down,20,Gray Master
761,-5,7,7,7,7,7,43,290,35,33,33,33,0,35,38.0,0,0.0,9,42,34,Pathfinder #206: Bring the House Down,20,Risen Nemesis
753,6,9,5,5,6,6,39,290,32,25,33,28,0,33,24.5,0,0.0,7,37,29,Pathfinder #206: Bring the House Down,16,Mask of Blackfingers
755,6,9,5,5,6,6,39,290,32,25,33,28,0,33,24.5,0,0.0,8,37,29,Pathfinder #206: Bring the House Down,16,Mask of Gray Master
756,6,9,5,5,6,6,39,290,32,25,33,28,0,33,24.5,0,0.0,7,37,29,Pathfinder #206: Bring the House Down,16,Mask of the Reaper
757,8,4,5,4,4,6,36,305,26,27,26,22,1,30,25.5,0,0.0,7,36,28,Pathfinder #206: Bring the House Down,14,Operatic Emissary
758,9,7,7,7,6,9,47,400,37,36,39,33,0,40,0.0,0,0.0,10,44,36,Pathfinder #206: Bring the House Down,20,Prince of Propaganda
759,10,7,6,0,6,6,45,430,34,33,35,32,0,38,35.5,38,28.0,0,0,0,Pathfinder #206: Bring the House Down,20,Razorbones
760,6,7,4,8,7,10,45,375,37,30,35,37,1,37,33.5,0,0.0,10,41,33,Pathfinder #206: Bring the House Down,20,Reaper of Reputation
762,6,7,6,5,8,7,43,355,35,29,34,33,0,36,28.0,34,0.0,8,34,26,Pathfinder #206: Bring the House Down,19,Simandu
752,7,7,6,6,7,10,45,380,33,32,35,34,2,38,29.0,0,0.0,7,42,34,Pathfinder #206: Bring the House Down,20,Kimingio
764,11,8,10,9,8,6,48,430,40,42,34,36,0,42,49.0,0,0.0,10,45,37,Pathfinder #206: Bring the House Down,21,Venomfist
763,4,8,4,5,6,5,36,272,28,22,28,24,0,30,22.5,0,0.0,0,0,0,Pathfinder #206: Bring the House Down,14,Skinsaw Trophy
754,6,9,5,5,6,6,39,290,32,25,33,28,0,33,24.5,0,0.0,7,37,29,Pathfinder #206: Bring the House Down,16,Mask of Father Skinsaw
765,6,7,6,5,9,6,41,335,33,28,31,33,0,35,31.5,33,0.0,4,37,29,Pathfinder #206: Bring the House Down,18,Zimiezek
4783,3,0,3,-3,0,-1,15,17,4,8,2,6,1,7,3.5,0,0.0,3,16,8,Pathfinder Society Scenario #6-02: Rain Falls on the Mountain of Sea and Sky,0,Lesser Pusk
4782,3,3,3,0,1,2,18,18,6,5,9,6,0,8,5.5,0,0.0,0,0,0,Pathfinder Society Scenario #6-02: Rain Falls on the Mountain of Sea and Sky,1,Lesser Poracha
4514,3,2,3,-1,2,0,18,32,8,9,8,6,0,9,8.5,8,8.5,0,0,0,Pathfinder Society Scenario #4-99: Blessings of the Forest,2,Ambush Scout
4524,3,1,4,0,1,2,13,25,6,9,6,4,1,9,6.5,0,0.0,1,16,8,Pathfinder Society Scenario #4-99: Blessings of the Forest,1,Festering Vermlek
4525,6,3,4,-2,2,4,23,145,17,18,13,15,0,18,17.0,0,0.0,0,0,0,Pathfinder Society Scenario #4-99: Blessings of the Forest,7,Fey-Touched Great Wolf
4526,1,3,2,-4,1,-3,14,10,8,5,8,2,0,6,3.5,0,0.0,0,0,0,Pathfinder Society Scenario #4-99: Blessings of the Forest,-1,Lemming Rat
4527,3,4,2,4,2,1,21,57,10,9,11,12,2,13,8.5,0,0.0,2,18,10,Pathfinder Society Scenario #4-99: Blessings of the Forest,4,Nathatel (3-4)
4523,2,4,2,0,4,0,20,45,13,9,11,9,0,9,6.5,11,7.5,0,0,0,Pathfinder Society Scenario #4-99: Blessings of the Forest,3,Elven Tracker
4528,4,5,2,5,2,1,24,99,14,10,15,14,3,16,13.0,0,0.0,3,21,13,Pathfinder Society Scenario #4-99: Blessings of the Forest,6,Nathatel (5-6)
4530,3,4,0,3,1,0,19,28,5,6,10,7,2,9,6.5,0,0.0,1,15,7,Pathfinder Society Scenario #4-99: Blessings of the Forest,2,Nathatel
4532,4,3,3,1,1,1,23,108,13,15,11,13,0,15,14.5,14,10.5,0,0,0,Pathfinder Society Scenario #4-99: Blessings of the Forest,6,Recon Scout
4533,6,4,3,0,3,3,27,160,18,18,21,16,0,21,19.5,0,0.0,6,28,20,Pathfinder Society Scenario #4-99: Blessings of the Forest,9,Serraleth (7-8)
4534,6,4,2,0,3,2,25,120,16,15,17,12,0,18,18.5,0,0.0,6,25,17,Pathfinder Society Scenario #4-99: Blessings of the Forest,7,Serraleth
4535,6,2,1,4,4,2,25,100,15,12,15,17,0,18,17.0,0,0.0,0,0,0,Pathfinder Society Scenario #4-99: Blessings of the Forest,7,Undead Nathatel (7-8)
4536,2,4,0,-1,2,0,21,60,9,9,11,13,0,11,11.0,0,0.0,3,22,14,Pathfinder Society Scenario #4-99: Blessings of the Forest,5,Undead Nathatel
4537,3,1,4,0,1,3,18,75,11,14,9,8,1,14,9.5,0,0.0,1,21,13,Pathfinder Society Scenario #4-99: Blessings of the Forest,4,Veteran Vermlek
4529,3,4,0,4,3,0,24,99,13,10,15,14,3,18,12.0,0,0.0,3,23,15,Pathfinder Society Scenario #4-99: Blessings of the Forest,8,Nathatel (7-8)
4522,2,3,1,0,1,1,15,15,5,5,7,5,0,7,6.5,5,3.5,0,0,0,Pathfinder Society Scenario #4-99: Blessings of the Forest,0,Elven Torchbearer
4520,1,2,2,3,2,-1,17,18,5,7,7,5,0,7,4.5,0,0.0,0,0,0,Pathfinder Society Scenario #4-99: Blessings of the Forest,1,Elven Grave Robber
4515,0,4,1,2,4,4,23,90,17,11,17,14,0,16,10.5,0,0.0,0,0,0,Pathfinder Society Scenario #4-99: Blessings of the Forest,6,Ambush Spy
4513,3,1,2,0,2,0,11,20,4,6,3,4,0,5,4.5,0,0.0,0,0,0,Pathfinder Society Scenario #4-99: Blessings of the Forest,-1,Ambush Runner
4512,4,4,1,2,2,0,21,75,13,10,15,11,0,15,10.5,15,6.5,0,0,0,Pathfinder Society Scenario #4-99: Blessings of the Forest,5,Ambush Raider
4511,2,4,1,1,2,1,21,60,10,7,12,10,0,14,9.5,14,7.5,0,0,0,Pathfinder Society Scenario #4-99: Blessings of the Forest,4,Ambush Observer
4510,3,5,2,2,2,0,26,130,16,12,19,14,0,18,11.5,20,11.0,0,0,0,Pathfinder Society Scenario #4-99: Blessings of the Forest,8,Ambush Assassin
4538,3,5,4,4,1,5,21,76,12,13,14,8,0,0,0.0,0,0.0,0,0,0,Pathfinder Society Scenario #4-99: Blessings of the Forest,5,Vicious Abyssal Bunny Swarm
4509,2,2,3,3,1,5,20,65,12,12,11,14,1,13,15.5,0,0.0,6,26,18,Pathfinder Society Scenario #4-99: Blessings of the Forest,5,Accursed Succubus
4521,4,4,2,1,4,0,25,115,17,15,17,15,0,18,12.5,18,12.5,0,0,0,Pathfinder Society Scenario #4-99: Blessings of the Forest,7,Elven Hunter
4508,4,0,4,-4,1,0,13,25,8,9,5,4,0,9,6.5,0,0.0,0,0,0,Pathfinder Society Scenario #4-99: Blessings of the Forest,1,Abyssal Warhound
4506,6,2,6,-4,3,3,24,170,17,18,13,15,0,20,22.0,0,0.0,0,0,0,Pathfinder Society Scenario #4-99: Blessings of the Forest,8,Abyssal Warhound General
4505,1,-1,3,-5,1,-5,6,16,4,8,0,2,0,8,3.5,5,2.5,0,0,0,Pathfinder Society Scenario #4-99: Blessings of the Forest,-1,Abyssal Drool
4504,2,2,2,2,-2,4,15,20,7,7,9,3,0,0,0.0,0,0.0,0,0,0,Pathfinder Society Scenario #4-99: Blessings of the Forest,1,Abyssal Bunny Swarm
4516,1,1,0,-5,0,-5,16,14,5,5,8,5,0,8,5.5,0,0.0,0,0,0,Pathfinder Society Scenario #4-99: Blessings of the Forest,0,Animated Dagger (3-4)
4517,1,1,0,-5,0,-5,14,4,3,3,6,3,0,6,3.5,0,0.0,0,0,0,Pathfinder Society Scenario #4-99: Blessings of the Forest,-1,Animated Dagger
4519,0,3,0,4,2,4,20,70,11,9,12,15,0,12,4.5,0,0.0,0,0,0,Pathfinder Society Scenario #4-99: Blessings of the Forest,5,Elven Fence
4507,4,0,5,-4,2,2,19,95,11,14,9,11,0,15,16.0,0,0.0,0,0,0,Pathfinder Society Scenario #4-99: Blessings of the Forest,5,Abyssal Warhound Pack Leader
4518,3,-3,4,-5,0,-5,17,20,6,10,3,4,0,11,8.5,0,0.0,0,0,0,Pathfinder Society Scenario #4-99: Blessings of the Forest,1,Animated Leather Armor (4-99)
4531,2,4,1,0,3,0,19,30,9,7,10,7,0,8,8.5,10,6.5,0,0,0,Pathfinder Society Scenario #4-99: Blessings of the Forest,2,Recon Patroller
4966,1,4,0,-2,0,0,18,22,5,5,11,9,0,11,6.5,0,0.0,2,17,9,Pathfinder Society Quest #20: The Dacilane Academy's Show Must Go On,1,Elite Air Scamp
4979,-2,3,0,-1,2,1,17,18,8,4,9,6,0,9,5.5,0,0.0,1,15,7,Pathfinder Society Quest #20: The Dacilane Academy's Show Must Go On,1,Mischievous Plaguetooth
4980,-1,4,1,3,1,3,21,60,10,8,13,8,0,13,10.5,9,10.0,2,22,14,Pathfinder Society Quest #20: The Dacilane Academy's Show Must Go On,4,Mischievous Umberweed
4982,-2,3,0,-1,2,1,15,8,6,2,7,4,0,7,3.5,0,0.0,1,13,5,Pathfinder Society Quest #20: The Dacilane Academy's Show Must Go On,-1,Plaguetooth
4985,-1,4,1,3,1,3,17,30,6,4,9,6,0,9,6.5,5,6.0,2,18,10,Pathfinder Society Quest #20: The Dacilane Academy's Show Must Go On,2,Umberweed
4986,1,4,0,-2,0,0,14,2,1,1,7,5,0,7,2.5,0,0.0,2,15,7,Pathfinder Society Quest #20: The Dacilane Academy's Show Must Go On,1,Weak Air Scamp
4977,-2,4,0,2,2,2,13,9,5,4,8,5,1,7,-0.5,0,0.0,0,15,7,Pathfinder Society Quest #20: The Dacilane Academy's Show Must Go On,-1,Lesser Jinkin
4976,-2,4,0,2,2,2,15,19,7,6,10,7,1,9,1.5,0,0.0,0,17,9,Pathfinder Society Quest #20: The Dacilane Academy's Show Must Go On,1,Jinkin (Quest 20) (1-2)
4777,-1,3,0,0,1,-2,19,27,5,4,9,5,0,7,2.5,0,0.0,0,0,0,Pathfinder Society Scenario #6-01: Intro to the Year of Immortal Influence,1,Experienced Homunculus
4778,2,1,0,0,2,3,16,15,9,3,9,6,0,7,4.5,6,4.5,0,0,0,Pathfinder Society Scenario #6-01: Intro to the Year of Immortal Influence,0,Hired Hand
4779,0,2,0,4,2,2,15,25,5,5,8,11,1,6,4.5,0,0.0,1,18,10,Pathfinder Society Scenario #6-01: Intro to the Year of Immortal Influence,2,Norvix (1-2)
4780,0,2,0,5,3,2,18,45,8,8,11,14,2,9,7.0,0,0.0,2,21,13,Pathfinder Society Scenario #6-01: Intro to the Year of Immortal Influence,4,Norvix (3-4)
4781,2,4,5,-5,1,3,14,16,7,6,9,3,0,9,4.5,0,0.0,0,0,0,Pathfinder Society Scenario #6-01: Intro to the Year of Immortal Influence,1,Rasping Cicada
737,7,-1,4,-5,0,-5,30,175,17,24,18,19,0,24,24.0,0,0.0,0,0,0,"Pathfinder #205: Singer, Stalker, Skinsaw Man",11,Operatic Stone Bulwark
738,3,4,2,3,1,5,35,255,21,25,27,22,3,26,16.0,0,0.0,7,33,25,"Pathfinder #205: Singer, Stalker, Skinsaw Man",14,Oriole
735,7,5,3,1,4,6,32,220,23,20,26,23,0,26,26.5,0,0.0,5,33,25,"Pathfinder #205: Singer, Stalker, Skinsaw Man",13,Miavri
740,6,7,5,7,5,5,34,255,26,22,26,24,1,28,21.0,0,0.0,7,33,23,"Pathfinder #205: Singer, Stalker, Skinsaw Man",13,Rooftop Guardian
731,6,6,5,2,8,6,37,275,29,24,27,31,0,29,33.5,0,0.0,7,36,28,"Pathfinder #205: Singer, Stalker, Skinsaw Man",15,Karumzek Priest (Dispel Magic)
723,9,0,9,-5,0,-5,44,400,26,35,24,26,0,35,50.0,0,0.0,0,0,0,"Pathfinder #205: Singer, Stalker, Skinsaw Man",18,Animated Boiler
732,6,6,5,2,8,6,37,275,29,24,27,31,0,29,33.5,0,0.0,7,36,28,"Pathfinder #205: Singer, Stalker, Skinsaw Man",15,Karumzek Priest (Divine Immolation)
739,5,4,3,-3,3,1,24,75,17,13,16,11,0,17,19.0,0,0.0,0,0,0,"Pathfinder #205: Singer, Stalker, Skinsaw Man",6,Princess Sweetie
736,8,5,3,0,3,6,36,275,26,24,28,26,0,29,29.5,0,0.0,0,0,0,"Pathfinder #205: Singer, Stalker, Skinsaw Man",15,Niallana
734,8,6,5,-2,3,0,38,210,26,26,29,24,0,29,29.5,0,0.0,6,33,25,"Pathfinder #205: Singer, Stalker, Skinsaw Man",15,Masque Mannequin
729,8,5,5,4,4,5,39,300,28,29,29,28,1,32,32.5,0,0.0,5,37,29,"Pathfinder #205: Singer, Stalker, Skinsaw Man",16,Izhkarial
728,7,5,5,7,3,5,30,195,19,21,19,17,1,23,25.5,0,0.0,5,32,24,"Pathfinder #205: Singer, Stalker, Skinsaw Man",10,Grandmama
742,5,6,5,4,4,6,30,175,20,17,22,20,0,22,20.0,0,0.0,5,29,17,"Pathfinder #205: Singer, Stalker, Skinsaw Man",10,Shanty Chanter
743,5,6,4,5,6,8,36,255,26,22,26,28,0,28,24.0,28,22.0,6,34,26,"Pathfinder #205: Singer, Stalker, Skinsaw Man",14,Silverhand Salvo
744,4,5,2,1,3,3,35,254,23,21,28,24,0,27,20.5,0,0.0,0,0,0,"Pathfinder #205: Singer, Stalker, Skinsaw Man",14,Vorens
745,9,4,7,-1,5,0,38,415,29,31,24,27,0,35,40.5,0,0.0,0,0,0,"Pathfinder #205: Singer, Stalker, Skinsaw Man",18,Waxen Effigy
727,5,6,4,8,6,-1,33,240,23,22,22,26,0,24,27.5,27,21.5,7,33,25,"Pathfinder #205: Singer, Stalker, Skinsaw Man",13,Fenton's Faithful
726,2,5,1,4,3,6,39,300,28,29,27,31,2,31,22.5,0,0.0,9,39,31,"Pathfinder #205: Singer, Stalker, Skinsaw Man",17,Fenton Vilorgo
725,6,3,5,2,0,-1,37,300,23,28,26,23,0,29,30.5,0,0.0,0,0,0,"Pathfinder #205: Singer, Stalker, Skinsaw Man",15,Facade
724,6,7,5,-5,4,-5,33,270,23,21,25,20,2,25,25.0,0,0.0,4,32,24,"Pathfinder #205: Singer, Stalker, Skinsaw Man",12,Arshean Warden
722,3,4,4,3,2,4,20,50,10,12,14,10,0,12,12.0,12,13.5,2,18,10,"Pathfinder #205: Singer, Stalker, Skinsaw Man",4,Agadaz
730,6,5,5,3,5,7,39,315,27,25,27,29,0,30,27.5,25,0.0,5,37,29,"Pathfinder #205: Singer, Stalker, Skinsaw Man",16,Jorogumo Disciple
733,6,6,5,2,8,6,37,275,29,24,27,31,0,29,33.5,0,0.0,7,36,28,"Pathfinder #205: Singer, Stalker, Skinsaw Man",15,Karumzek Priest (Eclipse Burst)
4749,4,3,1,0,2,3,21,68,9,8,13,12,0,12,12.5,0,0.0,0,0,0,Pathfinder Society Scenario #6-00: Salt of the Ocean,4,Damned Greater Gargarthezul
4748,4,3,1,0,2,3,18,31,9,6,12,9,0,9,7.5,0,0.0,0,0,0,Pathfinder Society Scenario #6-00: Salt of the Ocean,2,Damned Gargarthezul
4752,4,5,3,-1,3,-1,20,75,12,14,12,10,0,15,13.5,0,0.0,2,19,11,Pathfinder Society Scenario #6-00: Salt of the Ocean,5,Demonic Ocean Drake
4751,2,3,2,-4,3,0,15,21,8,7,8,6,0,7,6.5,0,0.0,0,0,0,Pathfinder Society Scenario #6-00: Salt of the Ocean,1,Demonbred Bottlenose Dolphin
4753,3,4,2,-1,2,-1,18,45,9,12,9,6,0,12,6.5,0,0.0,1,0,0,Pathfinder Society Scenario #6-00: Salt of the Ocean,3,Demonic River Drake
4754,2,1,0,-1,-1,3,15,8,8,5,5,2,0,6,3.5,0,0.0,1,16,8,Pathfinder Society Scenario #6-00: Salt of the Ocean,-1,Elegecide (Doom Demon)
4755,2,3,4,4,2,7,23,100,15,15,14,17,1,16,17.0,0,0.0,6,26,18,Pathfinder Society Scenario #6-00: Salt of the Ocean,7,Enava
4756,5,4,2,0,3,4,24,100,14,11,17,14,0,15,15.0,0,0.0,0,0,0,Pathfinder Society Scenario #6-00: Salt of the Ocean,6,Gargarthezul Captain
4757,4,3,1,0,2,3,16,21,7,4,10,7,0,7,5.5,0,0.0,0,0,0,Pathfinder Society Scenario #6-00: Salt of the Ocean,1,Gargarthezul
4758,5,1,4,0,2,0,24,100,14,17,14,11,0,17,16.0,0,0.0,3,21,13,Pathfinder Society Scenario #6-00: Salt of the Ocean,6,Getidline (Riptide Demon)
4764,4,1,4,0,3,2,18,40,10,11,6,10,0,12,8.5,0,0.0,0,0,0,Pathfinder Society Scenario #6-00: Salt of the Ocean,3,Pathfinder Guardian
4763,-5,5,0,0,2,4,24,75,14,11,18,15,1,18,17.0,0,0.0,2,25,17,Pathfinder Society Scenario #6-00: Salt of the Ocean,7,Pathfinder Defender
4762,4,3,1,0,2,3,14,11,5,2,8,5,0,5,3.5,0,0.0,0,0,0,Pathfinder Society Scenario #6-00: Salt of the Ocean,-1,Immoral Gargarthezul
4761,5,4,2,0,3,4,22,80,12,9,15,12,0,13,13.0,0,0.0,0,0,0,Pathfinder Society Scenario #6-00: Salt of the Ocean,5,Immoral Gargarthezul Captain (Demon Pirate)
4750,-2,5,4,-3,1,1,23,80,13,13,17,11,0,0,0.0,0,0.0,0,0,0,Pathfinder Society Scenario #6-00: Salt of the Ocean,6,Damned Vescavor Swarm
4747,5,4,2,0,3,4,26,120,16,13,19,16,0,17,17.0,0,0.0,0,0,0,Pathfinder Society Scenario #6-00: Salt of the Ocean,7,Damned Gargarthezul Captain (Demon Pirate)
4744,5,4,4,1,3,5,23,91,14,14,14,12,0,17,17.0,0,0.0,0,0,0,Pathfinder Society Scenario #6-00: Salt of the Ocean,6,Averill Quint (5-6)
4745,6,4,4,1,3,6,26,131,16,16,16,14,0,20,19.0,0,0.0,0,0,0,Pathfinder Society Scenario #6-00: Salt of the Ocean,8,Averill Quint (7-8)
4776,1,3,2,-5,2,-2,14,25,7,7,8,5,0,0,0.0,0,0.0,0,0,0,Pathfinder Society Scenario #6-00: Salt of the Ocean,2,Whippoorwill Piranha Swarm
4775,1,4,1,1,2,2,15,6,5,2,7,3,0,7,2.5,0,0.0,0,0,0,Pathfinder Society Scenario #6-00: Salt of the Ocean,-1,Whippoorwill Pathfinder Protector
4774,6,2,3,-4,2,-1,19,50,9,12,11,7,0,13,13.0,0,0.0,0,0,0,Pathfinder Society Scenario #6-00: Salt of the Ocean,4,Whippoorwill Giant Moray Eel
4773,1,2,2,-5,1,-1,14,8,2,5,5,2,0,6,4.0,0,0.0,0,0,0,Pathfinder Society Scenario #6-00: Salt of the Ocean,-1,Whippoorwill Electric Eel
4772,6,3,4,-5,1,-4,25,80,13,15,12,8,0,16,17.0,0,0.0,0,0,0,Pathfinder Society Scenario #6-00: Salt of the Ocean,6,Whippoorwill Con Rit
4771,5,1,3,2,2,4,26,115,14,14,14,15,0,18,15.0,0,0.0,2,24,16,Pathfinder Society Scenario #6-00: Salt of the Ocean,7,Weak Xurgimoth
4770,2,2,3,0,2,0,12,10,4,6,2,2,0,4,1.5,0,0.0,0,0,0,Pathfinder Society Scenario #6-00: Salt of the Ocean,-1,Weak Water Wisp
4769,2,3,2,-4,3,0,13,6,5,4,5,3,0,4,3.5,0,0.0,0,0,0,Pathfinder Society Scenario #6-00: Salt of the Ocean,-1,Weak Bottlenose Dolphin
4768,6,0,2,1,0,4,25,100,13,15,18,12,0,16,16.0,12,11.0,0,0,0,Pathfinder Society Scenario #6-00: Salt of the Ocean,7,Sharkskin
4767,4,0,4,-3,0,0,17,36,6,11,3,8,1,9,7.5,0,0.0,3,16,8,Pathfinder Society Scenario #6-00: Salt of the Ocean,2,Pusk (PFS 6-00)
4766,-5,5,0,-1,2,4,22,55,11,9,14,13,1,0,0.0,13,13.0,2,23,13,Pathfinder Society Scenario #6-00: Salt of the Ocean,5,Pathfinder Sentinel
4765,1,4,1,1,2,2,17,16,7,4,9,5,0,9,4.5,0,0.0,0,0,0,Pathfinder Society Scenario #6-00: Salt of the Ocean,1,Pathfinder Protector
4760,3,2,1,0,0,4,17,18,10,7,7,4,0,8,5.5,0,0.0,1,18,10,Pathfinder Society Scenario #6-00: Salt of the Ocean,1,Haunting Elegecide (Doom Demon)
4742,3,2,2,1,2,3,17,28,8,8,8,6,0,11,7.5,0,0.0,0,0,0,Pathfinder Society Scenario #6-00: Salt of the Ocean,2,Averill Quint (1-2)
4743,3,2,2,1,2,3,20,57,11,11,11,9,0,14,14.0,0,0.0,0,0,0,Pathfinder Society Scenario #6-00: Salt of the Ocean,4,Averill Quint (3-4)
4746,4,2,1,0,0,5,22,95,15,7,7,6,0,13,11.5,9,9.5,2,22,14,Pathfinder Society Scenario #6-00: Salt of the Ocean,5,Blood Elegecide (Doom Demon)
4759,4,3,1,0,2,3,19,48,9,6,12,9,0,10,10.5,0,0.0,0,0,0,Pathfinder Society Scenario #6-00: Salt of the Ocean,3,Greater Gargarthezul
5064,2,4,3,5,3,2,38,295,25,29,30,26,0,30,0.0,0,0.0,0,0,0,Pathfinder Adventure: Prey for Death,16,Shirota
5074,4,1,3,0,5,3,32,232,23,22,20,24,2,23,20.0,0,0.0,6,32,24,Pathfinder Adventure: Prey for Death,12,Vofnir
5055,8,6,5,4,5,5,36,300,30,25,28,30,0,32,35.5,30,0.0,0,0,0,Pathfinder Adventure: Prey for Death,16,Niesha
5054,4,4,1,2,6,3,39,318,31,26,29,31,1,31,35.5,0,0.0,9,38,30,Pathfinder Adventure: Prey for Death,17,Mantis Keeper
5053,4,1,3,0,5,3,32,212,23,22,20,24,2,23,20.0,0,0.0,6,32,24,Pathfinder Adventure: Prey for Death,12,Gorumite Warpriest
5052,7,4,6,2,4,3,33,240,21,23,21,19,0,26,14.5,0,0.0,0,0,0,Pathfinder Adventure: Prey for Death,12,Gorumite Veteran
5051,8,4,5,0,4,2,36,255,22,27,22,24,0,0,0.0,0,0.0,0,0,0,Pathfinder Adventure: Prey for Death,14,Gorumite Infantry
5050,7,5,7,1,5,5,34,232,26,26,20,22,0,26,26.5,0,0.0,5,33,24,Pathfinder Adventure: Prey for Death,13,Frostripper
5049,9,4,6,-4,5,0,34,300,25,28,24,23,0,29,28.5,0,0.0,0,0,0,Pathfinder Adventure: Prey for Death,14,Frost Roc
5056,5,1,4,0,4,5,38,300,28,30,25,28,0,32,34.0,0,0.0,0,0,0,Pathfinder Adventure: Prey for Death,16,Ordulf Bladecaller
5048,7,4,6,0,4,3,35,270,22,29,23,25,0,0,0.0,0,0.0,0,0,0,Pathfinder Adventure: Prey for Death,15,Einherji Host
5046,1,6,1,8,8,5,34,245,25,20,23,27,0,0,0.0,25,26.0,7,35,27,Pathfinder Adventure: Prey for Death,13,Divine Living Rune
5045,6,4,5,3,5,7,33,270,26,22,23,26,0,27,27.5,23,0.0,5,34,26,Pathfinder Adventure: Prey for Death,13,Celasik
5044,9,4,8,5,6,5,39,300,28,30,24,28,0,33,31.0,0,0.0,7,34,26,Pathfinder Adventure: Prey for Death,16,Bloody Hands
5043,-5,8,6,0,6,0,41,250,29,29,33,27,0,33,28.0,0,0.0,6,35,27,Pathfinder Adventure: Prey for Death,17,Bloodfog
5042,5,1,4,0,4,5,38,320,28,30,25,28,0,31,34.0,0,0.0,0,0,0,Pathfinder Adventure: Prey for Death,16,Berserker Ordulf
5041,10,6,8,6,5,8,43,300,30,35,33,30,1,37,36.0,0,0.0,9,44,35,Pathfinder Adventure: Prey for Death,19,Alktherisa and Omprisgor
5040,8,3,2,1,5,8,35,315,25,22,25,27,0,29,31.5,0,0.0,7,34,26,Pathfinder Adventure: Prey for Death,14,Agent of Taraksun
5075,3,5,1,5,2,3,39,265,24,25,31,28,0,29,34.5,31,28.0,0,0,0,Pathfinder Adventure: Prey for Death,16,Zaiho
5057,5,3,4,0,3,0,29,175,19,20,17,19,0,22,18.0,0,0.0,0,0,0,Pathfinder Adventure: Prey for Death,10,Rage Rider
5047,6,2,5,1,3,4,39,330,30,31,29,26,0,33,31.5,0,0.0,9,35,27,Pathfinder Adventure: Prey for Death,17,Dronuk
5073,9,5,6,6,7,8,40,345,30,27,28,32,0,32,27.5,31,27.0,6,41,33,Pathfinder Adventure: Prey for Death,16,Vatumledor
5058,4,4,2,1,2,3,31,193,21,19,21,19,0,22,17.5,0,0.0,4,27,19,Pathfinder Adventure: Prey for Death,11,Red Mantis Assassin
5059,4,5,2,3,1,3,35,255,23,25,27,23,0,27,17.5,0,0.0,5,34,26,Pathfinder Adventure: Prey for Death,14,Red Mantis Conspirator
5060,8,8,5,6,5,9,42,338,31,27,34,31,0,34,32.5,34,31.5,4,40,32,Pathfinder Adventure: Prey for Death,18,Rhysaphine
5061,6,8,4,0,6,2,36,256,26,22,28,26,0,30,24.5,0,0.0,5,31,23,Pathfinder Adventure: Prey for Death,14,Roc Rider
5062,9,4,7,4,5,6,42,365,31,33,28,29,0,35,34.5,0,0.0,0,0,0,Pathfinder Adventure: Prey for Death,18,Saint Fang
5065,8,7,6,3,6,5,43,260,32,30,33,28,0,33,39.5,33,26.5,0,0,0,Pathfinder Adventure: Prey for Death,18,Silver Saber
5063,4,5,1,4,6,5,43,360,34,31,35,38,0,35,36.5,0,0.0,10,41,33,Pathfinder Adventure: Prey for Death,19,Saviya
5067,4,5,2,2,2,3,36,272,25,25,30,24,1,28,22.5,0,0.0,4,33,25,Pathfinder Adventure: Prey for Death,15,Talaro
5068,9,5,9,3,5,5,41,335,31,35,29,27,0,35,40.5,0,0.0,0,0,0,Pathfinder Adventure: Prey for Death,18,Temperbrand
5069,8,4,6,4,6,8,37,300,27,29,23,27,0,31,36.0,0,0.0,6,36,28,Pathfinder Adventure: Prey for Death,15,The First Blade
5070,-5,6,0,4,8,6,36,255,31,23,27,29,0,29,30.5,29,27.5,7,36,28,Pathfinder Adventure: Prey for Death,15,The Promised One
5071,7,5,5,3,4,5,33,215,22,24,20,23,0,28,28.5,0,0.0,7,29,21,Pathfinder Adventure: Prey for Death,12,Valkyrie of Gorum
5066,2,4,2,2,5,4,38,290,28,26,28,30,3,30,23.5,0,0.0,7,37,29,Pathfinder Adventure: Prey for Death,16,Sister Maeri
5072,9,6,6,4,5,6,37,312,28,24,20,23,0,0,0.0,0,0.0,7,35,27,Pathfinder Adventure: Prey for Death,17,Valkyrie Tempest
4691,4,6,4,2,1,5,28,135,19,17,19,16,1,21,15.0,0,0.0,4,29,21,Pathfinder Society Scenario #5-20: The Rakshasa's Court,9,Weary Raja Rakshasa
4692,1,4,3,1,1,3,26,100,15,15,16,13,1,18,11.0,0,0.0,4,25,18,Pathfinder Society Scenario #5-20: The Rakshasa's Court,7,Well-Fed Dandasuka
4690,4,6,3,-4,2,-4,26,150,16,17,19,11,0,19,19.0,0,0.0,0,0,0,Pathfinder Society Scenario #5-20: The Rakshasa's Court,8,Toxic Sewer Gator
4689,4,5,3,-4,1,-4,23,105,14,15,17,10,0,16,17.0,0,0.0,0,0,0,Pathfinder Society Scenario #5-20: The Rakshasa's Court,6,Sewer Gator
4688,2,6,4,2,1,3,28,100,17,15,19,13,0,19,19.0,19,13.0,0,0,0,Pathfinder Society Scenario #5-20: The Rakshasa's Court,8,Hidden Current
4687,3,5,3,1,0,4,25,60,15,15,17,14,1,18,13.0,0,0.0,4,27,19,Pathfinder Society Scenario #5-20: The Rakshasa's Court,7,Exhausted Raja Rakshasa
4686,2,4,6,3,6,4,29,200,21,21,19,21,0,23,17.0,0,0.0,5,31,23,Pathfinder Society Scenario #5-20: The Rakshasa's Court,10,Asper Hajeri
4685,2,4,6,3,6,4,32,230,24,24,22,24,0,26,20.5,0,0.0,5,34,26,Pathfinder Society Scenario #5-20: The Rakshasa's Court,12,Asper Hajeri (9–10)
710,8,5,8,-4,4,-3,33,320,24,28,23,24,0,28,33.5,25,24.5,0,0,0,Pathfinder #204: Stage Fright,14,Furnerico
720,0,0,0,0,0,0,30,60,15,20,18,20,0,0,0.0,0,0.0,0,0,0,Pathfinder #204: Stage Fright,12,Skurg
719,6,3,5,-3,3,2,29,175,21,21,17,19,0,22,16.5,0,0.0,4,29,21,Pathfinder #204: Stage Fright,10,Rezzelki
718,8,4,5,5,4,0,33,235,23,26,21,23,0,27,30.5,0,0.0,2,33,25,Pathfinder #204: Stage Fright,13,Ockomlire
717,7,6,5,3,4,8,33,240,23,22,25,21,0,26,32.5,25,20.5,5,33,25,Pathfinder #204: Stage Fright,13,Nemesis
716,-5,4,3,0,2,6,24,110,18,15,18,14,1,20,18.0,0,0.0,4,26,18,Pathfinder #204: Stage Fright,8,Living Nightmare
715,6,6,5,3,4,0,27,205,19,18,21,15,0,21,19.0,17,14.5,0,0,0,Pathfinder #204: Stage Fright,9,Honor Guard
714,-5,6,5,4,5,8,33,175,24,23,25,22,0,27,26.5,0,0.0,7,33,25,Pathfinder #204: Stage Fright,13,Hellshadow
713,1,5,1,2,4,3,31,180,21,18,22,21,0,23,16.0,0,0.0,0,0,0,Pathfinder #204: Stage Fright,11,Graverobber
705,8,5,5,5,7,5,34,180,26,24,22,26,0,27,27.5,0,0.0,4,33,25,Pathfinder #204: Stage Fright,13,Anguish Siktempora
706,4,2,1,2,4,5,34,250,24,22,25,27,0,26,26.5,0,0.0,7,34,26,Pathfinder #204: Stage Fright,14,Augusta Wormwood
711,6,4,6,3,6,3,30,180,22,20,18,22,0,23,24.5,22,16.5,0,0,0,Pathfinder #204: Stage Fright,10,Girtablilu Guardian
709,0,4,0,2,4,5,29,160,21,16,22,22,3,22,10.5,0,0.0,6,30,22,Pathfinder #204: Stage Fright,11,Fallenta
708,6,5,6,3,7,3,33,210,25,22,19,25,0,24,22.5,0,0.0,6,33,24,Pathfinder #204: Stage Fright,12,Emriss
707,4,7,5,5,4,8,34,275,24,24,26,20,0,26,26.5,0,0.0,1,30,22,Pathfinder #204: Stage Fright,13,Azarpal
721,2,2,2,5,2,3,32,164,20,21,19,21,3,9,6.5,0,0.0,6,32,24,Pathfinder #204: Stage Fright,12,The Final Herald
4684,3,5,4,-5,0,-4,19,31,12,10,11,14,0,0,0.0,0,0.0,0,0,0,Pathfinder Society Scenario #5-19: Demonic Afterparty,3,Ravenous Locust Swarm
4683,2,4,3,-5,0,-4,16,14,10,8,9,11,0,0,0.0,0,0.0,0,0,0,Pathfinder Society Scenario #5-19: Demonic Afterparty,1,Locust Swarm
4682,5,1,3,0,1,3,21,60,9,14,8,12,0,14,12.0,0,0.0,0,0,0,Pathfinder Society Scenario #5-19: Demonic Afterparty,4,Locust Knight
4681,0,0,0,0,0,0,20,15,0,0,0,0,0,0,0.0,0,0.0,0,0,0,Pathfinder Society Scenario #5-19: Demonic Afterparty,1,Husk Shield
4676,1,3,2,4,4,3,21,65,14,10,9,12,1,10,8.5,0,0.0,3,24,14,Pathfinder Society Scenario #5-19: Demonic Afterparty,5,Arrogant Entodemonologist
4677,5,3,2,1,-1,0,19,30,5,8,9,5,0,9,7.5,0,0.0,0,0,0,Pathfinder Society Scenario #5-19: Demonic Afterparty,2,Deskari Cultist
4678,5,3,2,1,-1,0,22,60,8,11,12,8,0,12,12.0,0,0.0,0,0,0,Pathfinder Society Scenario #5-19: Demonic Afterparty,4,Deskari Fantatic
4679,0,2,1,3,3,2,18,40,11,7,6,9,1,10,8.5,0,0.0,2,20,12,Pathfinder Society Scenario #5-19: Demonic Afterparty,3,Entodemonologist
4680,6,1,4,1,2,3,24,95,12,17,11,15,0,17,15.0,0,0.0,0,0,0,Pathfinder Society Scenario #5-19: Demonic Afterparty,6,Hardened Locust Knight
4739,-1,2,2,-2,2,1,16,5,2,4,4,2,1,1,1.5,4,1.5,4,12,6,Pathfinder Society Quest #19: The Elsewhere Feast,-1,Weak Leaf Leshy (Q19)
4712,2,1,3,-4,1,-1,15,9,5,8,5,2,0,6,3.5,0,0.0,0,0,0,Pathfinder Society Quest #19: The Elsewhere Feast,-1,Fey Table Hound
4674,8,7,7,5,4,4,34,320,24,28,25,25,0,29,27.5,0,0.0,0,0,0,Pathfinder Society Scenario #5-18: Equal Exchanges-Tapestry of the Mind,14,The Inscrutable Librarian
4675,7,6,6,5,4,4,31,270,21,25,22,22,0,26,24.5,0,0.0,0,0,0,Pathfinder Society Scenario #5-18: Equal Exchanges-Tapestry of the Mind,12,The Librarian
4671,4,6,2,6,4,2,25,110,17,13,17,15,1,17,18.0,0,0.0,8,21,11,Pathfinder Society Scenario #5-18: Equal Exchanges-Tapestry of the Mind,7,Elite Hound Of Tindalos
4673,5,7,5,4,5,4,35,235,26,24,25,26,1,26,19.5,26,0.0,6,33,26,Pathfinder Society Scenario #5-18: Equal Exchanges-Tapestry of the Mind,13,Resolved Jamimpi
4672,5,6,5,3,5,4,31,195,22,20,21,22,1,22,17.0,22,0.0,5,29,21,Pathfinder Society Scenario #5-18: Equal Exchanges-Tapestry of the Mind,10,Jamimpi
1922,2,2,3,1,1,0,20,60,11,11,8,14,0,14,14.0,0,0.0,0,0,0,Pathfinder Free RPG Day Adventure: The Great Toy Heist,4,Soulbound Guardian
1923,0,0,0,0,0,0,16,14,0,0,0,0,0,11,6.5,0,0.0,0,0,0,Pathfinder Free RPG Day Adventure: The Great Toy Heist,1,Splitsoul Object
6093,4,4,2,1,4,0,28,155,20,18,20,18,0,21,16.5,22,15.5,3,25,17,Pathfinder #203: Shepherd of Decay,9,Wildwood Sentry
6092,7,6,5,0,5,2,35,250,25,27,24,23,0,29,25.5,27,22.5,0,0,0,Pathfinder #203: Shepherd of Decay,14,Timberweb
6091,4,6,5,-5,3,1,30,175,19,19,22,16,0,22,23.0,22,18.0,0,0,0,Pathfinder #203: Shepherd of Decay,10,Spitting Sawfly
6085,7,2,6,-1,2,-5,33,195,20,26,20,18,0,26,29.5,21,26.5,6,32,24,Pathfinder #203: Shepherd of Decay,12,Primal Warden of Zibik
6090,8,4,5,3,4,6,38,255,26,27,24,24,0,29,27.5,25,23.5,0,0,0,Pathfinder #203: Shepherd of Decay,14,Ruzadoya Swiftmane
6089,6,4,4,1,4,3,26,120,16,18,16,14,0,20,17.0,20,18.0,0,0,0,Pathfinder #203: Shepherd of Decay,8,Rootridden
6088,6,2,6,3,5,4,29,205,22,22,16,19,0,23,19.0,0,0.0,3,28,20,Pathfinder #203: Shepherd of Decay,10,Redwood Leshy
6087,7,5,5,-5,3,-2,31,120,19,21,19,17,0,25,25.0,0,0.0,0,0,0,Pathfinder #203: Shepherd of Decay,11,Reborn Devotee
6086,7,2,6,2,5,4,31,195,21,23,17,22,1,0,0.0,0,0.0,4,27,19,Pathfinder #203: Shepherd of Decay,11,Rancorous Druids
6084,8,3,5,-5,3,-2,31,220,20,24,20,18,0,25,27.0,0,0.0,6,27,19,Pathfinder #203: Shepherd of Decay,11,Primal Mantis
6080,5,4,7,3,5,6,30,195,21,23,19,21,0,0,0.0,0,0.0,3,30,22,Pathfinder #203: Shepherd of Decay,11,Leshy Mob
6082,7,3,5,-1,4,2,32,180,25,25,19,22,0,25,27.0,0,0.0,0,0,0,Pathfinder #203: Shepherd of Decay,12,Phytohydra
6081,7,0,5,4,5,7,33,230,25,23,18,25,0,25,26.5,0,0.0,6,32,24,Pathfinder #203: Shepherd of Decay,12,Old Thornbarker
6079,8,4,5,0,4,1,33,235,23,26,19,23,0,27,31.5,23,27.5,0,0,0,Pathfinder #203: Shepherd of Decay,13,Gritblight
6078,7,4,5,1,5,0,32,230,25,25,20,23,0,26,24.0,26,28.0,5,29,21,Pathfinder #203: Shepherd of Decay,12,Druulbach
6077,6,5,6,-4,2,-1,29,135,18,22,19,16,0,0,0.0,0,0.0,0,0,0,Pathfinder #203: Shepherd of Decay,10,Creeping Cone Swarm
6076,8,5,7,-4,2,-1,34,238,21,26,22,19,0,27,27.5,0,0.0,0,0,0,Pathfinder #203: Shepherd of Decay,13,Coiled Conifer
6075,-5,6,3,3,4,6,28,130,18,16,19,21,0,21,13.5,0,0.0,0,0,0,Pathfinder #203: Shepherd of Decay,9,Caustic Wraith
6073,7,3,4,-2,8,2,32,250,25,23,20,27,0,28,33.0,0,0.0,4,33,25,Pathfinder #203: Shepherd of Decay,13,Blighted Speaker in Spores
6072,-5,6,3,2,4,6,30,150,21,22,24,15,0,23,24.0,0,0.0,0,0,0,Pathfinder #203: Shepherd of Decay,11,Ardande Ghost
6094,7,4,6,-5,4,-4,33,255,22,24,20,22,0,25,26.5,0,0.0,0,0,0,Pathfinder #203: Shepherd of Decay,12,Woodweave Caterpillar
6083,-5,5,5,2,7,6,33,180,23,26,20,23,0,25,24.0,0,0.0,7,33,25,Pathfinder #203: Shepherd of Decay,13,Phytomancer Ghost
6074,6,4,4,2,2,0,31,220,25,25,23,19,0,26,20.0,0,0.0,0,0,0,Pathfinder #203: Shepherd of Decay,12,Bonebleacher Bugbear
6095,12,9,11,7,10,8,51,525,42,43,39,42,1,46,49.0,43,45.0,10,48,40,Pathfinder #203: Shepherd of Decay,21,Zibik
4670,3,4,1,4,3,1,18,15,9,6,10,8,1,10,7.5,0,0.0,8,21,13,Pathfinder Society Scenario #5-17: Stranded on Yesterday's Tide,2,Weak Hound Echo
4663,2,3,2,4,2,3,20,57,13,11,11,13,0,12,8.5,0,0.0,2,21,13,Pathfinder Society Scenario #5-17: Stranded on Yesterday's Tide,4,Arjol Parkit
4664,3,5,2,5,3,2,21,48,13,9,13,11,1,13,9.5,0,0.0,8,24,16,Pathfinder Society Scenario #5-17: Stranded on Yesterday's Tide,4,Cacophonous Hound Echo
4665,3,-2,2,-5,0,-5,8,45,4,7,3,5,0,8,3.5,0,0.0,0,0,0,Pathfinder Society Scenario #5-17: Stranded on Yesterday's Tide,1,Cosmic Amoeba
4669,3,-2,2,-5,0,-5,8,35,4,7,3,5,0,8,4.5,0,0.0,0,0,0,Pathfinder Society Scenario #5-17: Stranded on Yesterday's Tide,1,Weak Cosmic Amoeba
4667,1,2,1,3,1,2,15,19,9,7,7,9,0,7,6.5,0,0.0,1,17,9,Pathfinder Society Scenario #5-17: Stranded on Yesterday's Tide,1,Time-Worn Arjol Parkit
4668,3,4,1,4,3,1,21,23,13,9,13,11,1,13,9.5,0,0.0,8,24,16,Pathfinder Society Scenario #5-17: Stranded on Yesterday's Tide,4,Weak Cacophonous Hound Echo
4666,3,4,1,4,3,1,18,25,10,6,10,8,1,10,6.5,0,0.0,8,21,13,Pathfinder Society Scenario #5-17: Stranded on Yesterday's Tide,2,Hound Echo
4657,6,4,5,-5,3,-5,13,94,9,15,12,9,0,16,16.0,14,13.5,0,0,0,Pathfinder Society Scenario #5-16: A Lie Told to Strangers,5,Acrid Corrosive Slime
4658,4,2,4,0,2,1,21,78,11,14,11,8,0,12,10.5,0,0.0,0,0,0,Pathfinder Society Scenario #5-16: A Lie Told to Strangers,4,Blue-Scarf Heavy
4659,4,1,4,0,2,-1,18,40,8,11,8,5,0,9,6.5,0,0.0,0,0,0,Pathfinder Society Scenario #5-16: A Lie Told to Strangers,2,Blue-Scarf Tough
4660,5,3,4,-5,1,-5,10,56,6,12,9,6,0,13,12.0,11,10.5,0,0,0,Pathfinder Society Scenario #5-16: A Lie Told to Strangers,3,Corrosive Slime
4661,2,3,2,5,3,-1,22,80,14,11,14,17,0,12,8.5,0,0.0,3,24,16,Pathfinder Society Scenario #5-16: A Lie Told to Strangers,6,Enraged Firmagor
4662,2,3,2,5,3,-1,19,49,14,8,11,14,0,9,6.5,0,0.0,2,21,13,Pathfinder Society Scenario #5-16: A Lie Told to Strangers,4,Firmagor
1121,9,5,6,1,5,6,42,440,33,32,30,29,0,33,35.0,31,28.5,9,40,35,Pathfinder Howl of the Wild,18,Barded Manticore
1122,5,3,5,1,3,1,36,360,29,32,23,25,0,28,31.0,0,0.0,3,33,0,Pathfinder Howl of the Wild,15,Blooming Guardian
1123,7,2,4,-4,2,0,24,145,15,17,15,13,0,18,15.5,0,0.0,0,0,0,Pathfinder Howl of the Wild,7,Carnotaurus
1124,5,7,3,4,4,3,29,180,18,19,22,16,0,21,20.5,23,21.0,0,0,0,Pathfinder Howl of the Wild,10,Chaos Falcon
1125,5,3,6,-4,2,4,27,150,16,19,13,16,0,18,22.0,17,18.0,0,0,0,Pathfinder Howl of the Wild,8,Concert Frog
1126,2,4,5,-5,1,3,19,48,11,10,12,7,0,9,7.5,0,0.0,0,0,0,Pathfinder Howl of the Wild,3,Crying Cicada
1127,7,3,4,-2,3,0,28,145,16,18,15,15,0,19,17.5,0,0.0,0,0,0,Pathfinder Howl of the Wild,8,Decapod Dinghy
1120,7,6,5,-4,3,7,30,210,25,21,24,18,0,24,24.0,25,19.0,0,0,0,Pathfinder Howl of the Wild,11,Ascendant Griffon
1134,5,2,3,-5,2,-1,20,75,14,14,11,8,0,15,14.0,0,0.0,0,0,0,Pathfinder Howl of the Wild,4,Giant Fangtooth
1130,-2,3,2,-5,2,-3,18,40,11,11,10,9,0,0,0.0,0,0.0,0,0,0,Pathfinder Howl of the Wild,3,Fangtooth School
1131,2,4,3,-4,2,0,19,60,9,10,11,7,0,0,0.0,11,4.5,0,0,0,Pathfinder Howl of the Wild,3,Flynkett
1132,5,2,3,-1,4,2,20,65,14,14,10,12,0,14,10.5,0,0.0,0,0,0,Pathfinder Howl of the Wild,4,Ghost Ape
1133,3,6,4,-4,4,-2,25,115,18,15,18,12,0,18,17.5,0,0.0,0,0,0,Pathfinder Howl of the Wild,7,Giant Coppermouth
1119,1,6,3,-4,2,2,25,115,15,14,19,13,0,19,17.0,0,0.0,0,0,0,Pathfinder Howl of the Wild,7,Apothecary Bee
1135,4,3,6,-5,3,1,23,120,16,23,16,16,0,19,16.5,0,0.0,0,0,0,Pathfinder Howl of the Wild,9,Giant Tardigrade
1136,6,4,5,-4,3,-3,21,85,15,16,11,10,0,13,15.0,0,0.0,0,0,0,Pathfinder Howl of the Wild,5,Goblin Shark
1137,8,4,5,-2,3,1,33,235,23,26,23,20,0,25,21.5,0,0.0,0,0,0,Pathfinder Howl of the Wild,13,Greater Chimera
1129,4,5,4,-3,3,-1,23,110,15,14,17,11,0,16,13.0,17,14.0,0,0,0,Pathfinder Howl of the Wild,6,Drthak
1118,5,3,4,-4,0,3,20,63,14,14,11,8,0,13,12.0,0,0.0,0,0,0,Pathfinder Howl of the Wild,4,Almiraj
1179,2,4,6,-5,3,1,28,140,21,26,21,19,0,0,0.0,0,0.0,0,0,0,Pathfinder Howl of the Wild,12,Tardigrade Swarm
1175,3,5,2,-1,3,0,21,70,12,12,15,9,0,12,12.5,0,0.0,0,0,0,Pathfinder Howl of the Wild,5,Storm Snake
1173,2,4,2,-3,2,1,18,48,11,9,11,7,0,11,11.0,0,0.0,0,0,0,Pathfinder Howl of the Wild,3,Stony Bat
1192,4,3,4,-1,2,-1,21,75,10,12,11,8,0,14,11.5,0,0.0,0,0,0,Pathfinder Howl of the Wild,4,Wereshark
1191,4,1,4,-1,1,1,19,60,6,11,8,6,0,11,9.5,0,0.0,0,0,0,Pathfinder Howl of the Wild,3,Weremoose
1190,8,12,9,6,10,8,48,445,40,36,40,38,0,41,34.0,39,34.0,10,45,0,Pathfinder Howl of the Wild,21,Warden of Peaks and Skies
1189,10,9,12,6,8,6,47,540,39,39,36,33,0,43,38.0,0,0.0,0,0,0,Pathfinder Howl of the Wild,21,Warden of Oceans and Rivers
1188,7,10,8,11,8,12,48,435,36,34,42,36,0,40,29.0,40,32.5,10,45,41,Pathfinder Howl of the Wild,21,Warden of Forests and Meadows
1187,12,8,10,6,8,9,45,500,36,39,36,33,0,41,44.0,33,38.0,0,0,0,Pathfinder Howl of the Wild,21,Warden of Caverns and Burrows
1186,4,5,2,3,2,4,24,65,14,9,17,14,0,12,11.0,0,0.0,3,24,16,Pathfinder Howl of the Wild,6,Virtuosic Lyrebird
1117,8,7,4,6,4,6,36,320,27,26,26,29,0,29,28.0,0,0.0,6,36,0,Pathfinder Howl of the Wild,15,Alicorn
1185,-2,7,5,-5,5,-4,29,140,22,24,21,18,0,0,0.0,0,0.0,0,0,0,Pathfinder Howl of the Wild,11,Vibrant Pup Swarm
1183,1,3,1,-4,2,3,16,20,9,4,8,5,0,8,4.5,0,0.0,0,0,0,Pathfinder Howl of the Wild,1,Troodon
1182,10,4,9,-4,5,6,38,370,27,33,28,29,0,32,35.5,0,0.0,0,0,0,Pathfinder Howl of the Wild,16,Titanosaur
1181,10,3,6,-2,6,5,39,290,29,31,25,29,0,33,32.5,0,0.0,0,0,0,Pathfinder Howl of the Wild,17,Thruneosaurus Rex
1180,7,0,6,-4,3,0,27,210,18,21,16,16,0,21,20.0,0,0.0,0,0,0,Pathfinder Howl of the Wild,9,Therizinosaurus
1138,4,3,3,-4,1,3,17,30,9,9,11,5,0,9,8.5,0,0.0,0,0,0,Pathfinder Howl of the Wild,2,Harbor Seal
1178,4,4,5,-4,1,2,21,95,15,13,15,9,0,15,11.0,15,15.0,0,0,0,Pathfinder Howl of the Wild,5,Taldan Cave Squirrel
1177,5,3,1,-4,2,0,18,50,11,10,12,7,0,12,10.5,0,0.0,0,0,0,Pathfinder Howl of the Wild,3,Swordfish
1176,8,4,3,1,6,-1,36,251,25,25,26,28,0,28,21.5,0,0.0,5,31,0,Pathfinder Howl of the Wild,14,Sunscale Serpent
1184,6,4,6,-3,3,-1,30,190,21,24,21,18,0,24,20.0,0,0.0,0,0,0,Pathfinder Howl of the Wild,11,Tyrafdir
1139,2,3,3,-4,2,0,15,20,6,5,8,4,0,4,5.5,0,0.0,0,0,0,Pathfinder Howl of the Wild,0,Hardhead Mole
1174,3,4,3,-4,2,1,17,28,11,8,11,5,0,8,7.5,0,0.0,0,0,0,Pathfinder Howl of the Wild,2,Stony Goat
1141,3,6,3,-4,1,2,27,105,19,19,16,11,0,13,20.0,13,15.0,0,0,0,Pathfinder Howl of the Wild,8,Hexmoth
1160,9,6,8,-3,2,-1,30,290,28,28,26,24,0,31,33.5,28,6.5,0,0,0,Pathfinder Howl of the Wild,16,Prismhydra
1161,4,2,3,-4,2,1,17,30,9,11,8,6,0,10,7.5,0,0.0,0,0,0,Pathfinder Howl of the Wild,2,Protoceratops
1162,4,2,3,-2,1,3,19,45,9,10,9,8,0,11,0.0,0,0.0,0,0,0,Pathfinder Howl of the Wild,3,Rift Chameleon
1163,8,5,7,-3,6,2,33,290,27,26,22,23,0,27,29.0,24,27.5,0,0,0,Pathfinder Howl of the Wild,13,Royal Basilisk
1164,9,6,7,-1,5,-1,37,295,28,30,26,23,0,30,28.5,30,31.5,0,0,0,Pathfinder Howl of the Wild,15,Rumindrol
1165,3,5,2,-4,1,2,21,76,13,14,16,8,0,12,10.0,0,0.0,0,0,0,Pathfinder Howl of the Wild,5,Scroungefeather
1159,7,4,6,-3,6,3,33,215,24,24,20,22,0,24,23.5,0,0.0,0,0,0,Pathfinder Howl of the Wild,12,Plated Python
1140,8,3,6,-4,3,-1,28,230,21,22,19,16,0,22,27.5,0,0.0,0,0,0,Pathfinder Howl of the Wild,10,Helicoprion
1167,5,7,7,-4,0,-3,30,200,18,22,22,15,0,24,17.0,0,0.0,0,0,0,Pathfinder Howl of the Wild,11,Sky Fisher
1168,7,6,4,-2,4,1,27,180,21,21,21,15,0,19,19.5,19,21.0,0,0,0,Pathfinder Howl of the Wild,9,Soniphak
1169,4,3,5,-4,2,1,21,94,12,15,12,9,0,15,0.0,0,0.0,0,0,0,Pathfinder Howl of the Wild,5,Sporeback Frog
1170,5,3,6,-3,3,-1,27,150,19,21,18,14,0,21,17.0,0,0.0,0,0,0,Pathfinder Howl of the Wild,9,Stargut Hydra
1171,2,3,2,-5,1,-1,16,25,11,11,8,5,0,0,0.0,0,0.0,0,0,0,Pathfinder Howl of the Wild,2,Stonefish Swarm
1172,2,3,2,-5,1,-1,16,15,7,9,6,3,0,7,5.5,0,0.0,0,0,0,Pathfinder Howl of the Wild,0,Stonefish
1166,2,4,2,-3,3,2,18,35,9,8,10,11,0,10,8.0,0,0.0,0,0,0,Pathfinder Howl of the Wild,2,Shotalashu
1158,-5,8,3,-2,4,3,30,180,21,20,24,21,0,24,23.5,0,0.0,5,27,0,Pathfinder Howl of the Wild,11,Pale Horse
1128,7,2,5,-2,2,4,33,270,22,25,22,22,0,25,20.5,0,0.0,0,0,0,Pathfinder Howl of the Wild,12,Desert Manticore
1156,9,4,6,-2,2,4,41,340,30,33,30,30,0,37,40.0,35,36.0,0,0,0,Pathfinder Howl of the Wild,18,Mocking Chorus
1148,5,2,4,-4,2,-2,21,100,14,17,11,14,0,17,14.0,0,0.0,0,0,0,Pathfinder Howl of the Wild,6,Magnegor
1147,5,1,7,-4,4,1,34,190,22,25,19,22,0,24,25.0,22,22.0,0,0,0,Pathfinder Howl of the Wild,12,Lightning Turtle
1146,6,4,3,-4,1,2,20,65,13,12,14,8,0,12,13.0,0,0.0,0,0,0,Pathfinder Howl of the Wild,4,Leopard Seal
1149,2,3,4,-4,2,-1,15,20,10,10,7,4,0,7,5.0,0,0.0,0,0,0,Pathfinder Howl of the Wild,1,Magnetic Gecko
1144,5,5,3,-2,0,2,21,78,12,12,15,9,0,13,12.0,0,0.0,0,0,0,Pathfinder Howl of the Wild,5,Hooplamander
1143,5,4,3,-4,2,0,20,55,14,13,12,8,0,13,10.0,0,0.0,0,0,0,Pathfinder Howl of the Wild,4,Holdfast
1145,6,3,6,0,3,4,25,120,16,17,14,14,0,17,15.0,0,0.0,2,25,0,Pathfinder Howl of the Wild,7,Karkadann
1150,6,5,4,-4,2,4,23,120,12,14,17,12,0,16,13.0,0,0.0,0,0,0,Pathfinder Howl of the Wild,6,Majungasaurus
1151,6,3,6,-5,4,-2,26,100,19,19,13,15,0,20,15.0,0,0.0,0,0,0,Pathfinder Howl of the Wild,8,Mammoth Land Star
1152,4,4,2,-2,2,5,20,48,12,10,14,10,0,12,13.0,0,0.0,0,0,0,Pathfinder Howl of the Wild,4,Marp
1153,3,6,2,1,3,-2,24,117,18,14,19,15,0,17,17.0,0,0.0,5,22,0,Pathfinder Howl of the Wild,7,Mirror Wolf
1154,6,2,5,-3,4,2,24,140,18,16,13,15,0,17,17.0,0,0.0,0,0,0,Pathfinder Howl of the Wild,7,Mist Bear
1155,5,2,4,-3,2,-2,21,60,15,14,8,8,0,12,11.0,0,0.0,0,0,0,Pathfinder Howl of the Wild,4,Mjolgat
1142,2,4,3,-5,1,0,20,45,10,11,14,6,0,8,9.0,0,0.0,0,0,0,Pathfinder Howl of the Wild,4,Hexworm
1157,5,2,4,-3,2,1,20,70,12,14,10,10,0,13,12.0,10,14.0,0,0,0,Pathfinder Howl of the Wild,4,Morthak
6071,7,3,6,-4,3,-2,25,155,17,20,17,15,0,19,16.0,0,0.0,0,0,0,Pathfinder #202: Severed at the Root,8,Zasir
6070,7,5,5,-5,2,-5,29,285,20,21,19,14,0,23,24.5,0,0.0,0,0,0,Pathfinder #202: Severed at the Root,10,Verdant Swordkeeper
6069,0,3,1,4,4,5,28,160,21,18,20,23,2,22,11.0,22,20.0,6,32,24,Pathfinder #202: Severed at the Root,11,Unaasi
6068,6,-1,6,-5,0,-5,26,100,13,17,10,9,0,19,19.0,15,20.0,0,0,0,Pathfinder #202: Severed at the Root,7,Timber Titan
6067,3,5,3,-4,2,1,22,99,12,13,17,12,0,17,15.0,0,0.0,0,0,0,Pathfinder #202: Severed at the Root,6,Thrailorn
6066,-1,5,1,3,2,3,25,110,15,12,19,16,1,17,13.0,17,17.0,2,25,17,Pathfinder #202: Severed at the Root,7,Sylvarindarian
6064,2,4,1,3,2,3,25,95,14,11,17,15,1,17,9.5,15,10.5,2,24,16,Pathfinder #202: Severed at the Root,6,Shadebound Pixie Guard
6059,4,4,2,1,4,0,25,135,17,15,17,15,0,18,12.5,18,12.5,0,0,0,Pathfinder #202: Severed at the Root,7,Koata Inuu
6060,3,2,1,5,5,3,25,135,16,13,15,18,0,16,12.5,0,0.0,3,25,17,Pathfinder #202: Severed at the Root,7,Luruvin
6062,6,5,4,-2,3,0,28,160,18,17,20,14,0,21,25.5,20,13.0,3,28,20,Pathfinder #202: Severed at the Root,9,Putrifer
6058,5,7,3,4,6,4,28,155,21,16,22,19,0,0,0.0,0,0.0,4,28,20,Pathfinder #202: Severed at the Root,9,Khasprickle
6063,3,1,4,1,4,1,22,115,18,18,12,15,0,18,8.5,16,9.0,4,25,17,Pathfinder #202: Severed at the Root,7,Ruzadoya's Chosen
6057,0,3,3,4,2,2,25,140,19,18,18,21,3,19,15.0,0,0.0,5,28,20,Pathfinder #202: Severed at the Root,9,Izurran
6056,4,4,5,-5,3,-3,24,105,17,19,16,13,0,0,0.0,0,0.0,0,0,0,Pathfinder #202: Severed at the Root,8,Glitterspore
6061,6,3,5,-1,3,0,24,140,12,18,14,12,0,18,18.5,0,0.0,0,0,0,Pathfinder #202: Severed at the Root,7,Ogre Bully
6055,0,3,0,1,2,1,15,20,10,5,10,7,0,9,4.5,0,0.0,0,0,0,Pathfinder #202: Severed at the Root,1,Eyelet
6054,0,5,0,2,4,2,24,90,18,12,18,15,0,0,0.0,0,0.0,0,0,0,Pathfinder #202: Severed at the Root,7,Eyelet Swarm
6053,6,2,5,-4,2,2,28,150,16,21,16,16,0,20,17.0,0,0.0,0,0,0,Pathfinder #202: Severed at the Root,9,Durnolith
6052,3,7,3,3,5,0,29,175,21,17,21,19,0,23,19.5,0,0.0,2,26,18,Pathfinder #202: Severed at the Root,10,Drinesh
6051,5,3,5,7,7,4,32,214,25,21,19,25,0,26,24.5,22,21.5,6,32,24,Pathfinder #202: Severed at the Root,12,Avathrael Realmshaper
6065,3,2,1,5,5,3,25,115,16,13,15,18,0,16,11.5,0,0.0,3,25,17,Pathfinder #202: Severed at the Root,7,Shadow Sage
4647,2,4,4,2,6,0,23,98,14,14,11,17,0,15,15.5,17,13.0,0,0,0,Pathfinder Society Scenario #5-15: Cleansing the Flame,6,Beastmaster Cultist
4648,6,0,4,0,6,3,28,190,21,18,15,21,2,17,20.5,0,0.0,5,25,17,Pathfinder Society Scenario #5-15: Cleansing the Flame,9,Blessed Uirch of the Burning Suns
4649,6,2,2,0,1,2,21,90,12,15,12,9,0,15,15.0,13,11.0,0,0,0,Pathfinder Society Scenario #5-15: Cleansing the Flame,5,Burning Sun Orc
4650,6,2,2,0,1,2,24,140,15,18,15,12,0,18,20.0,16,13.0,0,0,0,Pathfinder Society Scenario #5-15: Cleansing the Flame,7,Burning Sun Warrior
4651,4,6,3,4,1,0,23,98,13,14,17,11,0,17,9.0,0,0.0,0,0,0,Pathfinder Society Scenario #5-15: Cleansing the Flame,6,Cultist of Sezelrian
4653,4,6,3,4,1,0,26,135,16,16,19,13,0,18,9.0,0,0.0,0,0,0,Pathfinder Society Scenario #5-15: Cleansing the Flame,8,Experienced Cultist of Sezelrian
4654,6,4,4,2,3,2,23,70,14,13,15,10,0,15,15.0,0,0.0,0,0,0,Pathfinder Society Scenario #5-15: Cleansing the Flame,5,Sezelrian Warg
4655,2,4,4,2,6,0,26,135,18,16,13,19,0,18,15.5,20,18.0,0,0,0,Pathfinder Society Scenario #5-15: Cleansing the Flame,8,Trained Beastmaster Cultist
4656,6,0,4,0,6,2,25,140,18,15,12,18,2,16,18.5,0,0.0,4,22,14,Pathfinder Society Scenario #5-15: Cleansing the Flame,7,Uirch of the Burning Suns
4652,7,0,4,-4,3,-1,24,95,15,16,10,13,0,17,19.0,0,0.0,0,0,0,Pathfinder Society Scenario #5-15: Cleansing the Flame,6,Empowered Daeodon
4635,2,3,1,0,3,0,17,17,7,6,8,4,0,7,5.5,8,1.0,0,0,0,Pathfinder Society Scenario #5-14: Poisonous Council,1,Assassins' Guild Rogue
4646,3,5,2,1,2,3,22,75,10,9,14,11,0,14,9.5,0,0.0,0,0,0,Pathfinder Society Scenario #5-14: Poisonous Council,5,Tough Ghostknife Infiltrator
4645,0,3,1,1,4,0,19,38,9,6,8,11,0,9,6.5,11,7.5,1,17,9,Pathfinder Society Scenario #5-14: Poisonous Council,3,Tough Ghostknife Gardener
4643,3,4,2,1,4,1,23,60,12,11,13,9,0,13,13.5,14,1.0,0,0,0,Pathfinder Society Scenario #5-14: Poisonous Council,5,Tough Assassins' Guild Rogue
4642,1,3,1,0,1,0,18,45,9,5,12,7,0,12,8.5,12,3.5,0,0,0,Pathfinder Society Scenario #5-14: Poisonous Council,3,Sronwa
4640,2,4,1,0,1,2,19,45,10,6,11,8,0,11,6.5,0,0.0,0,0,0,Pathfinder Society Scenario #5-14: Poisonous Council,3,Ghostknife Infiltrator
4639,0,3,1,1,4,0,16,17,7,4,6,9,0,6,2.5,8,3.5,1,17,9,Pathfinder Society Scenario #5-14: Poisonous Council,1,Ghostknife Gardener
4638,2,4,1,0,1,2,19,45,8,6,11,8,0,16,10.5,0,0.0,0,0,0,Pathfinder Society Scenario #5-14: Poisonous Council,5,Experienced Bandit Leader
4636,2,4,1,0,1,2,19,45,8,6,11,8,0,13,8.5,0,0.0,0,0,0,Pathfinder Society Scenario #5-14: Poisonous Council,3,Bandit Leader
4634,0,3,1,3,2,1,19,45,9,9,12,5,0,10,7.5,12,6.5,0,0,0,Pathfinder Society Scenario #5-14: Poisonous Council,3,Assassins' Guild Grenadier
4641,2,4,1,1,1,0,21,75,12,8,15,10,0,16,10.0,15,3.5,0,0,0,Pathfinder Society Scenario #5-14: Poisonous Council,5,Sronwa (5-6)
4644,4,2,2,0,2,1,21,47,10,9,7,7,0,12,11.5,10,8.5,0,0,0,Pathfinder Society Scenario #5-14: Poisonous Council,3,Tough Bandit
1717,3,4,3,-5,2,-4,18,30,6,9,10,6,0,11,7.5,0,0.0,0,0,0,Pathfinder Lost Omens Tian Xia World Guide,2,Giant Orchid Mantis
1729,6,2,6,-2,4,4,26,165,18,18,14,16,0,20,14.5,0,0.0,2,26,18,Pathfinder Lost Omens Tian Xia World Guide,8,Pixiu
1718,1,3,0,-1,2,1,14,25,8,5,10,7,0,8,4.5,0,0.0,0,0,0,Pathfinder Lost Omens Tian Xia World Guide,1,Hopping Head
1732,6,2,4,2,6,4,25,120,17,15,13,17,0,17,18.5,13,14.0,0,0,0,Pathfinder Lost Omens Tian Xia World Guide,7,Yeongno
1731,10,8,9,7,5,5,44,472,39,37,32,33,0,40,30.5,39,26.0,0,0,0,Pathfinder Lost Omens Tian Xia World Guide,20,The Great Flood
1730,0,5,0,4,3,4,21,50,14,9,14,10,0,14,11.0,0,0.0,0,0,0,Pathfinder Lost Omens Tian Xia World Guide,5,Shui Gui
1720,6,4,4,2,1,2,24,135,13,12,19,14,0,17,13.0,0,0.0,4,25,17,Pathfinder Lost Omens Tian Xia World Guide,7,Imugi
1708,4,4,3,-5,0,-5,18,30,8,9,10,6,0,10,8.5,0,0.0,0,0,0,Pathfinder Lost Omens Tian Xia World Guide,2,Animated Bamboo Figurine
1709,0,3,0,-5,0,-5,15,10,6,4,9,4,0,7,3.5,0,0.0,0,0,0,Pathfinder Lost Omens Tian Xia World Guide,0,Animated Kite
1710,4,0,4,-5,0,-5,19,45,9,11,7,7,0,11,13.0,0,0.0,0,0,0,Pathfinder Lost Omens Tian Xia World Guide,3,Animated Wine Vessel
1711,7,4,6,-4,3,-2,29,210,19,22,18,16,0,21,16.0,0,0.0,0,0,0,Pathfinder Lost Omens Tian Xia World Guide,10,Aoyin
1712,7,5,5,3,7,5,32,260,23,25,25,27,0,0,0.0,0,0.0,5,32,24,Pathfinder Lost Omens Tian Xia World Guide,12,Aso Berang
1713,8,4,7,5,6,4,33,255,26,28,22,25,0,27,28.0,0,0.0,0,0,0,Pathfinder Lost Omens Tian Xia World Guide,14,Bul-Gae
1714,9,3,7,2,4,4,42,380,30,33,29,30,0,35,35.0,0,0.0,0,0,0,Pathfinder Lost Omens Tian Xia World Guide,18,Caterpillar Carriage
1715,4,6,4,-3,3,-4,27,137,18,19,21,16,0,21,20.5,0,0.0,0,0,0,Pathfinder Lost Omens Tian Xia World Guide,9,Five-Color Orchid Mantis
1719,6,5,4,4,8,8,35,310,28,22,25,28,0,28,27.5,0,0.0,5,34,26,Pathfinder Lost Omens Tian Xia World Guide,14,Ijhyeojin
1728,4,6,5,3,5,7,32,200,25,23,24,23,0,24,20.5,0,0.0,5,32,24,Pathfinder Lost Omens Tian Xia World Guide,12,Peng
1727,-2,4,1,-5,2,-4,24,100,12,13,16,12,0,0,0.0,0,0.0,0,0,0,Pathfinder Lost Omens Tian Xia World Guide,6,Orchid Mantis Swarm
1716,5,3,0,-2,2,1,20,50,10,8,13,6,0,13,12.0,0,0.0,0,0,0,Pathfinder Lost Omens Tian Xia World Guide,4,Gau Cho Rong
1721,0,-3,2,-5,0,-5,7,15,6,2,6,5,0,6,2.5,0,0.0,0,0,0,Pathfinder Lost Omens Tian Xia World Guide,-1,Inkdrop
1722,2,4,3,1,2,2,19,40,10,12,13,9,0,11,11.0,0,0.0,0,0,0,Pathfinder Lost Omens Tian Xia World Guide,3,Jiidon
1723,5,4,5,4,8,8,35,250,28,25,25,28,0,29,17.0,0,0.0,5,34,26,Pathfinder Lost Omens Tian Xia World Guide,14,Joseung Saja
1724,8,4,7,1,5,4,36,230,27,29,24,23,0,28,33.5,0,0.0,5,32,24,Pathfinder Lost Omens Tian Xia World Guide,14,Kun
1726,7,6,4,1,3,4,30,200,21,21,24,18,0,0,0.0,0,0.0,0,0,0,Pathfinder Lost Omens Tian Xia World Guide,11,Nue
1725,5,5,2,1,3,4,26,180,16,14,17,19,0,18,20.0,0,0.0,2,26,18,Pathfinder Lost Omens Tian Xia World Guide,8,Manananggal
6043,3,5,3,1,3,2,23,95,14,14,16,12,0,15,14.0,15,12.0,3,24,16,Pathfinder #201: Pactbreaker,6,Splintershank
6027,0,3,2,1,2,4,18,45,12,7,12,11,0,11,8.5,0,0.0,2,20,12,Pathfinder #201: Pactbreaker,3,Azhana
6026,4,1,3,2,5,3,22,80,15,12,10,14,0,15,15.0,0,0.0,2,22,14,Pathfinder #201: Pactbreaker,5,Arboreal Shepherd
6025,4,3,5,2,4,1,23,115,17,17,11,16,0,17,15.0,17,13.0,0,0,0,Pathfinder #201: Pactbreaker,6,Arboreal Sapstriker
6024,4,0,3,0,3,1,17,35,11,11,6,9,0,11,9.5,0,0.0,0,0,0,Pathfinder #201: Pactbreaker,2,Arboreal Sapling
6047,3,5,3,1,3,2,24,102,14,14,16,12,0,0,0.0,0,0.0,0,0,0,Pathfinder #201: Pactbreaker,6,Twigjack Bramble
6048,6,-1,6,-5,0,-5,26,100,13,17,10,9,0,19,19.0,12,13.0,0,0,0,Pathfinder #201: Pactbreaker,7,Usher
6049,2,5,3,-1,2,0,21,60,11,11,13,8,0,14,9.0,0,0.0,0,0,0,Pathfinder #201: Pactbreaker,4,Wraithvine Offshoot
6050,7,2,5,-2,3,0,25,120,15,17,12,13,0,18,18.0,0,0.0,0,0,0,Pathfinder #201: Pactbreaker,7,Wraithvine
6044,6,1,5,-2,3,-1,23,145,14,18,12,15,0,18,19.0,0,0.0,0,0,0,Pathfinder #201: Pactbreaker,7,Stormdrinker
6028,5,2,4,-2,2,0,21,80,12,15,12,10,0,15,12.5,13,15.0,0,0,0,Pathfinder #201: Pactbreaker,5,Bee Covered Ohancanu
6023,4,2,3,1,2,1,25,95,17,15,11,14,0,17,13.0,16,12.5,0,0,0,Pathfinder #201: Pactbreaker,6,Alyce Quinley
6030,4,2,2,0,2,-1,18,30,7,7,5,5,0,9,4.5,7,3.5,1,16,8,Pathfinder #201: Pactbreaker,1,Bystander
6035,5,4,5,-2,4,0,24,110,14,17,14,12,0,17,15.0,0,0.0,0,0,0,Pathfinder #201: Pactbreaker,6,Hateful Hodag
6038,4,6,3,2,3,4,26,135,17,13,20,15,0,18,18.0,0,0.0,5,26,18,Pathfinder #201: Pactbreaker,8,Lloyd The Leaper
6029,3,2,2,1,2,1,18,60,7,12,9,10,0,0,0.0,0,0.0,0,0,0,Pathfinder #201: Pactbreaker,4,Besieged Logging Crew
6039,5,2,4,-2,2,0,21,80,12,15,12,10,0,15,12.5,13,15.0,0,0,0,Pathfinder #201: Pactbreaker,5,Ohancanu
6034,6,1,6,-4,1,-1,24,95,15,16,11,13,0,16,15.0,0,0.0,0,0,0,Pathfinder #201: Pactbreaker,6,Hateful Bear
6040,5,2,6,-2,0,-2,20,125,11,17,11,7,0,14,14.0,0,0.0,2,21,13,Pathfinder #201: Pactbreaker,5,Otis
6037,2,4,2,0,4,0,20,60,13,9,11,9,0,9,6.5,11,17.5,0,0,0,Pathfinder #201: Pactbreaker,3,Inrik Vanderholl
6042,-5,6,3,3,6,4,26,100,18,13,16,18,0,18,16.0,0,0.0,5,24,16,Pathfinder #201: Pactbreaker,8,Silene
6033,4,0,5,4,6,4,29,170,21,20,15,20,0,19,19.0,0,0.0,6,28,20,Pathfinder #201: Pactbreaker,9,Emorga All-Seer
6041,6,3,5,2,4,0,24,140,15,18,13,14,0,0,0.0,0,0.0,0,0,0,Pathfinder #201: Pactbreaker,7,Sigrid Jandevik
6036,4,2,4,1,0,1,20,70,11,14,12,8,0,14,11.5,0,0.0,0,0,0,Pathfinder #201: Pactbreaker,4,Hateful Logger
6046,0,3,1,-4,1,0,19,18,7,5,11,7,0,11,7.5,0,0.0,0,0,0,Pathfinder #201: Pactbreaker,2,Tumbo
6031,2,4,3,-4,2,1,18,32,8,7,10,6,0,11,7.5,0,0.0,0,0,0,Pathfinder #201: Pactbreaker,2,Chetamog
6045,3,7,6,4,4,6,27,155,21,15,21,18,0,19,16.0,0,0.0,6,25,17,Pathfinder #201: Pactbreaker,9,The Bee-Man of Bellis
6032,4,3,6,-2,2,1,27,161,12,18,14,12,0,18,21.0,0,0.0,0,0,0,Pathfinder #201: Pactbreaker,8,Cythnophorian
4627,2,2,3,1,0,3,21,63,11,11,12,9,1,13,12.0,0,0.0,1,21,13,Pathfinder Society Scenario #5-12: Mischief in the Maze,4,Tanuki Mastermind
4628,1,2,2,1,0,2,16,16,6,6,7,4,0,7,3.5,0,0.0,0,13,5,Pathfinder Society Scenario #5-12: Mischief in the Maze,0,Tanuki Prankster
4629,2,2,3,1,0,2,18,32,8,8,9,6,0,10,7.5,0,0.0,0,18,10,Pathfinder Society Scenario #5-12: Mischief in the Maze,2,Tanuki Trickster
4630,3,3,4,-4,0,1,16,20,7,10,7,4,0,9,5.5,0,0.0,0,0,0,Pathfinder Society Scenario #5-12: Mischief in the Maze,1,Topiary Beast
4631,5,3,4,-4,0,1,19,45,9,12,9,6,0,12,10.5,0,0.0,0,0,0,Pathfinder Society Scenario #5-12: Mischief in the Maze,3,Topiary Monster
5429,0,5,4,2,3,5,22,85,12,11,14,12,0,14,13.0,14,13.5,4,22,14,Pathfinder #200: Seven Dooms for Sandpoint,5,Vekensvok's Lampad
5428,0,4,2,3,1,2,21,75,10,11,13,8,0,13,5.5,14,14.0,0,0,0,Pathfinder #200: Seven Dooms for Sandpoint,5,Tunch
5430,3,6,3,4,6,5,29,130,19,14,21,19,2,21,14.0,0,0.0,5,28,21,Pathfinder #200: Seven Dooms for Sandpoint,9,Vizmivool
5431,5,4,4,2,3,4,21,75,12,13,11,10,0,14,13.0,0,0.0,0,0,0,Pathfinder #200: Seven Dooms for Sandpoint,5,Wolgur Wrabs
5384,1,2,2,1,4,3,22,115,15,13,11,15,1,12,6.0,0,0.0,3,21,13,Pathfinder #200: Seven Dooms for Sandpoint,7,Abstalar Zantus
5433,4,5,4,3,4,5,28,154,19,15,20,18,1,19,14.0,21,16.0,4,28,20,Pathfinder #200: Seven Dooms for Sandpoint,9,Ziondriel
5434,6,3,4,2,6,4,27,137,18,16,13,20,1,18,21.5,0,0.0,4,26,18,Pathfinder #200: Seven Dooms for Sandpoint,8,Ziradini
5436,-1,3,3,0,2,0,16,20,7,6,6,5,0,8,4.5,0,0.0,2,17,9,Pathfinder #200: Seven Dooms for Sandpoint,1,Zoog
5388,1,3,2,2,0,4,21,78,10,10,13,10,2,12,8.0,11,4.5,3,22,12,Pathfinder #200: Seven Dooms for Sandpoint,6,Arika Avertin
5387,5,0,3,0,2,2,22,75,12,14,9,11,0,0,0.0,0,0.0,0,0,0,Pathfinder #200: Seven Dooms for Sandpoint,5,Angry Townsfolk
5386,2,0,3,4,3,1,21,125,16,16,13,16,0,14,7.5,14,9.0,0,0,0,Pathfinder #200: Seven Dooms for Sandpoint,7,"Aliver ""Pillbug"" Podiker"
5385,2,4,2,1,3,2,27,130,15,14,18,15,0,19,12.0,18,8.5,0,0,0,Pathfinder #200: Seven Dooms for Sandpoint,8,Adimar Scarnetti
5432,3,7,5,3,5,7,30,148,19,17,21,19,1,21,24.0,0,0.0,5,29,21,Pathfinder #200: Seven Dooms for Sandpoint,10,Zalavexus
5435,2,4,3,0,4,0,24,100,16,15,18,14,0,0,0.0,0,0.0,2,17,9,Pathfinder #200: Seven Dooms for Sandpoint,8,Zoog Swarm
5406,7,0,4,0,3,0,23,130,14,17,11,14,0,18,20.0,0,0.0,0,0,0,Pathfinder #200: Seven Dooms for Sandpoint,7,Gorlak
5410,6,1,4,3,2,3,25,130,15,18,12,15,1,20,26.5,0,0.0,7,24,16,Pathfinder #200: Seven Dooms for Sandpoint,7,Isphinn
5389,3,1,2,0,4,2,20,90,13,11,10,13,0,13,5.5,10,9.5,0,0,0,Pathfinder #200: Seven Dooms for Sandpoint,5,Ascended Disciple
5390,0,3,2,0,3,4,23,92,13,12,15,15,1,10,5.5,16,9.0,3,24,16,Pathfinder #200: Seven Dooms for Sandpoint,6,Asmerelli
5391,2,3,1,1,2,4,18,45,11,6,10,11,0,22,21.5,0,0.0,0,0,0,Pathfinder #200: Seven Dooms for Sandpoint,3,Charn Scarnetti
5392,4,3,3,0,3,0,24,130,14,14,14,14,0,18,11.0,0,0.0,0,0,0,Pathfinder #200: Seven Dooms for Sandpoint,7,Chertus Jheed
5393,6,3,3,-5,4,-5,27,110,18,15,17,16,0,20,22.0,0,0.0,0,0,0,Pathfinder #200: Seven Dooms for Sandpoint,8,Clockwork Serpent
5394,5,7,4,3,4,5,33,270,22,22,25,18,0,25,25.0,0,0.0,5,32,24,Pathfinder #200: Seven Dooms for Sandpoint,12,Coloxus
5395,5,4,5,-2,4,0,24,90,10,17,14,12,0,17,15.0,0,0.0,0,0,0,Pathfinder #200: Seven Dooms for Sandpoint,6,Cruncher
5396,3,2,3,1,1,3,18,30,5,9,6,7,0,10,7.5,0,0.0,0,0,0,Pathfinder #200: Seven Dooms for Sandpoint,2,Devil's Disciple
5398,5,6,4,-3,5,0,26,145,17,16,18,15,0,20,18.0,0,0.0,0,0,0,Pathfinder #200: Seven Dooms for Sandpoint,8,False Devil
5399,0,5,0,-3,5,0,26,88,16,10,18,14,0,0,0.0,0,0.0,0,0,0,Pathfinder #200: Seven Dooms for Sandpoint,7,Fiendish Flock
5400,4,4,4,3,4,6,27,180,19,21,17,19,0,19,20.0,0,0.0,5,28,20,Pathfinder #200: Seven Dooms for Sandpoint,9,Fungus Tyrant
5401,-5,5,0,2,2,5,26,120,17,13,20,17,0,20,16.5,0,0.0,0,0,0,Pathfinder #200: Seven Dooms for Sandpoint,9,Geist
5402,4,4,2,2,5,4,25,115,18,11,15,18,0,18,17.0,0,0.0,4,25,17,Pathfinder #200: Seven Dooms for Sandpoint,7,Ghast Cultist
5403,4,3,3,-5,3,-4,18,50,8,10,10,6,0,11,11.5,0,0.0,0,0,0,Pathfinder #200: Seven Dooms for Sandpoint,3,Giant Longlegs
5404,2,4,2,1,4,3,21,59,12,10,10,12,1,12,4.5,0,0.0,2,21,13,Pathfinder #200: Seven Dooms for Sandpoint,4,Glorkus
5405,1,4,1,1,2,2,16,20,7,4,9,5,0,9,3.5,0,0.0,0,0,0,Pathfinder #200: Seven Dooms for Sandpoint,1,Goblin Ghoul
5408,2,4,2,0,3,0,21,60,11,10,12,11,0,12,5.5,13,9.5,0,0,0,Pathfinder #200: Seven Dooms for Sandpoint,4,Gurlunk
5409,4,6,4,3,4,4,26,145,16,14,16,18,0,17,15.0,0,0.0,4,23,15,Pathfinder #200: Seven Dooms for Sandpoint,8,Iazmilor
5411,-5,5,3,2,4,6,28,150,21,18,22,21,0,22,21.5,0,0.0,0,0,0,Pathfinder #200: Seven Dooms for Sandpoint,11,Jervis Stoot
5397,3,-2,2,-5,0,-5,20,45,9,13,7,9,1,12,14.0,0,0.0,1,17,9,Pathfinder #200: Seven Dooms for Sandpoint,4,Divine Warden Of Haagenti
5427,3,6,5,7,5,6,32,221,19,21,24,23,1,24,22.5,0,0.0,6,29,21,Pathfinder #200: Seven Dooms for Sandpoint,12,Tiluatchek
5415,0,2,1,4,3,2,22,92,11,11,10,13,2,13,4.5,0,0.0,3,24,14,Pathfinder #200: Seven Dooms for Sandpoint,6,Minargul
5414,5,6,5,7,4,5,33,200,22,23,24,22,0,25,21.5,26,14.5,5,0,0,Pathfinder #200: Seven Dooms for Sandpoint,12,Kanker
5413,4,1,2,7,5,6,20,112,9,15,12,23,1,11,10.0,0,0.0,6,29,21,Pathfinder #200: Seven Dooms for Sandpoint,12,Kaleb Valdemar's Body
5418,-5,3,0,6,3,6,27,135,17,16,19,22,1,21,21.0,0,0.0,3,29,23,Pathfinder #200: Seven Dooms for Sandpoint,10,Nualia
5419,3,6,3,6,5,7,31,195,21,18,23,22,1,21,16.0,0,0.0,6,30,22,Pathfinder #200: Seven Dooms for Sandpoint,11,Pthuminin
5420,5,8,5,4,8,6,36,260,26,23,26,28,0,27,24.5,0,0.0,7,34,26,Pathfinder #200: Seven Dooms for Sandpoint,14,Red Bishop
5416,5,6,4,4,3,5,28,130,18,17,20,14,1,20,23.5,0,0.0,5,28,20,Pathfinder #200: Seven Dooms for Sandpoint,9,Mnoghoth
5412,1,4,0,2,3,4,25,130,15,10,16,15,2,16,10.0,0,0.0,4,26,16,Pathfinder #200: Seven Dooms for Sandpoint,8,Jordus Munt
5417,4,4,4,3,4,6,26,136,16,16,18,14,2,16,8.5,0,0.0,4,26,18,Pathfinder #200: Seven Dooms for Sandpoint,8,Narlo Nyrell
5422,7,4,6,5,4,4,36,275,24,28,22,24,1,29,26.5,0,0.0,6,34,26,Pathfinder #200: Seven Dooms for Sandpoint,14,Scarhorn
5423,2,3,2,4,4,5,25,100,15,13,14,17,1,17,13.0,0,0.0,4,28,20,Pathfinder #200: Seven Dooms for Sandpoint,7,Serpentfolk Cultist
5424,5,4,5,-5,4,-4,24,90,14,15,14,12,0,15,19.5,0,0.0,0,0,0,Pathfinder #200: Seven Dooms for Sandpoint,6,Sicklefang Longlegs
5425,4,4,5,-5,0,-5,23,54,11,14,11,7,0,13,15.0,0,0.0,0,0,0,Pathfinder #200: Seven Dooms for Sandpoint,5,Statue of Alaznist
5426,2,3,1,-4,2,-2,19,37,7,11,8,7,0,8,6.5,0,0.0,0,0,0,Pathfinder #200: Seven Dooms for Sandpoint,1,Stickfoot
5421,4,2,5,2,1,3,23,110,12,15,12,11,0,15,18.0,0,0.0,0,0,0,Pathfinder #200: Seven Dooms for Sandpoint,6,Ripnugget
4632,6,4,4,3,5,4,27,155,18,19,17,18,0,20,19.0,18,18.0,7,26,18,Pathfinder Society Scenario #5-13: Thick as Thieves,9,Enraged Shurrizih
4633,6,4,4,2,5,4,24,115,15,16,14,15,0,17,17.0,15,12.0,7,25,17,Pathfinder Society Scenario #5-13: Thick as Thieves,7,Shurrizih
4626,-5,6,0,2,3,5,26,100,17,14,18,15,0,20,18.0,20,15.0,0,0,0,Pathfinder Society Scenario #5-11: The Hidden Current,8,Ulfen Ghost Pirate Captain
4620,-5,3,0,5,3,5,25,80,15,14,19,17,0,19,15.0,0,0.0,3,25,21,Pathfinder Society Scenario #5-11: The Hidden Current,7,287's Ghost
4624,-5,6,0,2,3,5,24,80,15,12,16,13,0,18,16.0,18,13.0,0,0,0,Pathfinder Society Scenario #5-11: The Hidden Current,7,Salted Ghost Pirate Captain
4623,4,0,5,1,2,1,26,160,16,16,11,19,0,18,13.0,0,0.0,0,0,0,Pathfinder Society Scenario #5-11: The Hidden Current,8,Mutant Cryptid Pine Pangolin
4622,4,6,3,-2,3,4,26,144,19,16,11,19,0,19,20.0,0,0.0,0,0,0,Pathfinder Society Scenario #5-11: The Hidden Current,10,Elite Mutant Cryptid Snapdrake
4621,-5,3,0,6,3,6,27,145,19,16,19,22,0,23,23.0,0,0.0,3,25,21,Pathfinder Society Scenario #5-11: The Hidden Current,11,287'S Powerful Ghost
4625,6,3,5,4,4,3,29,180,21,18,16,21,1,23,18.0,0,0.0,4,29,21,Pathfinder Society Scenario #5-11: The Hidden Current,10,Steadied Dohv-Dranna
4722,2,3,-2,0,-2,3,15,5,2,5,2,0,0,6,3.5,0,0.0,0,0,0,Pathfinder Society Quest #17: Escorting a Mirage,-1,Sharktopus Eidolon
4709,-3,3,0,-4,0,2,16,26,9,6,12,6,0,0,0.0,0,0.0,0,0,0,Pathfinder Society Quest #17: Escorting a Mirage,3,Elite Trained Vulkariki Eidolon
4736,4,3,3,1,-1,0,16,20,6,7,8,4,0,6,6.5,3,4.5,0,0,0,Pathfinder Society Quest #17: Escorting a Mirage,1,"Weak ""Enlightened"" Div Worshipper"
4717,3,2,3,0,-3,3,18,30,11,10,7,5,0,0,0.0,0,0.0,0,0,0,Pathfinder Society Quest #17: Escorting a Mirage,2,Mercenary Squad
4734,-3,3,0,-4,0,2,12,6,5,2,8,2,0,0,0.0,0,0.0,0,0,0,Pathfinder Society Quest #17: Escorting a Mirage,-1,Vulkariki Eidolon
4719,2,3,2,0,1,3,16,38,9,6,7,9,1,11,8.0,0,0.0,2,18,10,Pathfinder Society Quest #17: Escorting a Mirage,4,Shadow of Sezruth
4731,3,4,3,-4,1,1,18,30,8,10,8,6,0,11,5.5,0,0.0,0,0,0,Pathfinder Society Quest #17: Escorting a Mirage,2,Two-Headed Goat Eidolon
4730,-2,3,0,-4,0,2,13,16,7,4,10,4,0,0,0.0,0,0.0,0,0,0,Pathfinder Society Quest #17: Escorting a Mirage,1,Trained Vulkariki Eidolon
4729,2,3,-2,0,-2,3,16,15,4,7,4,2,0,7,5.5,0,0.0,0,0,0,Pathfinder Society Quest #17: Escorting a Mirage,1,Trained Sharktopus Eidolon
4728,4,4,3,-4,1,1,21,60,11,13,11,9,0,14,14.0,0,0.0,0,0,0,Pathfinder Society Quest #17: Escorting a Mirage,4,Three-Headed Goat Eidolon
4713,1,3,2,0,-2,0,15,10,3,4,7,2,0,5,3.5,0,0.0,0,0,0,Pathfinder Society Quest #17: Escorting a Mirage,-1,Foolhardy Mercenary
4711,4,3,3,1,-1,0,18,30,6,9,10,6,0,8,8.5,3,6.5,0,0,0,Pathfinder Society Quest #17: Escorting a Mirage,3,"""Enlightened"" Div Worshipper"
4704,1,3,2,0,-2,0,15,25,5,6,9,4,0,7,5.5,0,0.0,0,0,0,Pathfinder Society Quest #17: Escorting a Mirage,1,Elite Foolhardy Mercenary
4700,4,3,2,1,-1,0,17,20,4,7,8,4,0,7,6.5,2,6.5,0,0,0,Pathfinder Society Quest #17: Escorting a Mirage,1,Div Worshipper
4735,4,3,2,1,-1,0,15,10,4,5,6,2,0,5,4.5,0,4.5,0,0,0,Pathfinder Society Quest #17: Escorting a Mirage,-1,Weak Div Worshipper
4710,3,4,3,1,2,4,19,38,12,9,10,12,1,14,12.0,0,0.0,4,21,13,Pathfinder Society Quest #17: Escorting a Mirage,4,Empowered Shadow of Sezruth
4695,2,3,2,0,-2,0,16,25,5,6,9,4,0,6,4.5,0,0.0,0,0,0,Pathfinder Society Quest #17: Escorting a Mirage,1,Angry Foolhardy Mercenary
4696,4,2,3,0,-3,3,21,60,14,12,9,7,0,0,0.0,0,0.0,0,0,0,Pathfinder Society Quest #17: Escorting a Mirage,4,Angry Mercenary Squad
1898,0,2,1,4,2,3,19,60,11,10,13,13,0,11,3.5,0,0.0,3,23,15,Pathfinder Wake the Dead #5,5,Nyctessa
4607,5,3,5,-3,3,1,21,56,7,13,9,10,0,14,14.0,0,0.0,0,0,0,Pathfinder Society Scenario #5-09: Equal Exchange - Skymetal Hoard,4,Busoborn Akata
4610,4,-1,3,-4,1,-1,19,62,8,12,8,10,0,14,17.5,0,0.0,0,0,0,Pathfinder Society Scenario #5-09: Equal Exchange - Skymetal Hoard,5,Void Zombie Adventurer
4609,4,2,4,-4,3,0,24,72,13,16,12,13,0,17,15.0,0,0.0,0,0,0,Pathfinder Society Scenario #5-09: Equal Exchange - Skymetal Hoard,6,Shrewd Busoborn Akata
4608,3,-1,3,-4,1,-1,18,46,7,11,7,9,0,13,15.5,0,0.0,0,0,0,Pathfinder Society Scenario #5-09: Equal Exchange - Skymetal Hoard,4,Busoborn Void Zombie
4611,3,-2,2,-5,0,-2,16,48,5,9,5,7,0,11,10.0,0,0.0,0,0,0,Pathfinder Society Scenario #5-09: Equal Exchange - Skymetal Hoard,3,Void Zombie Explorer
4619,1,4,0,1,3,0,19,16,6,5,9,8,0,7,4.5,0,0.0,1,13,5,Pathfinder Society Scenario #5-10: The Crocodile's Smile,1,Younger Sister Vivatu
4615,2,0,2,-2,0,0,15,20,3,7,5,5,0,9,5.5,0,0.0,2,17,9,Pathfinder Society Scenario #5-10: The Crocodile's Smile,1,Metal Rascal
4617,0,4,2,0,1,4,20,48,8,8,14,10,2,10,2.5,0,0.0,2,21,13,Pathfinder Society Scenario #5-10: The Crocodile's Smile,4,Tisbah (3-4)
4616,4,1,3,-5,1,-4,18,30,7,9,7,5,0,10,7.5,0,0.0,0,0,0,Pathfinder Society Scenario #5-10: The Crocodile's Smile,2,Pampla
4614,0,3,1,0,-1,1,16,6,2,5,7,3,0,8,2.5,0,0.0,0,0,0,Pathfinder Society Scenario #5-10: The Crocodile's Smile,-1,Little Brother Zibini
4613,3,4,0,-1,2,2,21,36,9,7,11,9,0,11,7.5,0,0.0,0,0,0,Pathfinder Society Scenario #5-10: The Crocodile's Smile,3,Little Brother Zibini (3-4)
4612,4,1,3,-5,1,-4,18,30,7,9,7,5,0,10,7.5,0,0.0,0,0,0,Pathfinder Society Scenario #5-10: The Crocodile's Smile,2,Carcaras
4618,0,3,2,0,1,4,17,24,5,6,11,7,2,7,2.5,0,0.0,1,18,10,Pathfinder Society Scenario #5-10: The Crocodile's Smile,2,Tisbah
5370,-5,6,3,3,4,6,28,130,19,16,19,21,0,21,18.0,0,0.0,0,0,0,Pathfinder #199: To Bloom Below the Web,9,Variant Dread Wraith
4601,0,5,2,2,4,2,22,72,13,9,14,13,1,14,9.0,14,7.0,4,22,14,Pathfinder Society Scenario #5-08: Protecting the Firelight,5,Arcadian Lurker In Light
4606,6,2,4,0,0,3,25,115,15,17,15,13,0,18,17.0,0,0.0,0,0,0,Pathfinder Society Scenario #5-08: Protecting the Firelight,7,Wanikkawi
4603,4,6,3,4,6,3,27,120,19,14,17,19,0,21,15.5,20,11.5,4,27,19,Pathfinder Society Scenario #5-08: Protecting the Firelight,8,Sharp Pukwudgie
4604,4,5,2,3,2,5,22,85,12,10,15,12,1,12,14.0,15,9.0,4,25,17,Pathfinder Society Scenario #5-08: Protecting the Firelight,5,Spry Blodeuwedd
4605,6,2,4,0,0,3,28,155,18,20,18,16,0,21,24.5,0,0.0,0,0,0,Pathfinder Society Scenario #5-08: Protecting the Firelight,9,Wanikkawi (7-8)
4602,4,6,3,4,6,3,23,80,15,10,13,15,0,17,11.5,16,7.5,4,27,19,Pathfinder Society Scenario #5-08: Protecting the Firelight,6,Dull Pukwudgie
4724,0,2,1,4,2,1,20,47,10,7,10,13,1,9,7.5,0,0.0,1,20,12,Pathfinder Society Quest #16: The Winter Queen's Dollhouse,3,The Upset Warden (1-2)
4737,0,4,3,-4,0,3,15,18,8,3,9,3,0,7,6.5,0,0.0,0,0,0,Pathfinder Society Quest #16: The Winter Queen's Dollhouse,1,Weak Giant-er Mouse
4715,0,3,2,-4,0,2,15,14,6,3,9,3,0,6,4.5,0,0.0,0,0,0,Pathfinder Society Quest #16: The Winter Queen's Dollhouse,0,Giant Mouse
4714,0,4,3,-4,0,3,17,28,8,5,11,5,0,9,8.5,0,0.0,0,0,0,Pathfinder Society Quest #16: The Winter Queen's Dollhouse,2,Giant-er Mouse
4727,0,2,1,4,3,1,21,63,11,8,11,14,2,9,7.0,0,0.0,2,21,13,Pathfinder Society Quest #16: The Winter Queen's Dollhouse,4,The Warden (3-4)
4726,0,2,1,4,2,1,18,32,8,5,8,11,1,7,4.5,0,0.0,1,18,10,Pathfinder Society Quest #16: The Winter Queen's Dollhouse,2,The Warden (1-2)
4725,0,2,1,4,3,1,23,78,13,10,13,16,2,11,9.0,0,0.0,2,23,15,Pathfinder Society Quest #16: The Winter Queen's Dollhouse,5,The Upset Warden (3-4)
4738,0,3,2,-4,0,2,13,4,6,1,7,1,0,4,2.5,0,0.0,0,0,0,Pathfinder Society Quest #16: The Winter Queen's Dollhouse,-1,Weak Giant Mouse
4600,1,4,2,4,-1,0,19,53,9,9,12,6,0,12,7.5,0,0.0,0,0,0,Pathfinder Society Scenario #5-07: Sewer Dragon Crisis,3,Trapmaster Tok
4599,1,4,2,4,-1,0,22,91,12,12,15,9,0,15,9.0,0,0.0,0,0,0,Pathfinder Society Scenario #5-07: Sewer Dragon Crisis,5,Trapmaster Tok (3-4)
4598,1,3,0,0,1,-1,16,8,3,4,7,3,0,6,4.5,6,3.5,0,0,0,Pathfinder Society Scenario #5-07: Sewer Dragon Crisis,-1,Tok Loyalist
4597,0,4,1,0,3,1,18,18,5,5,9,6,0,9,5.5,9,6.5,0,0,0,Pathfinder Society Scenario #5-07: Sewer Dragon Crisis,1,Tok Loyalist (3-4)
4595,2,3,2,4,2,0,22,115,15,13,16,15,2,15,15.0,0,0.0,4,25,17,"Pathfinder Society Scenario #5-06: Ukuja, the First Wall",7,Shenga Heartrender
4596,3,1,2,4,4,0,24,120,17,15,14,17,1,19,15.5,0,0.0,4,26,18,"Pathfinder Society Scenario #5-06: Ukuja, the First Wall",8,Studied Orcish Demonologist
4594,2,4,2,0,0,2,25,90,12,10,14,12,0,17,8.5,0,0.0,0,0,0,"Pathfinder Society Scenario #5-06: Ukuja, the First Wall",6,Orcish Throat Slitters
4593,3,1,2,4,4,0,22,100,15,13,12,15,1,17,13.5,0,0.0,4,26,18,"Pathfinder Society Scenario #5-06: Ukuja, the First Wall",7,Orcish Demonologist
4592,-5,5,3,2,2,5,26,131,16,16,19,13,1,20,16.0,0,0.0,5,26,20,"Pathfinder Society Scenario #5-06: Ukuja, the First Wall",8,"Omertius, The Gorger"
4591,-5,5,3,2,2,5,28,151,16,18,21,15,1,22,20.0,0,0.0,5,28,22,"Pathfinder Society Scenario #5-06: Ukuja, the First Wall",9,"Omertius, The Engorged"
4590,2,3,2,4,2,0,24,115,17,13,16,15,2,17,17.0,0,0.0,4,25,17,"Pathfinder Society Scenario #5-06: Ukuja, the First Wall",8,Captain Shenga Heartrender
4589,6,3,5,-2,4,3,26,185,19,18,13,17,0,19,16.0,0,0.0,4,25,17,"Pathfinder Society Scenario #5-06: Ukuja, the First Wall",8,Bloodied Kithangian
4588,4,3,4,1,1,2,24,100,14,15,12,10,1,17,14.5,0,0.0,4,21,13,"Pathfinder Society Scenario #5-06: Ukuja, the First Wall",6,Ashen Brimorak
2447,-4,2,0,-5,0,0,13,4,0,0,4,0,0,0,0.0,0,0.0,0,0,0,Pathfinder Player Core,-1,Phantasmal Minion
4581,3,4,3,3,1,4,19,32,8,8,11,8,0,11,7.5,11,2.5,0,0,0,Pathfinder Society Scenario #5-05: The Island of the Vibrant Dead,3,Barnacle Barnaby
4582,1,4,1,-5,3,0,20,45,11,7,12,9,0,12,14.0,12,10.5,0,0,0,Pathfinder Society Scenario #5-05: The Island of the Vibrant Dead,3,Blazing Skull
4583,4,2,3,-1,1,1,19,50,9,13,8,9,0,12,8.5,0,0.0,2,27,19,Pathfinder Society Scenario #5-05: The Island of the Vibrant Dead,3,Draugr Captain
4587,4,2,3,-1,1,1,17,35,7,11,6,7,0,10,6.5,0,0.0,0,0,0,Pathfinder Society Scenario #5-05: The Island of the Vibrant Dead,2,Raised Draugr
4585,5,4,2,2,4,2,24,90,15,13,17,15,0,18,16.0,0,0.0,0,0,0,Pathfinder Society Scenario #5-05: The Island of the Vibrant Dead,7,Ghessa (5-6)
4586,5,4,2,2,4,2,21,90,11,9,13,11,0,14,14.0,0,0.0,0,0,0,Pathfinder Society Scenario #5-05: The Island of the Vibrant Dead,4,Ghessa
4584,2,5,3,-1,2,0,19,45,9,9,11,6,0,12,7.0,0,0.0,0,0,0,Pathfinder Society Scenario #5-05: The Island of the Vibrant Dead,3,Germinated Mandragora
4580,3,4,3,3,1,4,21,32,10,10,13,10,0,13,9.5,11,2.5,0,0,0,Pathfinder Society Scenario #5-05: The Island of the Vibrant Dead,4,Barnacle Barnaby (5-6)
5307,1,3,2,3,-1,4,21,50,7,8,11,7,1,11,6.5,0,0.0,2,21,13,Pathfinder Adventure: Rusthenge,4,Zaiox
5291,0,4,0,-5,3,0,19,15,10,3,9,6,0,7,2.5,0,0.0,0,0,0,Pathfinder Adventure: Rusthenge,1,Clockwork Serpent Spy
5290,2,4,3,-5,2,-5,20,45,10,11,12,8,1,16,15.0,0,0.0,2,21,13,Pathfinder Adventure: Rusthenge,4,Clockwork Belimarius
5305,3,0,2,0,4,1,16,30,8,8,4,10,0,10,9.5,0,0.0,0,0,0,Pathfinder Adventure: Rusthenge,2,Vanda
5306,2,3,4,2,2,1,19,45,9,11,7,9,1,11,11.0,0,0.0,4,20,12,Pathfinder Adventure: Rusthenge,3,Vlorian Cythnigot
5303,2,4,0,3,5,3,20,50,13,8,10,13,0,12,11.0,0,0.0,2,21,13,Pathfinder Adventure: Rusthenge,4,Theiltemar
5302,2,4,3,1,3,0,18,25,8,9,10,7,0,10,6.5,0,0.0,0,0,0,Pathfinder Adventure: Rusthenge,2,Starving Werebat
5300,0,3,2,1,0,1,14,8,2,4,7,2,0,6,2.5,0,0.0,0,0,0,Pathfinder Adventure: Rusthenge,-1,Rustsworn Initiate
5304,4,0,1,3,2,0,18,30,6,7,4,6,0,10,7.5,0,0.0,0,0,0,Pathfinder Adventure: Rusthenge,2,Trygve
5298,2,-4,5,-5,0,-5,12,60,6,13,4,8,0,9,13.0,0,0.0,0,0,0,Pathfinder Adventure: Rusthenge,3,Primordial Envy
5297,0,0,2,1,4,3,12,30,8,6,4,10,1,4,3.5,0,0.0,1,18,10,Pathfinder Adventure: Rusthenge,2,Ordwi
5296,2,1,0,2,1,4,18,42,7,9,6,12,1,8,10.0,0,0.0,2,20,12,Pathfinder Adventure: Rusthenge,3,Meitremar
5295,3,0,2,0,2,3,17,35,8,8,4,8,0,10,9.5,0,0.0,0,0,0,Pathfinder Adventure: Rusthenge,2,Knurr Ragnulf
5294,3,0,2,0,4,3,19,44,11,9,7,11,1,11,8.5,0,0.0,2,21,11,Pathfinder Adventure: Rusthenge,3,Glutu
5293,4,0,2,0,2,0,15,15,5,6,2,6,0,6,6.5,0,0.0,0,0,0,Pathfinder Adventure: Rusthenge,0,Fallen Acolyte
5292,3,0,4,-3,0,0,17,45,6,10,4,8,1,9,10.0,0,0.0,3,16,8,Pathfinder Adventure: Rusthenge,2,Dretch
5299,4,-2,3,-5,0,-2,13,50,3,6,3,4,0,9,10.5,0,0.0,0,0,0,Pathfinder Adventure: Rusthenge,1,Rust Zombie
4697,-3,4,2,0,0,3,15,26,7,4,10,6,0,9,2.5,9,2.5,0,0,0,Pathfinder Society Quest #15: In the Footsteps of Horror,1,Arisen Shadow Pixie
4698,-3,5,2,0,0,4,18,55,9,6,12,8,0,12,4.5,12,7.5,0,0,0,Pathfinder Society Quest #15: In the Footsteps of Horror,3,Arisen Umbral Pixie
4701,-3,4,2,0,0,3,17,36,9,6,12,8,0,11,4.5,11,4.5,0,0,0,Pathfinder Society Quest #15: In the Footsteps of Horror,2,Elite Arisen Shadow Pixie
4702,-3,5,2,0,0,4,20,70,11,8,14,10,0,14,6.5,12,9.5,0,0,0,Pathfinder Society Quest #15: In the Footsteps of Horror,4,Elite Arisen Umbral Pixie
4732,4,2,3,2,-1,-1,19,50,9,13,8,7,0,12,11.5,0,0.0,0,0,0,Pathfinder Society Quest #15: In the Footsteps of Horror,3,Vengeful Alystair Caskwater (1-2)
4720,0,4,3,-2,2,0,15,21,5,5,10,4,0,9,2.5,0,0.0,0,0,0,Pathfinder Society Quest #15: In the Footsteps of Horror,1,Shadowborn Slayer
4721,0,3,2,-2,0,0,14,8,3,3,8,2,0,8,2.5,0,0.0,0,0,0,Pathfinder Society Quest #15: In the Footsteps of Horror,-1,Shadowborn Stalker
4733,6,2,4,2,-1,-1,22,85,12,16,11,10,0,15,16.5,0,0.0,0,0,0,Pathfinder Society Quest #15: In the Footsteps of Horror,5,Vengeful Alystair Caskwater (3-4)
4694,6,2,4,2,-1,-1,20,70,10,14,9,8,0,13,14.5,0,0.0,0,0,0,Pathfinder Society Quest #15: In the Footsteps of Horror,4,Alystair Caskwater (3-4)
4718,4,2,3,2,-1,-1,17,35,7,11,6,5,0,10,9.5,0,0.0,0,0,0,Pathfinder Society Quest #15: In the Footsteps of Horror,2,Shadow Draugr
4693,4,2,3,2,-1,-1,17,35,7,11,6,7,0,10,9.5,0,0.0,0,0,0,Pathfinder Society Quest #15: In the Footsteps of Horror,2,Alystair Caskwater (1-2)
4741,4,2,3,2,-1,-1,17,35,7,11,6,5,0,10,9.5,0,0.0,0,0,0,Pathfinder Society Quest #15: In the Footsteps of Horror,1,Weak Shadow Draugr
4567,2,4,2,4,2,5,21,70,11,11,14,17,0,12,12.0,0,0.0,3,24,16,Pathfinder Society Scenario #5-03: Heidmarch Heist,6,Azlanti Sorcerer
4564,4,3,2,1,2,0,21,60,14,11,11,8,0,14,15.0,0,0.0,0,0,0,Pathfinder Society Scenario #5-03: Heidmarch Heist,4,Azarketi Ruffian
4565,3,4,3,1,1,1,19,40,12,6,12,9,0,12,8.5,12,12.0,0,0,0,Pathfinder Society Scenario #5-03: Heidmarch Heist,3,Azlanti Cutpurse
4566,2,3,2,3,2,5,18,45,8,8,11,14,0,9,9.0,0,0.0,2,21,13,Pathfinder Society Scenario #5-03: Heidmarch Heist,4,Azlanti Novice Sorcerer
4568,3,4,3,1,1,1,22,70,15,9,15,12,0,12,8.5,12,12.0,0,0,0,Pathfinder Society Scenario #5-03: Heidmarch Heist,5,Azlanti Thief
4569,5,4,2,1,2,0,24,95,17,14,14,11,0,17,19.0,0,0.0,0,0,0,Pathfinder Society Scenario #5-03: Heidmarch Heist,6,Hardened Azarketi Ruffian
4570,4,4,2,2,-1,4,26,111,18,13,17,10,0,18,11.5,18,17.0,0,0,0,Pathfinder Society Scenario #5-03: Heidmarch Heist,5,Krosovahn Mendesil (7-8)
4571,4,4,2,2,-1,4,23,72,15,10,14,7,0,15,9.5,15,13.0,0,0,0,Pathfinder Society Scenario #5-03: Heidmarch Heist,5,Krosovahn Mendesil
4572,2,3,2,-4,1,-3,17,21,8,3,8,5,0,0,0.0,0,0.0,0,0,0,Pathfinder Society Scenario #5-04: Necessary Introductions,2,Bejeweled Rat Swarm
4573,4,2,3,1,2,0,15,22,7,7,5,6,0,9,5.5,9,4.5,0,0,0,Pathfinder Society Scenario #5-04: Necessary Introductions,1,Experienced Goldmonger
4579,4,2,3,-4,3,-2,16,21,10,8,7,6,0,8,6.5,0,0.0,0,0,0,Pathfinder Society Scenario #5-04: Necessary Introductions,1,Hoarding Bat
4578,1,4,1,-4,3,-3,17,21,11,7,10,7,0,0,0.0,0,0.0,0,0,0,Pathfinder Society Scenario #5-04: Necessary Introductions,2,Hoarding Bat Swarm
4577,1,3,2,-4,1,-3,15,8,5,6,7,3,0,7,3.5,0,0.0,0,0,0,Pathfinder Society Scenario #5-04: Necessary Introductions,-1,Hermit Rat
4576,3,1,2,0,1,-1,14,10,5,5,3,4,0,8,3.5,0,0.0,0,0,0,Pathfinder Society Scenario #5-04: Necessary Introductions,-1,Goldmonger
4575,1,4,3,-4,2,-3,17,20,7,10,11,7,0,8,7.5,0,0.0,0,0,0,Pathfinder Society Scenario #5-04: Necessary Introductions,1,Giant Hermit Rat
4574,1,3,2,-4,1,-3,17,15,2,8,9,5,0,9,5.5,0,0.0,0,0,0,Pathfinder Society Scenario #5-04: Necessary Introductions,0,Feral Hermit Rat
5591,4,3,3,1,1,1,23,108,13,15,11,13,0,15,14.5,14,10.5,2,21,13,Pathfinder #195: Heavy is the Crown,6,Hryngar Rager
5584,6,6,5,0,3,0,31,190,22,21,23,19,0,26,36.5,24,17.0,0,0,0,Pathfinder #195: Heavy is the Crown,11,Flames of Taargick
5585,-5,4,3,0,2,6,24,130,14,15,18,14,1,20,18.0,0,0.0,4,26,16,Pathfinder #195: Heavy is the Crown,8,Heartbroken Dream
5586,6,2,4,1,2,3,26,140,16,18,14,16,0,20,17.0,0,0.0,0,0,0,Pathfinder #195: Heavy is the Crown,8,Hrungul Ironeye
5587,2,6,4,4,3,2,25,115,16,15,17,12,0,17,10.5,18,13.0,2,25,17,Pathfinder #195: Heavy is the Crown,7,Hryngar Assassin
5588,4,1,4,1,5,3,29,155,19,18,15,21,0,20,15.0,0,0.0,5,28,20,Pathfinder #195: Heavy is the Crown,9,Hryngar Battlepriest
5589,6,2,4,2,3,1,28,150,18,20,15,18,0,0,0.0,0,0.0,0,0,0,Pathfinder #195: Heavy is the Crown,9,Hryngar Breccia Squad
5590,5,0,2,0,3,3,24,95,15,14,12,15,0,18,15.5,12,10.5,2,21,13,Pathfinder #195: Heavy is the Crown,6,Hryngar Officer
5583,-5,4,3,0,2,6,24,130,14,15,18,14,1,20,18.0,0,0.0,4,26,16,Pathfinder #195: Heavy is the Crown,8,Enraged Dream
5592,5,2,3,-1,2,2,23,105,12,15,12,14,0,16,15.5,0,0.0,2,21,13,Pathfinder #195: Heavy is the Crown,6,Hryngar Skull Collector
5600,6,3,6,-5,-2,-2,27,240,14,21,19,12,0,0,0.0,0,0.0,0,0,0,Pathfinder #195: Heavy is the Crown,10,Larval Cave Worm Brood (Crimson)
5594,6,0,6,-5,-2,-1,26,170,12,20,14,10,0,20,22.0,0,0.0,0,0,0,Pathfinder #195: Heavy is the Crown,8,Juvenile Cave Worm (Azure)
5595,6,0,6,-5,-2,-1,26,190,12,20,14,10,0,20,22.0,0,0.0,0,0,0,Pathfinder #195: Heavy is the Crown,8,Juvenile Cave Worm (Crimson)
5596,6,0,6,-5,-2,-1,26,170,12,20,14,10,0,20,22.0,0,0.0,0,0,0,Pathfinder #195: Heavy is the Crown,8,Juvenile Cave Worm (Glacial)
5597,6,0,6,-5,-2,-1,26,170,12,20,14,10,0,20,22.0,0,0.0,0,0,0,Pathfinder #195: Heavy is the Crown,8,Juvenile Cave Worm (Gray)
5598,6,0,6,-5,-2,-1,26,170,12,20,14,10,0,20,22.0,0,0.0,0,0,0,Pathfinder #195: Heavy is the Crown,8,Juvenile Cave Worm (Rock)
5599,6,3,6,-5,-2,-2,27,220,14,21,19,12,0,0,0.0,0,0.0,0,0,0,Pathfinder #195: Heavy is the Crown,10,Larval Cave Worm Brood (Azure)
5582,4,3,3,1,1,1,23,108,13,15,11,13,0,15,14.5,14,10.5,0,0,0,Pathfinder #195: Heavy is the Crown,6,Dwarven Monster Hunter
5601,6,3,6,-5,-2,-2,27,220,14,21,19,12,0,0,0.0,0,0.0,0,0,0,Pathfinder #195: Heavy is the Crown,10,Larval Cave Worm Brood (Glacial)
5602,6,3,6,-5,-2,-2,27,220,14,21,19,12,0,0,0.0,0,0.0,0,0,0,Pathfinder #195: Heavy is the Crown,10,Larval Cave Worm Brood (Grey)
5603,6,3,6,-5,-2,-2,27,220,14,21,19,12,0,0,0.0,0,0.0,0,0,0,Pathfinder #195: Heavy is the Crown,10,Larval Cave Worm Brood (Rock)
5604,2,1,4,3,3,6,31,140,20,21,18,24,3,25,18.5,0,0.0,6,30,22,Pathfinder #195: Heavy is the Crown,11,Narseigus Wormcaller
5593,4,4,2,2,-1,4,26,124,14,13,17,10,0,18,13.5,18,11.5,2,22,14,Pathfinder #195: Heavy is the Crown,7,Hryngar Veteran
5581,2,6,4,6,0,0,27,155,15,17,19,15,0,20,7.0,0,0.0,0,0,0,Pathfinder #195: Heavy is the Crown,9,Ashrin
5606,6,3,4,-1,2,1,27,130,14,18,13,12,0,20,24.0,17,20.0,0,0,0,Pathfinder #195: Heavy is the Crown,8,Toilforged Sentinel
5605,8,4,7,4,5,5,32,220,23,25,20,21,0,26,31.5,0,0.0,5,29,21,Pathfinder #195: Heavy is the Crown,12,Stoneriver
4558,2,2,2,-4,1,0,16,20,6,7,9,4,0,7,5.5,0,0.0,0,0,0,Pathfinder Society Scenario #5-01: Intro: Year of Unfettered Exploration,1,Baby Brine Shark
4563,2,2,3,0,1,1,16,20,7,10,7,6,0,7,2.5,0,0.0,0,0,0,Pathfinder Society Scenario #5-01: Intro: Year of Unfettered Exploration,1,Tough Robber
4562,0,2,2,0,2,1,15,9,5,7,7,3,0,7,3.5,0,0.0,0,0,0,Pathfinder Society Scenario #5-01: Intro: Year of Unfettered Exploration,-1,Robber Novice
4561,0,5,2,-5,1,-2,15,6,6,7,8,2,0,8,0.0,0,0.0,0,0,0,Pathfinder Society Scenario #5-01: Intro: Year of Unfettered Exploration,-1,Hyacinth Lamprey
4560,3,1,0,-2,0,1,14,24,3,6,4,10,0,8,3.5,0,0.0,1,15,7,Pathfinder Society Scenario #5-01: Intro: Year of Unfettered Exploration,1,Hardwood Scamp
4559,3,2,3,0,1,1,19,48,10,12,9,8,0,10,3.5,0,0.0,0,0,0,Pathfinder Society Scenario #5-01: Intro: Year of Unfettered Exploration,3,Experienced Robbers
5580,2,6,4,3,2,3,27,135,15,15,17,15,1,19,14.0,0,0.0,4,25,17,Pathfinder #194: Cult of the Cave Worm,7,Voxnia
5560,-3,5,1,-5,1,-2,20,36,8,6,12,6,0,0,0.0,0,0.0,0,0,0,Pathfinder #194: Cult of the Cave Worm,3,Bloodseeker Swarm
5561,3,0,2,5,1,4,25,135,15,16,13,17,2,18,12.0,0,0.0,4,26,20,Pathfinder #194: Cult of the Cave Worm,8,Bronwyl Holloward
5562,3,6,4,3,2,1,27,135,14,16,18,12,0,21,14.0,0,0.0,0,0,0,Pathfinder #194: Cult of the Cave Worm,8,Caligni Assassin
5563,6,2,6,-5,0,-5,26,100,13,17,12,10,0,19,15.0,0,0.0,0,0,0,Pathfinder #194: Cult of the Cave Worm,7,Crimson Worm Statue
5564,5,1,4,1,0,3,21,90,15,15,12,11,0,0,0.0,0,0.0,0,0,0,Pathfinder #194: Cult of the Cave Worm,5,Cultist Troop
5565,-2,4,0,0,2,4,19,32,9,5,11,7,0,0,0.0,0,0.0,0,0,0,Pathfinder #194: Cult of the Cave Worm,3,Ether Sprite Swarm
5566,-2,3,0,0,2,3,14,8,5,1,6,3,0,6,1.5,6,2.5,0,0,0,Pathfinder #194: Cult of the Cave Worm,-1,Ether Sprite
5567,5,1,4,1,3,4,25,120,15,18,13,15,0,19,20.0,0,0.0,2,21,0,Pathfinder #194: Cult of the Cave Worm,7,Four-Tooth
5568,1,5,2,-5,2,0,19,25,10,6,11,6,0,11,5.5,0,0.0,0,0,0,Pathfinder #194: Cult of the Cave Worm,2,Giant Bloodseeker
5569,10,0,8,-5,0,-1,36,370,22,30,22,22,0,32,32.5,0,0.0,0,0,0,Pathfinder #194: Cult of the Cave Worm,16,Glacial Worm
5570,7,-1,7,-3,2,-1,28,248,19,24,16,19,0,24,19.0,0,0.0,0,0,0,Pathfinder #194: Cult of the Cave Worm,11,Gray Worm
5571,4,2,3,1,5,1,22,90,16,14,11,14,0,15,11.5,0,0.0,2,21,13,Pathfinder #194: Cult of the Cave Worm,5,Hagegraf Royal Guard
5574,4,4,3,1,5,2,20,95,13,11,10,13,0,12,12.5,0,0.0,2,21,13,Pathfinder #194: Cult of the Cave Worm,4,Mumkuh
5575,5,4,2,1,3,1,23,75,14,12,14,11,0,17,16.5,0,0.0,0,0,0,Pathfinder #194: Cult of the Cave Worm,6,Redcap Cavalry
5576,5,4,2,3,2,4,24,95,14,14,14,10,0,15,9.5,0,0.0,0,0,0,Pathfinder #194: Cult of the Cave Worm,6,Slime Puppeteer
5577,3,5,2,0,2,0,21,60,10,11,13,8,0,15,9.5,0,0.0,0,0,0,Pathfinder #194: Cult of the Cave Worm,4,Ulat-Kini Initiate
5578,1,3,3,1,3,6,22,100,14,12,12,16,0,14,6.5,0,0.0,4,22,14,Pathfinder #194: Cult of the Cave Worm,7,Ulat-Kini Mindreaver
5579,1,5,1,3,-2,5,24,100,14,14,17,11,0,15,15.0,0,0.0,2,18,10,Pathfinder #194: Cult of the Cave Worm,6,Veavieve
5573,2,4,3,1,3,5,21,78,12,10,13,14,0,13,7.5,13,5.5,2,21,13,Pathfinder #194: Cult of the Cave Worm,5,Hryngar King's Agent
5572,3,1,4,1,5,3,23,99,13,14,11,15,0,14,14.0,0,0.0,3,21,13,Pathfinder #194: Cult of the Cave Worm,6,Hryngar Forgepriest
5171,8,4,5,3,3,5,36,300,25,26,23,27,0,31,37.0,0,0.0,7,35,27,Pathfinder Rage of Elements,14,Ifrit Shuyookh
5155,6,8,8,7,5,9,39,290,30,31,29,30,0,33,34.0,33,26.0,0,0,0,Pathfinder Rage of Elements,17,Capritellix
5190,3,1,5,2,3,1,22,65,14,14,6,11,0,14,13.5,12,9.5,0,0,0,Pathfinder Rage of Elements,5,Munsahir Trooper
5191,5,2,4,2,2,2,25,60,13,15,9,11,0,14,12.5,0,0.0,0,0,0,Pathfinder Rage of Elements,5,Murajau
5192,6,6,4,3,3,3,28,120,18,17,21,16,0,19,18.0,0,0.0,0,0,0,Pathfinder Rage of Elements,9,Nanoshard Swarm
5193,6,3,6,0,2,2,26,200,17,21,16,17,0,21,19.0,0,0.0,0,0,0,Pathfinder Rage of Elements,9,Nightwood Guardian
5194,4,3,3,-2,1,0,18,48,9,6,4,12,0,9,8.5,8,6.5,0,0,0,Pathfinder Rage of Elements,3,Nursery Crawler
5195,3,1,4,-4,1,-5,17,38,7,10,7,5,0,11,7.5,0,0.0,0,0,0,Pathfinder Rage of Elements,2,Olobigonde
5196,1,4,2,-2,3,0,22,60,14,13,15,10,0,14,13.0,14,9.0,0,0,0,Pathfinder Rage of Elements,5,Ore Louse
5197,8,2,7,-1,3,3,30,245,18,24,17,20,0,23,19.0,0,0.0,0,0,0,Pathfinder Rage of Elements,11,Oregorger
5198,7,3,5,2,1,4,27,175,21,18,12,21,0,20,18.0,0,0.0,0,0,0,Pathfinder Rage of Elements,9,Painted Stag
5199,4,7,6,5,3,4,31,210,22,21,24,18,0,0,0.0,0,0.0,0,0,0,Pathfinder Rage of Elements,11,Pelegox Cube
5200,4,8,5,4,4,4,35,175,20,21,26,19,0,26,26.5,26,19.5,0,0,0,Pathfinder Rage of Elements,13,Picture-in-Clouds
5201,4,0,5,1,2,1,25,140,15,15,10,18,0,17,12.0,0,0.0,0,0,0,Pathfinder Rage of Elements,7,Pine Pangolin
5154,8,4,8,3,5,4,32,259,24,28,20,23,0,27,24.5,25,25.0,0,0,0,Pathfinder Rage of Elements,13,Brochmaw
5153,8,0,7,-5,0,-5,36,205,22,27,22,20,0,28,23.0,0,0.0,0,0,0,Pathfinder Rage of Elements,14,Brass Bastion
5152,4,9,7,6,6,9,43,310,33,29,33,30,0,35,34.0,35,28.5,8,40,32,Pathfinder Rage of Elements,18,"Boreal, The North Wind"
5151,7,7,7,2,4,2,34,255,23,23,26,20,0,27,26.5,27,19.5,0,0,0,Pathfinder Rage of Elements,13,Boiling Spring
5150,7,5,3,0,1,5,30,150,20,22,24,18,0,0,0.0,0,0.0,0,0,0,Pathfinder Rage of Elements,11,Blustering Gale
5149,5,0,4,-2,1,0,31,240,21,24,20,21,0,0,0.0,0,0.0,0,0,0,Pathfinder Rage of Elements,11,Avalanche Legion
5148,4,9,7,6,6,9,43,310,33,29,33,30,0,35,34.0,35,28.5,8,40,32,Pathfinder Rage of Elements,18,"Austral, The South Wind"
5202,6,2,5,-4,0,-2,20,65,8,13,8,10,0,12,13.0,0,0.0,0,0,0,Pathfinder Rage of Elements,4,Quickiron Plasm
5203,4,2,5,-3,2,-2,21,90,9,14,11,9,0,15,12.5,0,0.0,0,0,0,Pathfinder Rage of Elements,5,Rakkatak
5204,6,2,5,2,2,2,21,65,9,14,9,11,0,15,15.0,0,0.0,0,0,0,Pathfinder Rage of Elements,5,Rust Scarab
5205,6,7,5,3,5,3,34,240,24,22,26,20,0,0,0.0,0,0.0,0,0,0,Pathfinder Rage of Elements,13,Saltborn Stalkers
5206,2,6,4,2,2,2,26,100,15,15,17,13,0,17,19.0,0,0.0,0,0,0,Pathfinder Rage of Elements,7,Skymetal Striker
5207,4,6,3,-2,3,4,26,144,16,16,11,19,0,16,17.0,0,0.0,0,0,0,Pathfinder Rage of Elements,8,Snapdrake
5208,2,6,2,0,3,5,30,170,19,18,22,17,0,22,20.5,0,0.0,0,0,0,Pathfinder Rage of Elements,10,Solar Crow
5156,2,4,3,0,1,2,22,92,16,13,9,17,0,17,14.0,0,0.0,0,0,0,Pathfinder Rage of Elements,6,Carved Beast
5209,7,5,6,2,4,0,30,165,20,20,21,18,0,0,0.0,0,0.0,0,0,0,Pathfinder Rage of Elements,10,Sootsoldiers (The Radiant Host)
5157,5,3,5,2,2,0,27,135,16,16,19,13,0,20,18.0,0,0.0,0,0,0,Pathfinder Rage of Elements,8,Coldmire Pond
5159,7,3,5,0,4,1,29,230,20,21,19,20,0,21,24.0,21,24.0,4,29,21,Pathfinder Rage of Elements,10,Crystal Strider
5185,3,4,3,2,2,4,17,30,6,7,11,8,0,10,6.5,0,0.0,0,0,0,Pathfinder Rage of Elements,2,Mercurial
5184,9,4,9,0,2,7,33,292,19,26,23,23,0,26,37.5,21,32.5,0,0,0,Pathfinder Rage of Elements,13,Melomach
5183,0,4,3,0,3,1,17,50,9,6,11,8,0,9,7.0,0,0.0,0,0,0,Pathfinder Rage of Elements,3,Lomori Sprout
5182,8,5,5,4,5,4,35,250,22,26,20,22,0,27,40.0,0,0.0,0,0,0,Pathfinder Rage of Elements,13,Living Magma
5181,5,3,4,0,4,4,23,95,14,14,13,16,0,15,15.0,13,18.0,0,0,0,Pathfinder Rage of Elements,6,Living Lodestone
5180,4,0,5,0,1,1,21,90,15,12,7,15,0,15,13.0,11,11.0,0,0,0,Pathfinder Rage of Elements,5,Living Grove
5179,6,0,6,7,6,2,35,260,25,27,21,27,0,28,29.5,0,0.0,6,34,26,Pathfinder Rage of Elements,14,Lithic Locus
5178,1,4,1,-4,3,1,15,22,7,6,9,5,0,9,3.5,0,0.0,0,0,0,Pathfinder Rage of Elements,1,Lava Otter
5177,4,3,5,3,4,3,22,110,14,17,13,12,0,16,15.0,0,0.0,7,22,14,Pathfinder Rage of Elements,6,Kizidhar
5176,5,5,7,4,4,4,30,220,22,24,20,20,0,23,21.5,0,0.0,7,30,22,Pathfinder Rage of Elements,11,Kizidhar Shuyookh
5175,3,4,1,-4,0,0,19,45,9,8,11,7,0,11,8.5,0,0.0,0,0,0,Pathfinder Rage of Elements,3,Kinzaruk
5174,6,4,4,3,5,4,27,155,18,19,17,18,0,20,19.0,18,18.0,7,28,20,Pathfinder Rage of Elements,9,Jann Shuyookh
5173,7,1,5,5,3,4,33,210,21,24,20,22,0,28,25.0,27,22.0,8,32,24,Pathfinder Rage of Elements,12,Jabali Shuyookh
5172,5,7,3,5,3,6,29,150,22,17,21,19,0,24,22.5,23,21.5,7,30,22,Pathfinder Rage of Elements,10,Jaathoom Shuyookh
5189,2,0,4,4,3,-1,22,65,11,14,6,11,0,12,12.5,12,7.0,0,0,0,Pathfinder Rage of Elements,4,Munsahir Gatecrasher
5170,6,1,3,-1,3,-2,26,135,17,16,14,16,0,0,0.0,0,0.0,0,0,0,Pathfinder Rage of Elements,8,Harvest Regiment
5169,3,-1,3,-4,1,-3,15,25,6,8,4,6,0,9,6.5,0,0.0,0,0,0,Pathfinder Rage of Elements,1,Gluttonous Geode
5168,-2,4,0,2,2,4,17,30,8,4,10,8,0,10,7.0,0,0.0,2,18,10,Pathfinder Rage of Elements,2,Gennayn
5167,2,4,3,-4,0,0,15,20,7,6,9,5,0,9,5.5,0,0.0,0,0,0,Pathfinder Rage of Elements,1,Ferrous Butterfly
5166,7,7,5,4,5,8,36,240,23,23,27,25,0,29,18.0,0,0.0,7,34,26,Pathfinder Rage of Elements,14,Faydhaan Shuyookh
5165,4,9,7,6,6,9,43,310,33,29,33,30,0,35,34.0,35,28.5,8,40,32,Pathfinder Rage of Elements,18,"Eural, The East Wind"
5164,7,4,6,1,2,1,28,240,24,20,13,25,0,24,20.0,0,0.0,0,0,0,Pathfinder Rage of Elements,11,Elemental Thicket
5163,8,-2,8,1,5,4,33,295,26,29,19,26,0,27,30.5,27,24.5,0,0,0,Pathfinder Rage of Elements,13,Elder Outcrop
5162,2,3,3,-4,1,0,16,20,7,7,10,4,0,8,5.5,0,0.0,0,0,0,Pathfinder Rage of Elements,1,Dewdrop Jelly
5161,0,4,1,0,0,2,17,15,5,4,10,7,0,7,0.0,7,3.5,0,0,0,Pathfinder Rage of Elements,1,Despairing Pall
5160,2,2,1,-2,2,1,18,45,9,8,9,9,0,10,8.5,10,8.5,0,17,9,Pathfinder Rage of Elements,3,Cullitox
5158,-5,4,0,-1,3,4,21,60,12,7,15,12,0,0,0.0,15,13.0,0,0,0,Pathfinder Rage of Elements,5,Comozant Wyrd
5187,2,1,3,0,2,0,16,15,6,7,3,6,0,6,3.5,0,0.0,0,0,0,Pathfinder Rage of Elements,0,Metal Wisp
5188,3,0,4,-4,2,1,18,40,8,9,3,11,0,9,6.5,6,5.5,0,0,0,Pathfinder Rage of Elements,2,Moss Sloth
5147,4,7,3,7,5,3,31,150,21,15,21,21,0,21,23.0,0,0.0,0,0,0,Pathfinder Rage of Elements,10,Asp of Grief
5215,4,8,6,8,4,6,36,200,26,24,28,22,0,28,31.5,28,23.5,6,34,26,Pathfinder Rage of Elements,14,Vault Keeper
5220,3,1,0,-2,0,1,14,24,3,6,4,10,0,8,3.5,0,0.0,2,15,7,Pathfinder Rage of Elements,1,Wood Scamp
5216,3,1,2,-4,0,3,14,28,4,6,3,8,0,8,5.5,0,0.0,0,0,0,Pathfinder Rage of Elements,1,Vegetable Lamb
5144,7,3,5,3,3,3,29,215,17,21,19,17,0,23,24.0,23,21.0,0,0,0,Pathfinder Rage of Elements,10,Abysium Horror
5145,4,9,7,6,6,9,43,310,33,29,33,30,0,35,34.0,35,28.5,8,40,32,Pathfinder Rage of Elements,18,Anemos
5146,0,3,1,1,4,0,16,17,7,4,6,9,0,6,2.5,8,3.5,1,17,9,Pathfinder Rage of Elements,1,Ardande Gardener
5212,3,3,3,4,1,5,24,118,16,18,15,12,0,15,17.5,13,19.0,3,25,17,Pathfinder Rage of Elements,7,Tantriog
5214,8,10,7,11,6,8,47,465,37,36,41,35,0,39,36.0,37,28.5,8,50,42,Pathfinder Rage of Elements,21,Vault Builder
5211,1,3,1,3,0,1,17,17,3,6,6,5,0,8,4.5,0,0.0,0,14,6,Pathfinder Rage of Elements,1,Talos Gadgeteer
5217,2,6,4,2,1,3,28,100,17,15,19,13,0,19,19.0,19,13.0,0,0,0,Pathfinder Rage of Elements,8,Veiled Current
5221,3,1,2,0,3,0,16,20,6,5,2,8,0,5,3.5,0,0.0,0,0,0,Pathfinder Rage of Elements,0,Wood Wisp
5222,4,9,7,6,6,9,43,310,33,29,33,30,0,35,34.0,35,28.5,8,40,32,Pathfinder Rage of Elements,18,"Zephyr, The West Wind"
5223,5,6,8,5,4,7,34,212,23,29,23,21,0,27,26.5,0,0.0,7,32,24,Pathfinder Rage of Elements,13,Zuhra Shuyookh
5224,3,5,6,4,3,5,26,125,15,16,17,17,0,19,16.5,0,0.0,7,26,18,Pathfinder Rage of Elements,8,Zuhra
5218,7,5,5,-2,2,0,32,190,24,24,21,18,0,25,26.5,0,0.0,0,0,0,Pathfinder Rage of Elements,11,Veldenar
5219,2,5,2,0,1,2,20,75,11,10,8,14,0,11,14.0,0,0.0,0,0,0,Pathfinder Rage of Elements,4,Whipping Willow
5210,7,5,6,2,4,0,30,165,20,20,21,18,0,0,0.0,0,0.0,0,0,0,Pathfinder Rage of Elements,10,Sootsoldiers
5213,5,4,8,2,3,4,34,273,26,24,17,27,0,26,23.0,26,26.0,0,0,0,Pathfinder Rage of Elements,13,Twins of Rowan
4495,2,5,2,4,4,5,22,59,15,12,15,14,1,11,10.5,0,0.0,3,22,14,Pathfinder Society Scenario #4-16: Dacilane Academy's First Great Prank War,5,Pappy Draighean (5-6)
4496,1,4,1,3,3,4,20,40,13,10,13,12,1,9,7.5,0,0.0,2,20,12,Pathfinder Society Scenario #4-16: Dacilane Academy's First Great Prank War,3,Pappy Draighean
4497,0,5,2,2,4,2,20,57,13,7,12,11,1,12,7.0,12,5.0,4,20,14,Pathfinder Society Scenario #4-16: Dacilane Academy's First Great Prank War,4,Travel Worn Lurker In Light
4499,5,4,6,4,5,3,27,160,21,18,16,19,1,21,22.5,0,0.0,9,28,20,Pathfinder Society Scenario #4-17: Trapping the Hag's Claw,9,Aslynn
4502,4,6,4,2,3,2,25,90,18,15,17,14,0,18,15.0,0,0.0,2,25,17,Pathfinder Society Scenario #4-17: Trapping the Hag's Claw,7,Potted Violet Etheroot
4500,3,5,2,0,2,3,20,60,14,8,11,8,0,14,10.0,0,0.0,2,21,13,Pathfinder Society Scenario #4-17: Trapping the Hag's Claw,4,Aslynn's Eye
4501,4,5,3,1,3,3,23,100,17,11,16,11,0,17,13.0,0,0.0,2,21,13,Pathfinder Society Scenario #4-17: Trapping the Hag's Claw,6,Aslynn's Sharper Eye
4503,5,6,4,3,3,3,28,120,20,17,21,16,0,21,16.0,0,0.0,2,25,17,Pathfinder Society Scenario #4-17: Trapping the Hag's Claw,9,Well-Fed Potted Violet Etheroot
4498,5,4,6,4,5,3,30,190,24,20,19,22,1,24,29.5,0,0.0,9,30,22,Pathfinder Society Scenario #4-17: Trapping the Hag's Claw,11,Aslynn the Dream Taker
5552,4,-2,3,-5,0,-2,13,50,3,6,3,4,0,9,8.5,0,0.0,0,0,0,Pathfinder #193: Mantle of Gold,1,Sporeborn Sheep
5551,4,3,4,-5,2,-5,20,70,10,14,9,10,0,11,11.0,0,0.0,0,0,0,Pathfinder #193: Mantle of Gold,4,Sporeborn Myceloid
5550,5,3,4,0,1,0,19,72,10,14,11,9,0,13,12.0,0,0.0,3,18,10,Pathfinder #193: Mantle of Gold,4,Soulbound Mauler (Neutral)
5549,5,3,4,0,1,0,19,72,10,14,11,9,0,13,12.0,0,0.0,1,18,10,Pathfinder #193: Mantle of Gold,4,Soulbound Mauler (Neutral Good)
5553,1,4,1,-5,3,0,18,30,9,5,10,7,0,10,10.0,10,8.5,0,0,0,Pathfinder #193: Mantle of Gold,2,Sporeborn Skull
5525,4,-2,5,-5,0,-5,19,50,9,12,5,5,0,11,10.5,0,0.0,0,0,0,Pathfinder #193: Mantle of Gold,3,Ancestor Statue
5548,5,3,4,0,1,0,19,72,10,14,11,9,0,13,12.0,0,0.0,3,18,10,Pathfinder #193: Mantle of Gold,4,Soulbound Mauler (Neutral Evil)
5559,4,1,3,0,1,0,20,75,9,11,9,9,0,14,13.0,0,0.0,0,0,0,Pathfinder #193: Mantle of Gold,4,Zivzeb
5558,5,1,3,-1,1,2,20,72,11,14,12,8,0,0,0.0,0,0.0,0,0,0,Pathfinder #193: Mantle of Gold,4,Xulgath Ravening
5557,3,1,2,0,1,4,18,36,9,8,5,11,0,11,7.5,0,0.0,0,0,0,Pathfinder #193: Mantle of Gold,2,Unfeeling Empath
5554,4,-1,5,-3,2,1,22,75,11,14,8,11,0,15,13.0,0,0.0,0,0,0,Pathfinder #193: Mantle of Gold,5,Stonemaker
5546,5,3,4,0,1,0,19,72,10,14,11,9,0,13,12.0,0,0.0,1,18,10,Pathfinder #193: Mantle of Gold,4,Soulbound Mauler (Lawful Good)
5537,2,0,2,1,3,1,18,52,9,9,7,10,0,10,5.5,8,4.5,2,19,11,Pathfinder #193: Mantle of Gold,3,Krohan Veldollow
5544,5,3,4,0,1,0,19,72,10,14,11,9,0,13,12.0,0,0.0,2,18,10,Pathfinder #193: Mantle of Gold,4,Soulbound Mauler (Chaotic Neutral)
5522,3,2,1,-1,0,1,18,44,12,10,9,7,0,12,8.5,0,0.0,2,18,10,Pathfinder #193: Mantle of Gold,3,Algerschmick
5521,4,0,3,-5,3,0,18,68,10,10,7,8,0,12,10.5,12,7.0,0,0,0,Pathfinder #193: Mantle of Gold,3,Alchemist Ivy
5526,-5,1,2,1,4,3,16,15,9,7,6,9,0,0,0.0,0,0.0,0,0,0,Pathfinder #193: Mantle of Gold,1,Ancestral Echo
5527,2,4,2,0,1,1,18,32,8,8,10,7,0,11,5.5,11,4.5,0,0,0,Pathfinder #193: Mantle of Gold,2,Blacknoon Apprentice
5528,-5,3,0,1,1,4,19,50,9,6,11,11,0,14,10.0,14,13.0,0,0,0,Pathfinder #193: Mantle of Gold,4,Corrupted Blade Spirit
5529,0,4,1,0,3,1,18,16,8,5,9,6,0,9,3.5,9,4.5,0,0,0,Pathfinder #193: Mantle of Gold,1,Fazil
5530,-5,1,2,1,4,3,16,15,9,7,6,9,0,8,5.5,8,5.5,0,0,0,Pathfinder #193: Mantle of Gold,1,Ferghaz
5532,1,0,1,3,4,1,16,20,7,7,4,10,0,7,5.5,0,0.0,1,17,0,Pathfinder #193: Mantle of Gold,1,Heldin Ulgincamp
5545,5,3,4,0,1,0,19,72,10,14,11,9,0,13,12.0,0,0.0,3,18,10,Pathfinder #193: Mantle of Gold,4,Soulbound Mauler (Lawful Evil)
5533,3,0,2,1,3,4,19,50,8,9,7,10,0,11,5.5,12,11.0,2,0,0,Pathfinder #193: Mantle of Gold,3,Hhrulkaz
5536,2,0,2,1,3,1,18,52,9,9,7,10,0,14,13.0,14,13.0,2,20,12,Pathfinder #193: Mantle of Gold,4,Krohan (Possessed)
5524,2,3,0,-2,0,1,15,16,6,6,8,6,0,8,5.5,8,4.5,0,0,0,Pathfinder #193: Mantle of Gold,0,Anarchic Living Graffiti
5538,4,3,1,-4,2,-3,19,21,8,7,9,8,0,10,9.5,0,0.0,0,0,0,Pathfinder #193: Mantle of Gold,2,Lady Shimmersnip
5540,3,2,4,1,3,5,20,60,11,12,13,11,0,12,8.0,12,10.0,4,20,0,Pathfinder #193: Mantle of Gold,4,Skibrellon
5541,-2,4,3,0,2,0,20,23,8,7,10,6,1,10,5.5,0,0.0,3,18,8,Pathfinder #193: Mantle of Gold,2,Soulbound Doll (Sky King's Tomb)
5542,5,3,4,0,1,0,19,72,10,14,11,9,0,13,12.0,0,0.0,1,18,10,Pathfinder #193: Mantle of Gold,4,Soulbound Mauler (Chaotic Evil)
5543,5,3,4,0,1,0,19,72,10,14,11,9,0,13,12.0,0,0.0,3,18,10,Pathfinder #193: Mantle of Gold,4,Soulbound Mauler (Chaotic Good)
5534,3,2,4,1,3,5,20,60,11,12,13,11,0,10,7.5,12,10.0,4,20,12,Pathfinder #193: Mantle of Gold,4,Hyphae Tyrant
5523,-5,1,2,1,4,3,16,15,9,7,6,9,0,8,5.5,0,0.0,0,0,0,Pathfinder #193: Mantle of Gold,1,Alkepsur
5547,5,3,4,0,1,0,19,72,10,14,11,9,0,13,12.0,0,0.0,3,18,10,Pathfinder #193: Mantle of Gold,4,Soulbound Mauler (Lawful Neutral)
5555,5,1,3,4,2,1,22,75,12,13,9,14,0,15,16.0,0,0.0,3,21,14,Pathfinder #193: Mantle of Gold,5,Tuom Molgrade
5556,-5,1,2,1,4,3,16,15,9,7,6,9,0,8,9.5,0,0.0,0,0,0,Pathfinder #193: Mantle of Gold,1,Ulki
4492,6,3,4,5,3,3,29,180,19,21,16,18,0,24,20.0,0,0.0,5,26,18,Pathfinder Society Scenario #4-15: In Glorious Battle,10,Smokesight Wight Captain
4491,4,5,2,1,3,3,25,115,15,14,17,13,0,18,9.0,0,0.0,0,0,0,Pathfinder Society Scenario #4-15: In Glorious Battle,7,Smokesight Stalker Wight
4490,4,5,2,1,3,3,28,155,18,17,20,16,0,21,12.0,0,0.0,0,0,0,Pathfinder Society Scenario #4-15: In Glorious Battle,9,Smokesight Prowler Wight
4489,3,4,2,1,3,2,24,112,16,13,17,14,0,16,13.5,18,11.5,0,0,0,Pathfinder Society Scenario #4-15: In Glorious Battle,7,Smokesight Hunter Wight
4493,6,3,4,5,3,3,32,220,22,24,19,21,0,27,23.0,0,0.0,5,29,21,Pathfinder Society Scenario #4-15: In Glorious Battle,12,Smokesight Wight Commander
4487,5,2,4,-5,2,-2,25,145,14,18,14,12,0,19,17.5,0,0.0,0,0,0,Pathfinder Society Scenario #4-15: In Glorious Battle,7,Elite Sulfur Zombie
4486,6,3,4,5,3,3,33,240,24,26,21,23,0,29,25.0,0,0.0,5,31,23,Pathfinder Society Scenario #4-15: In Glorious Battle,13,Elite Smokesight Wight Commander
4488,3,4,2,1,3,2,27,152,19,16,20,17,0,19,16.5,21,14.5,0,0,0,Pathfinder Society Scenario #4-15: In Glorious Battle,9,Smokesight Deadeye Wight
4484,4,5,2,1,3,3,27,135,17,16,19,15,0,20,11.0,0,0.0,0,0,0,Pathfinder Society Scenario #4-15: In Glorious Battle,8,Elite Smokesight Stalker Wight
4483,4,5,2,1,3,3,30,175,20,19,22,18,0,23,14.0,0,0.0,0,0,0,Pathfinder Society Scenario #4-15: In Glorious Battle,10,Elite Smokesight Prowler Wight
4482,3,4,2,1,3,2,26,132,18,15,19,16,0,18,15.5,20,13.5,0,0,0,Pathfinder Society Scenario #4-15: In Glorious Battle,8,Elite Smokesight Hunter Wight
4481,3,4,2,1,3,2,27,172,21,16,20,17,0,21,18.5,23,16.5,0,0,0,Pathfinder Society Scenario #4-15: In Glorious Battle,10,Elite Smokesight Deadeye Wight
4480,5,2,4,-5,2,-2,28,195,17,21,17,15,0,22,20.5,0,0.0,0,0,0,Pathfinder Society Scenario #4-15: In Glorious Battle,9,Elite Combustive Zombie
4479,-3,3,4,-5,2,4,31,140,20,22,21,18,0,0,0.0,0,0.0,0,0,0,Pathfinder Society Scenario #4-15: In Glorious Battle,11,Elite Clacking Skull Swarm
4478,5,2,4,-5,2,-2,26,125,15,19,15,13,0,20,18.5,0,0.0,0,0,0,Pathfinder Society Scenario #4-15: In Glorious Battle,8,Combustive Zombie
4485,6,3,4,5,3,3,31,200,21,23,18,20,0,26,22.0,0,0.0,5,28,20,Pathfinder Society Scenario #4-15: In Glorious Battle,11,Elite Smokesight Wight Captain
4494,-3,3,4,-5,2,4,27,100,16,18,17,14,0,0,0.0,0,0.0,0,0,0,Pathfinder Society Scenario #4-15: In Glorious Battle,9,Weak Clacking Skull Swarm
1617,4,1,4,-4,2,0,17,35,8,11,6,8,0,9,9.5,0,0.0,0,0,0,Pathfinder Lost Omens Highhelm,2,Augdunar
1618,5,2,4,-4,2,0,20,60,11,14,8,11,0,14,12.0,0,0.0,0,0,0,Pathfinder Lost Omens Highhelm,4,Draft Lizard
1620,5,3,3,2,3,2,20,60,14,11,8,14,0,14,12.0,0,0.0,1,18,10,Pathfinder Lost Omens Highhelm,4,Graul
1621,6,3,4,-4,3,0,24,120,14,18,15,12,0,18,16.0,16,0.0,0,0,0,Pathfinder Lost Omens Highhelm,7,Pagulin
1622,2,6,4,2,5,-2,35,250,25,0,0,0,0,27,31.0,0,0.0,0,0,0,Pathfinder Lost Omens Highhelm,14,The Bloodstorm
1619,8,2,4,1,6,3,40,280,29,29,23,29,0,30,33.5,28,27.5,6,36,28,Pathfinder Lost Omens Highhelm,15,Grand Defender
5735,9,5,8,5,7,4,40,255,30,33,26,30,0,32,30.5,0,0.0,0,0,0,Pathfinder #192: Worst of All Possible Worlds,17,Mighty Bul-Gae
5745,7,5,7,2,4,9,45,360,29,33,35,31,0,37,41.0,30,25.5,9,42,34,Pathfinder #192: Worst of All Possible Worlds,20,The Betrayal
5753,8,6,6,5,5,8,47,385,36,37,35,32,0,40,42.0,0,0.0,7,41,0,Pathfinder #192: Worst of All Possible Worlds,21,The Keeper
5754,7,5,7,2,4,9,40,315,29,32,30,27,0,32,34.5,30,25.5,8,35,27,Pathfinder #192: Worst of All Possible Worlds,17,The Peacock
5755,7,5,7,2,4,9,40,315,29,32,30,27,0,32,34.5,30,25.5,8,35,27,Pathfinder #192: Worst of All Possible Worlds,17,The Queen Mother
5756,7,5,7,2,4,9,40,315,29,32,30,27,0,32,34.5,30,25.5,8,35,27,Pathfinder #192: Worst of All Possible Worlds,17,The Teamster
5757,7,5,7,2,4,9,40,315,29,32,30,27,0,32,34.5,30,25.5,8,35,27,Pathfinder #192: Worst of All Possible Worlds,17,The Trader
5744,8,5,7,1,3,5,39,295,30,31,27,25,3,34,36.5,0,0.0,5,34,26,Pathfinder #192: Worst of All Possible Worlds,16,Svaryr Soldier
5758,7,5,7,2,4,9,40,315,29,32,30,27,0,32,34.5,30,25.5,8,35,27,Pathfinder #192: Worst of All Possible Worlds,17,The Twin
5747,7,5,7,2,4,9,40,315,29,32,30,27,0,32,34.5,30,25.5,8,35,27,Pathfinder #192: Worst of All Possible Worlds,17,The Cricket
5736,9,4,8,4,6,5,40,421,32,34,28,30,0,35,36.5,33,27.0,6,37,29,Pathfinder #192: Worst of All Possible Worlds,18,Nornhound
5759,7,5,7,2,4,9,40,315,29,32,30,27,0,32,34.5,30,25.5,8,35,27,Pathfinder #192: Worst of All Possible Worlds,17,The Unicorn
5760,7,5,7,2,4,9,40,315,29,32,30,27,0,32,34.5,30,25.5,8,35,27,Pathfinder #192: Worst of All Possible Worlds,17,The Wanderer
5761,7,5,7,2,4,9,40,315,29,32,30,27,0,32,34.5,30,25.5,8,35,27,Pathfinder #192: Worst of All Possible Worlds,17,The Winged Serpent
5762,-5,6,2,4,5,6,36,195,27,22,28,25,0,26,27.5,26,21.5,7,34,26,Pathfinder #192: Worst of All Possible Worlds,14,Zellara Esmeranda
5746,7,5,7,2,4,9,40,315,29,32,30,27,0,32,34.5,30,25.5,8,35,27,Pathfinder #192: Worst of All Possible Worlds,17,The Courtesan
5743,10,7,7,3,6,7,44,330,33,34,32,31,0,38,40.5,0,0.0,9,38,30,Pathfinder #192: Worst of All Possible Worlds,19,Svaryr Commander
5748,7,5,7,2,4,9,40,315,29,32,30,27,0,32,34.5,30,25.5,8,35,27,Pathfinder #192: Worst of All Possible Worlds,17,The Crows
5741,6,4,5,1,1,5,30,180,17,11,14,8,0,23,21.0,21,14.0,0,0,0,Pathfinder #192: Worst of All Possible Worlds,10,Storied Harrowkin
5732,10,4,10,2,7,4,44,470,35,38,30,33,0,38,20.0,0,0.0,9,39,31,Pathfinder #192: Worst of All Possible Worlds,20,Gegnir
5749,7,5,7,2,4,9,40,315,29,32,30,27,0,32,34.5,30,25.5,8,35,27,Pathfinder #192: Worst of All Possible Worlds,17,The Dance
5733,7,6,6,6,10,7,46,375,41,34,30,38,1,38,37.0,0,0.0,10,42,32,Pathfinder #192: Worst of All Possible Worlds,20,Hala The Rod
5734,6,7,6,4,6,9,45,375,36,35,33,36,0,36,38.0,0,0.0,7,25,17,Pathfinder #192: Worst of All Possible Worlds,20,Ildamir
5731,7,6,6,6,10,7,46,375,41,34,30,38,1,38,37.0,0,0.0,10,42,32,Pathfinder #192: Worst of All Possible Worlds,20,Fabrina The Spinster
5730,7,5,7,2,4,9,40,315,29,32,30,27,0,32,34.5,30,25.5,8,35,27,Pathfinder #192: Worst of All Possible Worlds,17,Fabled Harrowkin
5729,7,6,6,6,10,7,46,375,41,34,30,38,1,38,37.0,0,0.0,10,42,32,Pathfinder #192: Worst of All Possible Worlds,20,Diskrasia The Sharp
5751,7,5,7,2,4,9,40,315,29,32,30,27,0,32,34.5,30,25.5,8,35,27,Pathfinder #192: Worst of All Possible Worlds,17,The Inquisitor
5750,7,5,7,2,4,9,40,315,29,32,30,27,0,32,34.5,30,25.5,8,35,27,Pathfinder #192: Worst of All Possible Worlds,17,The Fool
5728,8,4,7,2,6,6,44,399,34,35,30,34,0,39,45.5,0,0.0,0,0,0,Pathfinder #192: Worst of All Possible Worlds,20,Bolti Sorrinson
5737,0,5,2,3,5,9,44,370,33,30,33,35,0,31,10.5,0,0.0,10,42,34,Pathfinder #192: Worst of All Possible Worlds,20,Raven Nicoletta
5738,8,6,7,1,4,2,36,260,22,27,28,24,1,30,36.5,0,0.0,6,28,18,Pathfinder #192: Worst of All Possible Worlds,14,Sickened Doprillu
5739,3,4,1,0,0,3,20,60,10,11,14,8,0,12,7.5,12,5.5,0,0,0,Pathfinder #192: Worst of All Possible Worlds,4,Simple Harrowkin
5740,6,6,5,4,6,8,44,380,34,31,36,33,0,36,39.0,0,0.0,9,42,34,Pathfinder #192: Worst of All Possible Worlds,20,Speaker Of Svaryr
5752,7,5,7,2,4,9,40,315,29,32,30,27,0,32,34.5,30,25.5,8,35,27,Pathfinder #192: Worst of All Possible Worlds,17,The Joke
5742,3,5,4,2,4,6,24,125,17,15,14,17,0,16,15.0,0,0.0,3,25,17,Pathfinder #192: Worst of All Possible Worlds,7,Suvarden
1901,4,4,2,1,1,2,21,60,12,11,15,10,0,15,15.5,0,0.0,0,0,0,Pathfinder Adventure: A Few Flowers More,5,Carl The Cobbler
1902,-2,4,0,2,2,2,17,19,7,6,10,7,0,9,0.5,0,0.0,0,17,9,Pathfinder Adventure: A Few Flowers More,1,Jinkin Ripclaw
1903,-2,4,0,2,2,2,17,19,7,6,10,7,0,9,0.5,9,3.5,0,17,9,Pathfinder Adventure: A Few Flowers More,1,Vilm
4476,4,2,4,0,1,3,25,126,18,15,13,18,1,18,20.0,0,0.0,4,29,17,Pathfinder Society Scenario #4-14: Shattering Golden Chains,7,Farah Al-Saleel (5-6)
4475,4,2,3,0,1,3,22,86,15,15,14,17,1,15,17.0,0,0.0,2,22,14,Pathfinder Society Scenario #4-14: Shattering Golden Chains,5,Farah Al-Saleel (3-4)
4477,5,3,4,4,2,5,24,143,14,16,15,14,0,19,15.0,16,17.0,0,0,0,Pathfinder Society Scenario #4-14: Shattering Golden Chains,7,Fasiel Ibn Sazadin (5-6)
4473,0,2,2,1,0,0,14,8,5,3,7,3,0,5,2.5,0,0.0,2,15,7,Pathfinder Society Scenario #4-13: Within the Prairies,1,Troublesome Scrit
4465,1,4,1,-1,0,2,15,18,4,5,8,4,0,9,5.5,0,0.0,0,0,0,Pathfinder Society Scenario #4-13: Within the Prairies,1,Growling Shadow Drake
4471,0,0,2,4,1,2,16,24,10,6,4,10,0,7,3.5,6,3.5,1,17,9,Pathfinder Society Scenario #4-13: Within the Prairies,1,Suhko (1-2)
4470,3,2,4,-2,2,1,16,15,7,8,6,10,0,0,0.0,0,0.0,0,0,0,Pathfinder Society Scenario #4-13: Within the Prairies,3,Runt (3-4)
4469,3,2,4,-2,2,1,16,5,5,6,4,10,0,0,0.0,0,0.0,0,0,0,Pathfinder Society Scenario #4-13: Within the Prairies,1,Runt (1-2)
4468,1,4,1,-1,0,2,19,43,8,9,12,8,0,13,9.5,0,0.0,0,0,0,Pathfinder Society Scenario #4-13: Within the Prairies,3,Mutant Shadow Drake
4467,1,4,1,-1,0,2,17,28,6,7,10,6,0,11,7.5,0,0.0,0,0,0,Pathfinder Society Scenario #4-13: Within the Prairies,2,Menacing Shadow Drake
4466,0,2,2,1,0,0,14,8,5,3,7,3,0,5,2.5,0,0.0,2,16,8,Pathfinder Society Scenario #4-13: Within the Prairies,-1,Meddlesome Scrit
4464,0,3,2,-4,2,-2,15,8,5,4,7,4,0,7,3.5,0,0.0,0,0,0,Pathfinder Society Scenario #4-13: Within the Prairies,-1,Burrowing Viper Rat
4472,0,0,2,4,2,2,16,40,8,8,6,10,0,6,2.5,6,3.5,2,20,12,Pathfinder Society Scenario #4-13: Within the Prairies,3,Suhko (3-4)
4474,1,3,1,2,4,1,16,15,10,5,7,8,0,5,4.5,7,4.5,0,0,0,Pathfinder Society Scenario #4-13: Within the Prairies,0,Tsimaan
5912,5,5,4,-4,3,0,22,42,12,13,14,12,0,12,14.0,0,0.0,0,0,0,Pathfinder Adventure: The Enmity Cycle,5,Mechanical Assistant
5911,3,3,2,1,5,4,21,82,14,12,9,15,0,13,10.5,0,0.0,3,24,12,Pathfinder Adventure: The Enmity Cycle,5,Krashk
5913,0,6,2,3,3,3,21,58,11,9,14,10,0,14,8.5,0,0.0,0,21,13,Pathfinder Adventure: The Enmity Cycle,4,Noolik
5914,5,4,2,-2,2,3,21,92,14,12,15,9,0,14,12.0,12,11.0,0,0,0,Pathfinder Adventure: The Enmity Cycle,5,Sand Wolf
5915,4,1,3,1,1,3,17,35,9,11,8,5,0,10,7.5,7,6.5,0,0,0,Pathfinder Adventure: The Enmity Cycle,2,Scorching Sun Cultist
5916,5,4,3,0,1,-2,22,81,10,14,11,9,0,14,14.0,0,0.0,0,0,0,Pathfinder Adventure: The Enmity Cycle,5,Scrapborn
5917,6,3,4,1,1,5,23,115,15,17,14,11,0,17,19.0,15,10.5,7,24,16,Pathfinder Adventure: The Enmity Cycle,8,Seddek
5918,4,2,3,2,3,3,18,50,9,12,7,8,0,11,8.5,0,0.0,0,0,0,Pathfinder Adventure: The Enmity Cycle,3,Usij Cultist
5919,2,4,4,5,3,6,24,105,15,12,14,15,1,15,14.5,0,0.0,5,24,18,Pathfinder Adventure: The Enmity Cycle,6,Vulpinal Twin
5920,3,5,3,3,4,7,26,125,16,13,17,18,0,18,19.5,0,0.0,4,26,18,Pathfinder Adventure: The Enmity Cycle,8,Zridi
5910,2,3,3,2,5,3,21,62,12,9,10,14,0,10,9.0,0,0.0,2,21,13,Pathfinder Adventure: The Enmity Cycle,4,Jimbilin
5909,2,4,2,4,2,5,23,100,15,11,17,14,0,16,15.0,0,0.0,3,24,16,Pathfinder Adventure: The Enmity Cycle,6,Amar
5725,7,4,6,3,7,6,37,275,28,27,25,28,1,31,26.0,0,0.0,7,36,23,Pathfinder #191: The Destiny War,15,Voricose
5724,9,6,6,5,6,6,42,333,32,32,28,30,0,35,40.5,32,28.5,8,40,32,Pathfinder #191: The Destiny War,18,Vincuvicar
5709,4,5,4,5,5,8,35,255,25,24,25,27,1,27,27.0,28,7.0,7,34,26,Pathfinder #191: The Destiny War,14,Fate's Prophet
5726,8,5,6,5,6,6,39,300,28,30,27,26,0,0,0.0,0,0.0,0,0,0,Pathfinder #191: The Destiny War,16,Wrath Riot
5727,4,5,5,2,6,5,34,235,25,24,22,25,2,25,17.5,0,0.0,7,33,25,Pathfinder #191: The Destiny War,13,Xiuli Cachu
5705,8,5,4,5,4,0,35,240,24,27,25,22,1,30,27.5,27,21.0,7,34,26,Pathfinder #191: The Destiny War,14,Demongate Colossus
5706,6,4,5,0,4,4,33,260,23,25,21,21,0,0,0.0,0,0.0,0,0,0,Pathfinder #191: The Destiny War,13,Demonic Rabble
5707,5,2,3,0,2,0,21,80,12,13,11,11,0,14,11.5,0,0.0,0,0,0,Pathfinder #191: The Destiny War,5,Derhii
5708,9,5,6,5,6,6,39,299,30,30,25,28,0,33,30.5,0,0.0,8,37,29,Pathfinder #191: The Destiny War,16,Ephialtes
5720,6,3,6,4,5,7,36,330,28,29,24,26,0,30,31.0,0,0.0,6,36,28,Pathfinder #191: The Destiny War,15,Torgral
5710,6,3,6,4,5,7,36,330,28,29,24,26,0,30,31.0,0,0.0,6,36,28,Pathfinder #191: The Destiny War,15,Ghalzarokh
5711,7,4,5,-5,3,-5,34,210,22,25,24,21,0,26,32.5,0,0.0,0,0,0,Pathfinder #191: The Destiny War,13,Guardian Aluum
5712,6,8,6,4,4,2,37,270,25,27,29,23,0,0,0.0,0,0.0,0,0,0,Pathfinder #191: The Destiny War,15,Hadi Mob
5713,7,4,5,5,4,5,37,250,29,28,25,27,1,30,35.5,0,0.0,8,36,29,Pathfinder #191: The Destiny War,15,Markish Aghayarea
5714,8,3,5,4,5,5,38,325,30,30,26,30,0,33,37.0,0,0.0,9,38,30,Pathfinder #191: The Destiny War,17,Mogaran
5715,8,2,6,-2,5,0,32,260,24,26,21,24,0,27,28.0,0,0.0,0,0,0,Pathfinder #191: The Destiny War,13,Quoppopak Mummy
5716,7,8,5,6,7,8,42,335,31,27,32,31,1,34,32.5,0,0.0,9,40,32,Pathfinder #191: The Destiny War,18,Sonnorae
5717,9,5,6,3,5,6,42,400,32,35,30,32,0,36,23.5,0,0.0,6,38,30,Pathfinder #191: The Destiny War,19,The Prince of Wolves
5721,0,5,4,7,5,5,37,290,26,25,28,30,1,30,22.5,0,0.0,8,37,29,Pathfinder #191: The Destiny War,16,Trexima Butoi
5718,4,5,4,2,3,7,30,200,18,21,22,18,0,24,27.5,0,0.0,4,30,22,Pathfinder #191: The Destiny War,11,The Shadow Prince
5719,6,8,6,5,3,0,40,275,27,28,30,25,1,32,32.0,0,0.0,5,37,29,Pathfinder #191: The Destiny War,16,Ticktock
5703,8,4,5,-5,0,-5,34,235,19,24,22,18,0,27,28.0,0,0.0,0,0,0,Pathfinder #191: The Destiny War,13,Crystal Sentinel
5723,9,6,7,6,6,8,42,335,32,33,30,30,1,35,33.5,0,0.0,7,43,35,Pathfinder #191: The Destiny War,18,Vehanezhad
5699,4,5,5,5,4,7,31,215,22,21,23,22,1,22,23.5,0,0.0,4,32,24,Pathfinder #191: The Destiny War,12,All-Seeing Hajeck
5700,8,5,7,-4,5,-3,33,270,22,26,24,22,0,27,27.5,0,0.0,0,0,0,Pathfinder #191: The Destiny War,13,Aquatic Viper Vine
5701,7,5,6,4,5,6,34,240,24,25,24,22,0,26,23.5,0,0.0,0,0,0,Pathfinder #191: The Destiny War,13,Arzuu
5702,9,5,6,-2,6,2,38,350,29,31,26,27,0,34,30.5,30,26.0,0,0,0,Pathfinder #191: The Destiny War,17,Blood-Pear Tree
5722,3,5,1,3,5,4,34,238,24,20,24,24,3,25,25.5,0,0.0,5,32,25,Pathfinder #191: The Destiny War,13,Usilket
5704,7,3,5,0,5,0,30,195,20,22,18,22,0,24,22.0,0,0.0,0,0,0,Pathfinder #191: The Destiny War,11,Crystalline Sentinel
4330,2,4,1,1,0,1,16,18,7,6,10,5,0,7,4.5,0,0.0,0,0,0,Pathfinder Society Special #3-98: Expedition Into Pallid Peril,1,Aspis Agent
4331,5,3,3,0,1,0,21,90,10,15,12,9,0,15,13.5,0,0.0,0,0,0,Pathfinder Society Special #3-98: Expedition Into Pallid Peril,5,Aspis Bulwark
4332,3,2,3,0,1,0,15,25,7,8,7,4,0,9,5.5,0,0.0,0,0,0,Pathfinder Society Special #3-98: Expedition Into Pallid Peril,1,Aspis Defender
4336,3,4,1,1,1,1,19,40,8,8,12,6,0,10,9.5,0,0.0,0,0,0,Pathfinder Society Special #3-98: Expedition Into Pallid Peril,3,Aspis Striker
4337,0,3,0,1,2,3,16,20,7,3,8,7,0,9,4.5,0,0.0,0,0,0,Pathfinder Society Special #3-98: Expedition Into Pallid Peril,1,Aspis Usurper
4334,3,4,0,0,2,4,22,75,12,9,13,12,0,15,11.5,0,0.0,0,0,0,Pathfinder Society Special #3-98: Expedition Into Pallid Peril,5,Aspis Oppressor
4345,-5,2,0,0,2,2,17,15,8,6,8,6,0,10,6.5,0,0.0,0,0,0,Pathfinder Society Special #3-98: Expedition Into Pallid Peril,2,Wailing Ghost
4344,2,4,0,-5,0,0,18,10,4,4,10,4,0,8,6.5,8,5.5,0,0,0,Pathfinder Society Special #3-98: Expedition Into Pallid Peril,0,Skeleton Warrior
4343,5,2,3,0,1,2,21,50,11,13,12,9,0,14,12.5,0,0.0,0,0,0,Pathfinder Society Special #3-98: Expedition Into Pallid Peril,4,Raseri Kanton Skeleton
4342,2,0,3,-2,0,0,14,23,8,10,5,3,1,9,6.5,7,4.5,1,20,12,Pathfinder Society Special #3-98: Expedition Into Pallid Peril,2,Half-Formed Abrikandilu
4341,1,3,2,-4,1,-3,15,8,5,6,7,3,0,7,4.5,0,0.0,0,0,0,Pathfinder Society Special #3-98: Expedition Into Pallid Peril,-1,Giant Rat (PFS 3-98)
4335,0,3,1,1,0,1,14,8,5,4,8,3,0,6,2.5,0,0.0,0,0,0,Pathfinder Society Special #3-98: Expedition Into Pallid Peril,-1,Aspis Recruit
4339,5,1,3,2,1,4,21,77,14,14,10,10,1,15,16.0,0,0.0,2,18,10,Pathfinder Society Special #3-98: Expedition Into Pallid Peril,5,Duergar Crusher
4338,4,2,3,0,1,0,18,50,9,10,9,6,0,12,10.5,0,0.0,0,0,0,Pathfinder Society Special #3-98: Expedition Into Pallid Peril,3,Aspis Warden
4333,2,3,0,1,2,3,19,45,9,7,10,9,0,12,8.5,0,0.0,0,0,0,Pathfinder Society Special #3-98: Expedition Into Pallid Peril,3,Aspis Enforcer
4340,3,-2,2,-5,0,-5,8,45,4,7,3,5,0,8,3.5,0,0.0,0,0,0,Pathfinder Society Special #3-98: Expedition Into Pallid Peril,1,Giant Amoeba (PFS 3-98)
4462,0,3,1,2,0,1,15,7,6,4,8,4,0,8,3.5,0,0.0,0,0,0,Pathfinder Society Scenario #4-12: Negotiations for the Star Gun,-1,Witch's Talon
4461,3,4,3,1,2,1,17,23,11,3,9,5,0,10,6.5,10,4.5,0,0,0,Pathfinder Society Scenario #4-12: Negotiations for the Star Gun,2,Witch's Gaze
4460,1,3,1,1,1,0,15,15,7,3,9,5,0,7,4.5,7,3.5,0,0,0,Pathfinder Society Scenario #4-12: Negotiations for the Star Gun,0,Witch's Eye
4463,4,0,2,1,0,3,15,25,5,9,4,7,0,9,4.5,0,0.0,0,0,0,Pathfinder Society Scenario #4-12: Negotiations for the Star Gun,1,Witch's Wing
4458,1,3,1,4,3,4,18,10,9,6,9,12,1,12,4.5,0,0.0,2,17,9,Pathfinder Society Scenario #4-12: Negotiations for the Star Gun,3,Grace of the Owl
4459,0,1,1,3,2,2,15,15,7,7,4,0,1,9,3.5,0,0.0,1,17,6,Pathfinder Society Scenario #4-12: Negotiations for the Star Gun,1,Witch of the Owl
5694,4,3,3,1,1,1,23,112,13,15,11,13,0,15,12.5,14,10.5,0,0,0,Pathfinder #190: The Choosing,6,Shaldar Falls-Far
5693,1,2,3,1,4,2,23,115,15,14,13,17,0,16,6.5,0,0.0,4,25,17,Pathfinder #190: The Choosing,7,Scaleseed Nagaji
5692,3,5,2,0,2,3,29,175,18,16,21,18,0,22,18.0,22,18.0,3,26,18,Pathfinder #190: The Choosing,10,Raskus
5695,3,6,4,7,5,6,30,155,21,17,19,21,0,23,15.0,0,0.0,5,29,21,Pathfinder #190: The Choosing,10,Uniila Occultist
5691,6,5,4,0,4,7,34,240,23,21,25,23,0,26,23.0,25,19.0,0,0,0,Pathfinder #190: The Choosing,13,Queen Kawlinawk
5690,5,7,3,-4,3,-1,30,175,19,19,21,17,0,23,20.0,23,21.0,0,0,0,Pathfinder #190: The Choosing,10,Oppali
5697,5,1,2,3,0,4,29,180,14,20,18,18,2,23,23.5,0,0.0,4,29,21,Pathfinder #190: The Choosing,10,Vharnev the Butcher
5698,5,7,4,3,4,5,32,170,21,19,24,21,0,24,21.5,0,0.0,4,30,22,Pathfinder #190: The Choosing,11,Zashuvin
5689,7,5,5,3,4,6,37,270,25,26,24,27,0,30,31.5,0,0.0,6,36,28,Pathfinder #190: The Choosing,15,Ndede
5688,4,3,4,-1,3,1,27,140,17,17,15,13,0,19,17.0,18,16.0,0,0,0,Pathfinder #190: The Choosing,8,Mivanian Soldier
5675,1,5,1,5,2,4,35,255,22,20,24,23,2,27,14.0,0,0.0,7,34,26,Pathfinder #190: The Choosing,14,Arodeth
5685,5,7,4,3,4,5,32,170,21,19,24,21,0,24,21.5,0,0.0,4,30,22,Pathfinder #190: The Choosing,11,Hurlilu
5684,5,5,3,0,3,5,30,200,20,18,22,20,0,23,22.0,23,14.5,0,0,0,Pathfinder #190: The Choosing,11,Harpy Warbird
5683,5,1,3,0,4,3,33,215,22,22,18,23,0,26,30.5,0,0.0,6,30,22,Pathfinder #190: The Choosing,12,Endlo Kiver
5682,5,1,3,1,3,5,36,255,25,26,22,24,2,29,28.0,0,0.0,7,31,23,Pathfinder #190: The Choosing,14,Drustan
5681,0,3,0,4,2,4,20,70,11,9,12,15,0,12,4.5,0,0.0,0,0,0,Pathfinder #190: The Choosing,5,Dieral Myrnese
5680,3,2,4,0,2,3,27,165,15,19,15,17,0,19,18.0,18,18.0,0,0,0,Pathfinder #190: The Choosing,9,Blade Mercenary
5679,5,2,2,4,3,0,31,195,18,17,17,20,1,23,22.0,0,0.0,6,30,22,Pathfinder #190: The Choosing,11,Blade Magus
5678,4,5,6,-1,3,0,30,175,20,21,22,18,0,0,0.0,0,0.0,0,0,0,Pathfinder #190: The Choosing,11,Bhanyada Swarm
5677,5,4,3,-3,3,-1,26,150,17,15,18,15,0,19,19.0,0,0.0,0,0,0,Pathfinder #190: The Choosing,8,Bhanyada Scavenger
5676,7,2,5,-3,5,-1,31,250,23,25,20,23,0,26,29.5,26,20.5,0,0,0,Pathfinder #190: The Choosing,12,Bhanyada Behemoth
5686,4,6,3,4,4,6,34,180,23,20,25,23,1,26,26.5,0,0.0,6,33,25,Pathfinder #190: The Choosing,13,Kannijo
5687,4,4,2,2,2,0,27,155,17,17,19,15,0,20,16.0,20,12.5,0,0,0,Pathfinder #190: The Choosing,9,Mercenary Assassin
5696,3,6,4,7,5,6,30,155,21,17,19,21,0,23,15.0,0,0.0,5,29,21,Pathfinder #190: The Choosing,10,Uniila
4706,-1,4,1,3,1,3,21,45,8,8,13,10,0,13,9.5,9,10.0,2,22,14,Pathfinder Society Quest #18: Student Exchange,4,Elite Lively Commodore Sticky Fingers
4707,2,-5,4,-5,0,-5,10,50,3,11,3,5,0,11,9.0,0,0.0,0,0,0,Pathfinder Society Quest #18: Student Exchange,2,Elite Sewer Ooze (PFS Q18)
4708,-3,4,0,-2,0,2,17,21,4,4,10,6,1,10,2.5,7,4.5,1,18,10,Pathfinder Society Quest #18: Student Exchange,1,Elite Sprite (PFS Q18)
4723,-3,4,0,-2,0,2,15,11,4,2,8,4,1,8,0.5,5,2.5,1,16,8,Pathfinder Society Quest #18: Student Exchange,-1,Sprite (PFS Q18)
4740,2,-5,4,-5,0,-5,6,30,3,7,-1,1,0,7,5.0,0,0.0,0,0,0,Pathfinder Society Quest #18: Student Exchange,-1,Weak Sewer Ooze (PFS Q18)
4716,-1,4,1,3,1,3,19,45,8,6,11,8,0,11,7.5,7,8.0,2,20,12,Pathfinder Society Quest #18: Student Exchange,3,Lively Commodore Sticky Fingers
4699,-1,4,0,2,1,3,16,20,6,6,9,6,0,8,5.5,4,4.5,1,17,9,Pathfinder Society Quest #18: Student Exchange,1,Commodore Sticky Fingers
4703,-1,4,0,2,1,3,18,30,6,8,11,8,0,10,7.5,6,6.5,1,19,11,Pathfinder Society Quest #18: Student Exchange,2,Elite Commodore Sticky Fingers
4705,-2,4,1,0,2,4,19,30,9,8,11,11,1,11,2.5,11,6.5,2,20,12,Pathfinder Society Quest #18: Student Exchange,1,Elite Grig (PFS Q18)
4551,4,2,3,0,-1,3,18,32,8,8,6,6,0,9,9.5,0,0.0,0,0,0,Pathfinder Society Quest #14: The Swordlord's Challenge,2,Dura (3-4)
4543,4,2,3,0,-1,3,21,63,11,11,9,9,0,12,14.0,0,0.0,0,0,0,Pathfinder Society Quest #14: The Swordlord's Challenge,4,Determined Dura (3-4)
4546,0,2,1,0,2,3,14,15,5,4,5,7,1,6,4.5,0,0.0,1,17,9,Pathfinder Society Quest #14: The Swordlord's Challenge,1,Determined Rhenei (1-2)
4544,4,2,2,0,-1,2,16,21,7,7,5,5,0,7,6.5,0,0.0,0,0,0,Pathfinder Society Quest #14: The Swordlord's Challenge,1,Determined Halran (1-2)
4548,1,4,2,0,2,0,14,21,7,7,10,5,0,7,5.5,0,0.0,0,0,0,Pathfinder Society Quest #14: The Swordlord's Challenge,1,Determined Thisnabel (1-2)
4549,1,4,2,0,3,0,19,63,11,11,14,9,0,7,13.0,0,0.0,0,0,0,Pathfinder Society Quest #14: The Swordlord's Challenge,4,Determined Thisnabel (3-4)
4550,3,2,2,0,-1,2,15,8,5,5,3,3,0,6,3.5,0,0.0,0,0,0,Pathfinder Society Quest #14: The Swordlord's Challenge,-1,Dura (1-2)
4542,4,2,2,0,-1,2,16,21,7,7,5,5,0,7,6.5,0,0.0,0,0,0,Pathfinder Society Quest #14: The Swordlord's Challenge,1,Determined Dura (1-2)
4552,3,2,2,0,-1,2,15,8,5,5,3,3,0,6,3.5,0,0.0,0,0,0,Pathfinder Society Quest #14: The Swordlord's Challenge,-1,Halran (1-2)
4547,0,2,1,0,3,4,19,55,9,8,9,9,1,10,10.0,0,0.0,2,21,13,Pathfinder Society Quest #14: The Swordlord's Challenge,4,Determined Rhenei (3-4)
4554,0,2,1,0,2,3,13,6,3,2,3,5,1,5,2.5,0,0.0,1,16,8,Pathfinder Society Quest #14: The Swordlord's Challenge,-1,Rhenei (1-2)
4553,4,2,3,0,-1,3,18,32,8,8,6,6,0,9,9.5,0,0.0,0,0,0,Pathfinder Society Quest #14: The Swordlord's Challenge,2,Halran (3-4)
4557,1,4,2,0,3,0,16,32,8,8,11,6,0,9,8.5,0,0.0,0,0,0,Pathfinder Society Quest #14: The Swordlord's Challenge,2,Thisnabel (3-4)
4545,4,2,3,0,-1,3,21,63,11,11,9,9,0,12,14.0,0,0.0,0,0,0,Pathfinder Society Quest #14: The Swordlord's Challenge,4,Determined Halran (3-4)
4556,1,3,2,0,2,0,13,8,5,5,8,3,0,6,3.5,0,0.0,0,0,0,Pathfinder Society Quest #14: The Swordlord's Challenge,-1,Thisnabel (1-2)
4555,0,2,1,0,3,4,16,27,6,5,6,8,1,8,7.5,0,0.0,1,18,10,Pathfinder Society Quest #14: The Swordlord's Challenge,2,Rhenei (3-4)
4449,-5,4,3,0,2,6,26,90,16,17,20,16,1,22,20.0,0,0.0,4,26,16,Pathfinder Society Scenario #4-11: Prisoners of the Electric Castle,8,Elite Animate Dream (PFS 4-11)
4456,4,2,4,6,3,2,26,140,15,18,14,17,1,16,15.0,0,0.0,4,26,18,Pathfinder Society Scenario #4-11: Prisoners of the Electric Castle,8,Urdefhan Blood Mage (PFS 4-11)
4457,5,2,3,1,6,3,30,195,22,19,16,22,1,21,21.5,0,0.0,5,30,22,Pathfinder Society Scenario #4-11: Prisoners of the Electric Castle,10,Urdefhan High Tormentor (PFS 4-11)
4455,7,5,3,0,0,4,30,215,17,21,17,19,0,23,25.0,0,0.0,0,0,0,Pathfinder Society Scenario #4-11: Prisoners of the Electric Castle,10,Transformed Narcela (9-10)
4453,6,3,5,3,5,7,29,170,19,19,17,21,1,22,21.0,0,0.0,7,29,21,Pathfinder Society Scenario #4-11: Prisoners of the Electric Castle,10,Transformed Bremix (9-10)
4454,6,4,3,0,0,3,27,165,17,18,14,16,0,20,20.0,0,0.0,0,0,0,Pathfinder Society Scenario #4-11: Prisoners of the Electric Castle,8,Transformed Narcela (7-8)
4445,6,3,4,6,3,4,30,175,20,21,18,20,0,23,21.0,20,25.0,8,31,21,Pathfinder Society Scenario #4-11: Prisoners of the Electric Castle,10,Coven Grave Hag
4450,6,4,3,4,3,5,25,135,17,15,14,13,1,22,24.0,0,0.0,5,26,18,Pathfinder Society Scenario #4-11: Prisoners of the Electric Castle,9,Elite Palace Skelm (PFS 4-11)
4451,-5,4,3,0,2,6,22,90,12,13,16,12,1,18,16.0,0,0.0,4,24,16,Pathfinder Society Scenario #4-11: Prisoners of the Electric Castle,7,Faded Animate Dream
4448,7,4,5,2,5,3,29,180,20,23,22,19,1,22,26.0,0,0.0,7,26,18,Pathfinder Society Scenario #4-11: Prisoners of the Electric Castle,10,Deimostride (9-10)
4446,4,2,3,4,3,6,26,165,18,16,15,18,0,19,17.5,0,0.0,6,27,17,Pathfinder Society Scenario #4-11: Prisoners of the Electric Castle,8,Coven Winter Hag
4447,6,3,3,1,4,2,26,120,16,17,17,14,1,18,22.5,0,0.0,7,26,18,Pathfinder Society Scenario #4-11: Prisoners of the Electric Castle,7,Deimostride (7-8)
4452,6,4,3,4,3,5,27,155,15,17,16,15,1,20,22.0,0,0.0,5,26,18,Pathfinder Society Scenario #4-11: Prisoners of the Electric Castle,8,Transformed Bremix (7-8)
4442,0,2,1,4,1,1,15,14,4,8,9,10,1,0,0.0,0,0.0,1,17,9,Pathfinder Society Scenario #4-10: Arclord's Abode,1,Fleshwarp Apprentice
4443,3,4,1,1,1,0,16,20,8,4,9,6,0,8,6.5,9,3.5,0,0,0,Pathfinder Society Scenario #4-10: Arclord's Abode,1,Liaskra (1-2)
4444,3,4,1,1,1,0,21,60,14,9,14,10,0,15,10.5,14,7.5,0,0,0,Pathfinder Society Scenario #4-10: Arclord's Abode,4,Liaskra (3-4)
4440,3,5,1,-1,3,2,25,25,10,7,11,9,0,12,8.5,0,0.0,0,0,0,Pathfinder Society Scenario #4-09: Killer in the Golden Mask,3,Weak Cunning Vampire Spawn
4437,3,4,1,6,4,5,27,115,20,15,18,20,1,18,18.0,0,0.0,6,26,18,Pathfinder Society Scenario #4-09: Killer in the Golden Mask,9,Bolger Trusk (7-8)
4436,5,3,2,2,4,4,26,85,19,13,16,19,0,19,14.5,0,0.0,6,24,16,Pathfinder Society Scenario #4-09: Killer in the Golden Mask,7,Bolger Trusk (5-6)
4441,5,3,2,2,4,4,22,50,17,9,12,15,0,17,12.5,0,0.0,6,20,12,Pathfinder Society Scenario #4-09: Killer in the Golden Mask,5,Weak Evasive Vampire Count
4439,5,3,2,2,4,4,24,65,17,11,14,17,0,17,12.5,0,0.0,6,22,14,Pathfinder Society Scenario #4-09: Killer in the Golden Mask,6,Evasive Vampire Count
4438,3,5,1,-1,3,2,22,40,12,9,13,11,0,14,10.5,0,0.0,0,0,0,Pathfinder Society Scenario #4-09: Killer in the Golden Mask,4,Cunning Vampire Spawn
4431,3,1,2,3,0,0,19,30,5,7,9,6,0,10,6.5,0,0.0,0,0,0,Pathfinder Society Scenario #4-08: Battle for Star's Fate,3,Bandit Skullcracker
4433,5,2,3,-1,1,0,18,75,7,14,9,8,0,10,12.5,0,0.0,0,0,0,Pathfinder Society Scenario #4-08: Battle for Star's Fate,4,Bugbear Bully
4432,3,1,2,3,0,0,17,50,5,9,8,5,0,10,6.5,0,0.0,0,0,0,Pathfinder Society Scenario #4-08: Battle for Star's Fate,3,Brinna
4434,4,3,2,-1,1,0,20,44,8,9,10,6,0,12,11.0,0,0.0,0,0,0,Pathfinder Society Scenario #4-08: Battle for Star's Fate,3,Bugbear Slasher
4435,1,5,0,4,2,2,21,78,12,9,15,12,0,13,11.0,0,0.0,0,0,0,Pathfinder Society Scenario #4-08: Battle for Star's Fate,5,Bugbear Trickster
541,10,4,4,6,6,6,40,400,33,31,31,37,0,36,36.0,0,0.0,8,41,33,Pathfinder #186: Ghost King's Rage,19,"Basiri, Wellspring Keeper"
554,5,4,5,3,4,3,39,370,28,30,28,25,0,32,28.5,0,0.0,0,0,0,Pathfinder #186: Ghost King's Rage,16,Rival Corpsekiller
553,10,5,5,8,6,6,29,270,35,30,30,35,0,0,0.0,0,0.0,9,46,38,Pathfinder #186: Ghost King's Rage,19,Necromancer Troop
552,9,6,5,-5,0,-5,40,220,26,27,30,24,0,31,28.5,0,0.0,0,0,0,Pathfinder #186: Ghost King's Rage,16,Mithral Golem
551,6,5,6,7,10,8,40,275,21,31,30,35,2,34,19.5,0,0.0,9,46,38,Pathfinder #186: Ghost King's Rage,19,Matron Uldrula
550,9,6,6,-5,5,-1,36,365,30,30,30,22,0,32,25.5,0,0.0,0,0,0,Pathfinder #186: Ghost King's Rage,16,Kemnebi's Puppet
542,8,4,6,4,6,4,37,345,26,29,23,25,0,30,21.0,0,0.0,0,0,0,Pathfinder #186: Ghost King's Rage,15,Bellator Mortus Soldier
556,4,6,2,1,2,5,40,390,25,28,32,26,0,33,14.5,0,0.0,0,0,0,Pathfinder #186: Ghost King's Rage,17,Ruby
548,10,5,6,5,3,-3,43,355,29,35,32,29,0,36,40.5,31,31.0,5,41,33,Pathfinder #186: Ghost King's Rage,19,Intellect Assemblage
547,4,9,5,6,6,9,41,339,30,27,33,30,0,35,29.5,0,0.0,7,37,29,Pathfinder #186: Ghost King's Rage,18,Ghiono
546,6,2,5,2,4,1,41,390,29,32,25,29,0,33,24.5,27,17.5,0,0,0,Pathfinder #186: Ghost King's Rage,17,Firebrand Bastion
545,8,6,6,2,4,2,37,320,25,25,29,23,0,30,40.0,28,29.5,0,0,0,Pathfinder #186: Ghost King's Rage,15,Ectoplasmic Amalgam
544,9,5,6,3,7,1,38,330,30,29,28,32,0,33,24.0,0,0.0,0,0,0,Pathfinder #186: Ghost King's Rage,17,Drowned Mummy
549,6,8,7,10,10,8,43,350,39,34,35,41,3,39,38.0,0,0.0,9,48,40,Pathfinder #186: Ghost King's Rage,21,Kemnebi
557,9,5,9,6,4,6,41,390,26,32,29,26,1,34,37.0,0,0.0,1,35,27,Pathfinder #186: Ghost King's Rage,17,Seldeg Bheldis
555,1,3,3,5,4,4,36,215,28,25,25,30,2,25,14.5,0,0.0,8,41,33,Pathfinder #186: Ghost King's Rage,16,Rival Necromancer
559,5,4,4,2,3,1,39,255,28,30,28,25,0,32,23.5,31,12.5,0,0,0,Pathfinder #186: Ghost King's Rage,16,Shabti Slayer
569,1,3,3,5,4,4,36,315,28,25,25,30,2,25,14.5,0,0.0,8,41,33,Pathfinder #186: Ghost King's Rage,16,Zombie Rival Necromancer
568,4,6,5,9,9,6,39,245,33,27,28,36,0,33,35.0,0,0.0,8,44,36,Pathfinder #186: Ghost King's Rage,18,Vice-Chancellor Vikroti Stroh
567,8,5,4,4,5,4,37,255,25,25,22,28,1,29,27.5,0,0.0,4,34,26,Pathfinder #186: Ghost King's Rage,14,Vanth Warrior
566,1,3,3,5,4,4,36,175,28,25,25,30,2,25,14.5,0,0.0,8,41,33,Pathfinder #186: Ghost King's Rage,16,Vampire Rival Necromancer
565,9,-3,6,-5,0,-5,29,420,27,33,24,27,0,35,31.5,28,26.0,0,0,0,Pathfinder #186: Ghost King's Rage,18,Soul Slime
564,1,3,3,5,4,4,36,175,28,25,25,30,2,25,14.5,0,0.0,8,41,33,Pathfinder #186: Ghost King's Rage,16,Skeleton Rival Necromancer
558,0,0,0,0,0,0,39,130,0,28,25,22,0,0,0.0,0,0.0,0,0,0,Pathfinder #186: Ghost King's Rage,13,Seldeg's Steed
543,0,5,0,4,5,6,39,315,32,26,29,32,0,33,15.5,0,0.0,5,35,27,Pathfinder #186: Ghost King's Rage,17,Dead Faine
563,5,4,5,3,4,3,39,330,28,30,28,25,0,32,28.5,0,0.0,0,0,0,Pathfinder #186: Ghost King's Rage,16,Skeleton Rival Corpsekiller
562,10,2,9,-4,0,0,45,450,33,36,32,30,0,38,36.5,0,0.0,0,0,0,Pathfinder #186: Ghost King's Rage,20,Shadow Worm
561,8,7,9,-3,5,5,40,315,30,32,30,28,1,33,35.5,0,0.0,9,38,28,Pathfinder #186: Ghost King's Rage,17,Shadow Leydroth
560,0,1,5,4,6,4,40,260,33,31,25,34,2,28,25.5,0,0.0,7,44,36,Pathfinder #186: Ghost King's Rage,18,Shabti Votary
4539,0,4,2,-1,1,-1,16,6,5,4,8,3,0,8,2.5,0,0.0,0,0,0,Pathfinder Bounty #21: Against the Unliving,-1,Denufair
4540,5,4,4,0,2,0,22,90,11,11,13,9,0,14,11.5,0,0.0,0,0,0,Pathfinder Bounty #21: Against the Unliving,5,Dorenea
4541,4,2,2,-4,2,-1,15,22,7,9,7,5,0,9,5.5,0,0.0,0,0,0,Pathfinder Bounty #21: Against the Unliving,1,Pups
4425,2,4,2,1,2,1,22,75,11,9,13,11,0,14,13.0,14,7.5,0,0,0,Pathfinder Society Scenario #4-07: A Most Wondrous Exchange!,5,Bloody Barber Thief
4424,3,2,3,-1,2,0,18,32,8,9,8,6,0,9,8.5,8,8.5,0,0,0,Pathfinder Society Scenario #4-07: A Most Wondrous Exchange!,2,Bloody Barber Ruffian
4427,-5,4,3,0,2,6,22,110,13,14,17,13,1,18,17.0,0,0.0,4,26,16,Pathfinder Society Scenario #4-07: A Most Wondrous Exchange!,7,Dream of Doom
4428,6,1,6,-4,1,-1,26,115,115,18,13,15,0,16,15.0,0,0.0,0,0,0,Pathfinder Society Scenario #4-07: A Most Wondrous Exchange!,7,Elite Cave Bear (PFS 4-07)
4429,6,2,4,3,3,5,25,105,16,17,15,12,1,17,15.0,0,0.0,4,25,17,Pathfinder Society Scenario #4-07: A Most Wondrous Exchange!,7,Greater Barghest (PFS 4-07)
4426,3,4,1,-5,0,-5,22,65,8,9,13,6,0,12,12.0,0,0.0,0,0,0,Pathfinder Society Scenario #4-07: A Most Wondrous Exchange!,4,Dig-Widget (PFS 4-07)
4423,4,4,2,2,-1,4,26,104,14,13,17,10,0,18,13.5,18,11.5,0,0,0,Pathfinder Society Scenario #4-07: A Most Wondrous Exchange!,7,Bloody Barber Gang Leader
4430,2,2,0,4,2,4,19,56,11,9,9,13,1,11,6.5,0,0.0,3,22,12,Pathfinder Society Scenario #4-07: A Most Wondrous Exchange!,5,Larcius
4421,7,-5,7,-5,0,-5,14,165,9,18,6,11,0,18,23.0,0,0.0,0,0,0,Pathfinder Society Scenario #4-06: Signal from the Electric Laboratory,7,Stabilized Black Pudding
4414,4,4,6,-5,0,-5,22,115,12,16,14,12,0,16,17.0,16,13.0,3,25,17,Pathfinder Society Scenario #4-06: Signal from the Electric Laboratory,7,Depleted Roiling Incant
4415,2,5,1,-1,2,5,25,105,15,12,18,15,0,18,9.5,0,0.0,0,0,0,Pathfinder Society Scenario #4-06: Signal from the Electric Laboratory,7,Harpy Forager
4416,2,6,2,0,3,6,28,140,18,15,21,18,0,22,13.0,0,0.0,0,0,0,Pathfinder Society Scenario #4-06: Signal from the Electric Laboratory,9,Harpy Wailer
4417,4,2,4,-2,2,0,22,55,11,15,11,9,0,15,15.0,13,13.0,0,0,0,Pathfinder Society Scenario #4-06: Signal from the Electric Laboratory,5,Infested Clockwork Heap
4418,7,2,4,-5,4,-5,27,115,18,18,16,14,0,21,18.0,0,0.0,0,0,0,Pathfinder Society Scenario #4-06: Signal from the Electric Laboratory,8,Infested Clockwork Vessel
4419,6,4,5,-2,3,3,25,95,14,18,15,12,0,18,19.0,16,13.5,0,0,0,Pathfinder Society Scenario #4-06: Signal from the Electric Laboratory,7,Possessed Clockwork Heap
4420,6,3,5,-5,5,-5,30,150,21,21,19,17,0,23,25.5,0,0.0,0,0,0,Pathfinder Society Scenario #4-06: Signal from the Electric Laboratory,10,Possessed Clockwork Vessel
4422,4,-5,6,-5,0,-5,12,150,7,15,4,7,0,15,16.5,0,0.0,0,0,0,Pathfinder Society Scenario #4-06: Signal from the Electric Laboratory,5,Stabilized Ochre Jelly
1623,10,8,7,6,8,6,46,500,41,38,35,33,0,39,47.0,37,48.0,6,41,33,Pathfinder Lost Omens Impossible Lands,21,Benthic Reaver
1637,4,1,4,-3,1,1,19,40,8,13,6,8,0,12,9.5,0,0.0,0,0,0,Pathfinder Lost Omens Impossible Lands,3,Ugvashi
1636,5,2,2,0,1,4,24,75,11,17,11,11,0,17,15.0,0,0.0,0,0,0,Pathfinder Lost Omens Impossible Lands,6,Stone Sister
1624,7,8,6,-5,4,-5,38,250,25,27,29,23,0,28,31.5,29,39.0,0,0,0,Pathfinder Lost Omens Impossible Lands,15,Clockwork Cannoneer
1634,2,4,1,-5,0,-5,16,20,7,6,9,5,0,9,5.5,0,0.0,0,0,0,Pathfinder Lost Omens Impossible Lands,1,Skinskitter
1625,7,3,4,-4,4,3,29,210,20,20,20,16,0,23,22.0,0,0.0,0,0,0,Pathfinder Lost Omens Impossible Lands,10,Cursed King
1635,6,2,1,4,4,2,25,100,15,12,15,17,0,18,17.0,0,0.0,0,0,0,Pathfinder Lost Omens Impossible Lands,7,Spellscar Fext
1627,10,6,9,-5,5,-5,42,300,29,35,28,27,0,35,36.0,33,34.0,0,0,0,Pathfinder Lost Omens Impossible Lands,18,Fleshforged Dreadnought
1628,8,3,6,-5,2,-5,29,400,22,28,21,24,0,29,33.5,26,34.0,0,0,0,Pathfinder Lost Omens Impossible Lands,14,Gunpowder Ooze
1629,-1,2,1,4,3,2,19,35,10,8,9,10,0,0,0.0,9,7.5,0,0,0,Pathfinder Lost Omens Impossible Lands,3,Kasesh (Stone)
1630,0,2,0,2,3,4,20,50,13,8,10,13,0,10,4.5,0,0.0,2,21,13,Pathfinder Lost Omens Impossible Lands,4,Kashrishi Evaluator
1631,6,3,4,2,2,3,26,195,17,21,18,15,0,22,21.0,18,13.5,0,0,0,Pathfinder Lost Omens Impossible Lands,9,Mutant Gnoll Hulk
1632,10,8,7,-5,8,-5,47,325,36,35,32,32,0,39,31.5,36,18.0,0,0,0,Pathfinder Lost Omens Impossible Lands,20,Quantium Golem
1633,1,3,0,3,1,2,18,30,7,6,11,7,0,11,7.5,11,6.5,0,0,0,Pathfinder Lost Omens Impossible Lands,2,Ratajin Mastermind
1626,0,6,3,3,3,3,26,145,19,17,18,13,0,20,18.5,0,0.0,2,25,17,Pathfinder Lost Omens Impossible Lands,8,Fleshforged Conformer
531,9,7,8,5,7,5,41,405,25,27,33,30,1,36,23.5,34,26.5,3,40,32,Pathfinder #185: A Taste of Ashes,18,Graelar the Whisper
526,8,3,8,3,7,4,36,340,29,29,23,26,1,31,34.5,28,31.5,3,36,28,Pathfinder #185: A Taste of Ashes,15,Agorron Guard
527,2,6,5,9,6,5,38,280,28,25,26,28,0,30,11.5,0,0.0,8,38,30,Pathfinder #185: A Taste of Ashes,16,Facetbound Cascader
528,8,4,6,4,2,4,38,305,25,26,22,24,0,30,21.0,0,0.0,2,34,26,Pathfinder #185: A Taste of Ashes,15,Facetbound Nullifier
529,5,9,2,7,6,9,40,285,34,25,34,29,0,33,32.5,0,0.0,9,38,30,Pathfinder #185: A Taste of Ashes,17,Ghiasi
530,4,8,1,6,5,8,36,230,30,21,30,25,0,29,24.5,0,0.0,5,34,26,Pathfinder #185: A Taste of Ashes,14,Ghiasi's Double
532,8,5,8,10,8,6,42,330,35,33,29,35,1,34,23.5,34,29.5,10,41,33,Pathfinder #185: A Taste of Ashes,19,Kelganth
525,7,5,4,-5,4,-2,32,250,22,22,25,18,0,26,26.5,0,0.0,0,0,0,Pathfinder #185: A Taste of Ashes,12,Afziaka Stalker
533,7,8,5,-4,4,0,32,295,23,23,26,20,0,27,26.5,0,0.0,0,0,0,Pathfinder #185: A Taste of Ashes,13,Necrohulk Flailer
535,9,6,6,5,5,7,42,335,31,32,30,29,0,36,36.0,32,30.5,0,0,0,Pathfinder #185: A Taste of Ashes,18,Pokmit Bloody-Pike
536,6,3,6,3,7,9,39,390,32,29,26,32,1,31,23.0,28,25.5,9,38,30,Pathfinder #185: A Taste of Ashes,17,Sorvinaesen
537,9,4,9,4,7,5,39,360,31,32,27,30,0,34,33.5,32,27.5,0,0,0,Pathfinder #185: A Taste of Ashes,17,Tenebric Giant
538,-5,4,6,2,5,9,36,260,32,28,25,30,0,30,31.5,28,37.5,0,0,0,Pathfinder #185: A Taste of Ashes,16,Theater Phantasm
539,9,7,10,8,7,8,45,450,36,38,32,35,0,38,41.0,37,39.0,7,44,36,Pathfinder #185: A Taste of Ashes,21,Umbraex
540,9,5,6,5,6,5,41,345,33,31,29,31,1,34,38.5,0,0.0,6,39,31,Pathfinder #185: A Taste of Ashes,18,Urbulinex
534,9,4,6,-4,4,4,36,345,25,29,23,26,0,30,37.0,25,37.0,0,0,0,Pathfinder #185: A Taste of Ashes,15,Necrohulk Smasher
524,6,2,4,-5,2,-3,23,120,12,16,14,12,0,17,16.0,0,0.0,0,0,0,Pathfinder #185: A Taste of Ashes,6,Afziaka Brute
678,5,3,4,-4,4,-2,22,72,15,15,12,11,0,14,12.0,0,0.0,0,0,0,Pathfinder Adventure: Crown of the Kobold King,5,Albino Giant Bat
691,5,2,4,2,4,4,21,105,15,15,13,17,0,18,16.5,0,0.0,4,25,17,Pathfinder Adventure: Crown of the Kobold King,7,Id Ooze
679,-5,4,0,-2,2,3,20,40,10,8,14,12,0,15,10.0,0,0.0,0,0,0,Pathfinder Adventure: Crown of the Kobold King,4,Ashen Guardian
692,0,3,2,1,1,4,21,60,9,10,13,9,1,10,5.0,0,0.0,2,21,13,Pathfinder Adventure: Crown of the Kobold King,4,Jekkajak
680,4,0,2,-2,4,2,23,110,16,14,10,16,0,16,14.0,0,0.0,0,0,0,Pathfinder Adventure: Crown of the Kobold King,6,Cilios
682,1,2,2,-4,1,0,15,20,6,7,7,4,0,7,5.5,0,0.0,0,0,0,Pathfinder Adventure: Crown of the Kobold King,1,Darkmantle
690,5,4,2,0,4,2,21,80,13,9,15,13,0,14,12.0,0,0.0,0,0,0,Pathfinder Adventure: Crown of the Kobold King,5,Hymmir Urath
689,1,4,2,4,1,0,18,30,7,10,8,5,0,10,5.5,0,0.0,0,0,0,Pathfinder Adventure: Crown of the Kobold King,2,Gurtlekep
688,-5,4,0,2,3,2,22,75,13,10,16,13,0,16,15.0,0,0.0,0,0,0,Pathfinder Adventure: Crown of the Kobold King,6,Grimbal
687,4,3,2,-3,3,-2,20,35,8,7,10,10,0,11,10.5,0,0.0,0,0,0,Pathfinder Adventure: Crown of the Kobold King,3,Grick
686,1,3,1,0,1,2,16,10,9,5,7,3,0,3,3.5,5,3.5,0,0,0,Pathfinder Adventure: Crown of the Kobold King,-1,Foolish Hunter
685,-1,3,2,1,1,4,17,32,7,8,8,5,2,7,1.5,0,0.0,1,18,10,Pathfinder Adventure: Crown of the Kobold King,2,Edgrin Galesong
703,0,4,2,-3,2,0,18,28,8,6,10,8,0,10,8.0,0,0.0,0,0,0,Pathfinder Adventure: Crown of the Kobold King,2,Vargouille
693,1,4,2,0,3,1,21,60,11,10,12,9,0,9,6.5,9,7.5,0,0,0,Pathfinder Adventure: Crown of the Kobold King,4,Kapmek
681,1,4,3,0,2,0,19,26,8,9,10,6,0,10,5.5,0,0.0,0,0,0,Pathfinder Adventure: Crown of the Kobold King,2,Dark Talon Kobold
694,-1,2,1,4,0,3,15,20,5,6,7,5,0,7,1.5,0,0.0,1,17,9,Pathfinder Adventure: Crown of the Kobold King,1,Kerrdremak
697,4,0,3,0,1,2,16,56,8,10,7,8,0,11,11.5,0,0.0,0,0,0,Pathfinder Adventure: Crown of the Kobold King,3,Lekmek
698,0,3,3,0,4,2,22,75,13,14,10,13,0,12,4.5,0,0.0,3,22,14,Pathfinder Adventure: Crown of the Kobold King,5,Narlynark
699,5,0,2,-5,0,-5,23,145,13,15,11,13,0,18,20.5,0,0.0,0,0,0,Pathfinder Adventure: Crown of the Kobold King,7,Tallow Guardian
700,6,3,4,-2,4,2,22,130,15,17,14,15,0,17,16.0,0,0.0,0,0,0,Pathfinder Adventure: Crown of the Kobold King,7,The Disciples
701,3,1,2,-2,1,0,17,45,7,8,7,5,0,9,11.0,0,0.0,0,0,0,Pathfinder Adventure: Crown of the Kobold King,2,Thoqqua
702,2,-2,4,-5,0,-5,17,20,4,8,4,6,0,8,7.5,0,0.0,0,0,0,Pathfinder Adventure: Crown of the Kobold King,2,Ulizmila's Cauldron
684,2,4,2,6,4,2,23,115,16,13,15,17,0,15,11.0,0,0.0,4,25,17,Pathfinder Adventure: Crown of the Kobold King,8,Drazmorg The Damned
683,5,2,4,-5,0,-5,22,56,11,13,11,9,0,14,12.0,0,0.0,0,0,0,Pathfinder Adventure: Crown of the Kobold King,5,Dismemberment Table
696,4,6,4,2,4,6,26,140,16,14,18,16,0,19,16.0,0,0.0,4,26,18,Pathfinder Adventure: Crown of the Kobold King,8,King Merlokrep
695,6,2,4,0,4,4,26,135,16,18,14,16,2,19,16.0,0,0.0,4,20,10,Pathfinder Adventure: Crown of the Kobold King,8,Kieragan Skross
704,1,4,2,0,1,2,17,30,7,8,10,5,0,11,5.5,0,0.0,0,0,0,Pathfinder Adventure: Crown of the Kobold King,2,Ygrik
516,5,7,4,-3,4,-3,31,250,25,19,25,19,0,24,25.5,26,30.5,0,0,0,Pathfinder #184: The Ghouls Hunger,12,Rotbomber
507,8,6,4,3,8,4,37,270,29,25,27,29,0,29,29.5,0,0.0,0,0,0,Pathfinder #184: The Ghouls Hunger,15,Ancient Skaveling
508,5,8,2,5,5,4,33,210,23,20,26,23,0,26,31.5,0,0.0,8,33,25,Pathfinder #184: The Ghouls Hunger,13,Bloodshroud
509,6,4,6,1,4,4,29,155,15,21,15,18,1,19,24.0,19,20.0,1,25,17,Pathfinder #184: The Ghouls Hunger,9,Ghoul Antipaladin
510,1,3,1,5,3,7,28,190,18,18,21,24,0,19,19.0,0,0.0,6,34,26,Pathfinder #184: The Ghouls Hunger,11,Ghoul Gnawer
511,6,7,2,5,4,5,34,230,25,20,26,23,0,27,22.5,27,17.0,0,0,0,Pathfinder #184: The Ghouls Hunger,13,Ghoul Razorclaw
512,4,7,4,5,4,7,34,200,23,22,24,25,2,27,22.5,0,0.0,7,33,25,Pathfinder #184: The Ghouls Hunger,13,Harmony In Agony
513,8,4,5,6,4,5,37,240,27,27,25,29,3,31,26.5,0,0.0,8,36,28,Pathfinder #184: The Ghouls Hunger,15,Hyrune Loxenna
514,6,4,6,-2,3,3,31,180,20,23,21,20,1,23,27.5,0,0.0,7,31,21,Pathfinder #184: The Ghouls Hunger,11,Nydazuul
515,-5,7,0,-1,3,5,29,130,20,16,19,18,0,23,21.0,0,0.0,5,29,21,Pathfinder #184: The Ghouls Hunger,10,Pyrogeist
517,0,4,2,3,2,5,31,190,17,19,21,19,2,22,15.0,0,0.0,6,30,22,Pathfinder #184: The Ghouls Hunger,11,Rumin Purgo
518,7,5,7,-5,0,-5,31,195,17,20,20,17,0,24,23.5,0,0.0,0,0,0,Pathfinder #184: The Ghouls Hunger,11,Solar Glass Golem
519,8,3,7,-4,3,0,29,220,17,22,16,16,0,23,21.0,0,0.0,0,0,0,Pathfinder #184: The Ghouls Hunger,10,Straugh
521,5,3,2,2,5,3,29,132,21,17,19,21,0,22,18.0,20,18.0,6,26,18,Pathfinder #184: The Ghouls Hunger,10,Vampire Guardian
520,8,5,8,-5,2,-5,37,255,25,28,25,22,0,29,34.5,0,0.0,0,0,0,Pathfinder #184: The Ghouls Hunger,14,Terrorguard
523,4,6,5,4,8,6,36,240,29,24,25,28,2,27,26.5,0,0.0,7,34,26,Pathfinder #184: The Ghouls Hunger,14,Yurgak
522,7,5,4,7,5,4,33,210,23,21,24,24,0,27,22.0,0,0.0,6,29,21,Pathfinder #184: The Ghouls Hunger,13,Weeping Jack
4413,4,1,1,3,3,-2,18,42,9,12,6,9,1,11,9.5,0,0.0,2,20,12,Pathfinder Society Scenario #4-05: The Arclord who Never Was,3,Vrisk
4411,4,1,1,3,3,-2,18,34,7,10,4,7,1,9,5.5,0,0.0,2,18,10,Pathfinder Society Scenario #4-05: The Arclord who Never Was,2,Overtaxed Vrisk
4410,2,4,3,0,-1,1,19,30,5,7,10,3,1,10,5.5,10,3.5,0,17,9,Pathfinder Society Scenario #4-05: The Arclord who Never Was,2,Dero Stalker (PFS 4-05)
4409,0,3,0,2,1,4,18,40,6,5,8,10,1,10,5.5,0,0.0,2,19,10,Pathfinder Society Scenario #4-05: The Arclord who Never Was,3,Charlatan (PFS 4-05)
4408,2,0,4,-5,0,-5,15,20,5,7,5,3,0,8,5.5,0,0.0,0,0,0,Pathfinder Society Scenario #4-05: The Arclord who Never Was,1,Animated Leather Armor
4412,0,3,2,1,2,1,16,21,5,7,8,5,0,8,4.5,0,0.0,0,0,0,Pathfinder Society Scenario #4-05: The Arclord who Never Was,1,Skulk Raider
4401,4,3,2,-1,1,0,20,60,10,9,10,6,0,13,9.5,0,0.0,0,0,0,Pathfinder Society Scenario #4-04: To Seek the Heart of Calamity,4,Bugbear Raider
4402,4,2,4,2,0,1,16,20,6,10,4,7,0,7,5.5,6,0.0,0,0,0,Pathfinder Society Scenario #4-04: To Seek the Heart of Calamity,1,Damaged Automaton
4403,4,-1,4,-4,2,-1,17,24,6,10,5,8,0,10,10.5,0,0.0,0,0,0,Pathfinder Society Scenario #4-04: To Seek the Heart of Calamity,2,Living Boulder (PFS 4-04)
4405,4,2,4,2,0,1,19,20,8,12,6,9,0,10,10.5,9,10.0,0,0,0,Pathfinder Society Scenario #4-04: To Seek the Heart of Calamity,3,Patched Up Automaton
4406,0,2,1,1,2,5,22,59,10,9,11,15,2,10,7.5,13,12.0,3,22,14,Pathfinder Society Scenario #4-04: To Seek the Heart of Calamity,5,Sounrel (3-4)
4407,0,3,1,1,2,5,25,90,13,12,14,18,2,12,9.5,16,14.0,4,25,17,Pathfinder Society Scenario #4-04: To Seek the Heart of Calamity,7,Sounrel (5-6)
4404,4,3,4,-5,2,-4,22,75,12,15,12,10,0,14,12.5,0,0.0,0,0,0,Pathfinder Society Scenario #4-04: To Seek the Heart of Calamity,5,Mutated Scorpion
491,0,3,0,4,3,5,27,127,19,16,19,19,3,22,16.0,0,0.0,5,29,21,Pathfinder #183: Field of Maidens,10,Lasheeli
488,5,-1,4,-5,0,-2,20,130,9,15,9,11,0,15,16.0,0,0.0,0,0,0,Pathfinder #183: Field of Maidens,5,Hollow Husk
490,4,7,2,2,5,4,32,235,23,18,23,21,0,26,13.0,0,0.0,6,32,24,Pathfinder #183: Field of Maidens,12,Kerinza
489,5,2,6,-4,1,0,24,145,15,19,15,12,0,18,20.0,0,0.0,0,0,0,Pathfinder #183: Field of Maidens,7,Hungering Growth
487,7,4,5,4,5,3,32,250,23,22,21,24,0,25,24.0,0,0.0,6,32,24,Pathfinder #183: Field of Maidens,12,Guloval
495,0,7,5,2,4,0,30,205,19,19,22,16,0,23,15.0,0,0.0,5,28,20,Pathfinder #183: Field of Maidens,10,Prince Doriel
485,4,6,3,0,3,1,28,155,15,18,20,16,0,21,15.0,0,0.0,0,0,0,Pathfinder #183: Field of Maidens,9,Ghast Outlaw
484,7,2,6,-4,2,-2,30,120,16,20,16,14,0,21,19.0,0,0.0,0,0,0,Pathfinder #183: Field of Maidens,8,Bulette
483,4,6,4,-5,0,-5,28,120,13,16,18,12,0,15,18.0,15,15.0,0,0,0,Pathfinder #183: Field of Maidens,8,Animated Tea Cart
492,2,4,2,1,4,0,25,115,17,15,18,12,0,18,11.5,18,17.0,0,0,0,Pathfinder #183: Field of Maidens,7,Nwanyian Archer
486,5,3,3,0,0,4,29,175,19,21,19,16,2,23,18.0,26,15.5,5,29,21,Pathfinder #183: Field of Maidens,10,"Grace ""The Rhino"" Owano"
493,4,1,3,0,3,0,22,80,12,15,9,12,0,15,13.5,11,7.5,0,0,0,Pathfinder #183: Field of Maidens,5,Nwanyian Defender
503,6,9,6,5,6,3,41,230,28,26,31,28,0,30,37.0,33,19.0,8,37,29,Pathfinder #183: Field of Maidens,16,Wheel Archon
496,0,7,5,2,4,0,30,205,19,19,22,16,0,23,15.0,0,0.0,5,28,20,Pathfinder #183: Field of Maidens,10,Princess Kerinza
497,0,7,5,2,4,0,30,205,19,19,22,16,0,23,15.0,0,0.0,5,28,20,Pathfinder #183: Field of Maidens,10,Restored Doll
498,6,-1,6,-5,0,-5,26,120,13,17,10,9,0,19,19.0,12,16.0,0,0,0,Pathfinder #183: Field of Maidens,7,Shadowbound Monk Statue
499,7,5,3,-5,0,-5,29,170,18,19,21,14,0,23,23.5,0,0.0,0,0,0,Pathfinder #183: Field of Maidens,10,Shadowforged Guardian
500,5,2,4,-4,0,-2,22,120,14,16,14,12,0,17,17.0,0,0.0,0,0,0,Pathfinder #183: Field of Maidens,6,Shimmernewt
501,6,4,3,-5,0,0,28,110,5,17,16,14,0,20,17.0,0,0.0,0,0,0,Pathfinder #183: Field of Maidens,8,Skeletal Knight
502,7,5,4,3,3,5,33,180,23,25,19,22,0,26,31.5,0,0.0,6,30,22,Pathfinder #183: Field of Maidens,12,Vampire Taviah
504,3,5,3,2,4,7,26,109,17,14,18,19,0,16,18.5,0,0.0,4,25,17,Pathfinder #183: Field of Maidens,8,Yshula
505,5,5,1,7,3,3,30,195,21,21,23,19,0,23,20.5,0,0.0,6,33,25,Pathfinder #183: Field of Maidens,11,Yulthruk
506,4,2,2,0,3,1,22,120,15,14,12,15,0,17,11.5,17,7.5,0,0,0,Pathfinder #183: Field of Maidens,6,Zuntishan Guard
494,0,7,5,2,4,0,30,205,19,19,22,16,0,23,15.0,0,0.0,5,28,20,Pathfinder #183: Field of Maidens,10,Prachalla
1342,6,4,4,1,4,3,45,324,38,32,35,38,2,37,36.0,0,0.0,9,44,38,Pathfinder Kingmaker,20,The Knurly Witch
1333,0,3,3,1,0,2,15,20,5,6,8,5,0,6,3.5,0,0.0,0,0,0,Pathfinder Kingmaker,1,Svetlana
1331,2,3,2,0,0,0,15,16,4,6,7,4,0,6,5.5,7,5.5,0,0,0,Pathfinder Kingmaker,0,Stag Lord Bandit
1334,8,5,7,-4,4,0,33,220,22,25,23,20,0,26,21.0,0,0.0,0,0,0,Pathfinder Kingmaker,12,Talon Peak Roc
1332,9,1,6,0,6,0,37,370,28,28,25,30,1,33,31.5,0,0.0,6,30,22,Pathfinder Kingmaker,16,Storm-Struck Arboreal
1335,0,3,1,2,1,4,19,65,9,9,11,11,2,15,4.5,0,0.0,2,20,12,Pathfinder Kingmaker,4,Tartuccio
1341,8,6,6,4,6,8,42,350,35,32,30,30,1,34,35.5,34,30.0,5,37,29,Pathfinder Kingmaker,18,The Horned Hunter
1337,7,3,6,-4,4,3,28,120,19,21,16,19,0,21,23.0,0,0.0,0,0,0,Pathfinder Kingmaker,9,The Beast
1338,4,6,3,3,3,6,28,135,16,12,17,14,1,20,17.5,0,0.0,4,26,18,Pathfinder Kingmaker,8,The Dancing Lady
1339,3,2,2,1,5,4,34,240,24,24,20,26,0,25,28.5,0,0.0,7,34,24,Pathfinder Kingmaker,13,The First Faithful
1340,-5,6,3,6,2,9,36,220,24,27,30,26,0,27,21.0,0,0.0,6,34,28,Pathfinder Kingmaker,16,The Gardener
1330,-5,6,0,2,5,2,28,65,18,12,18,16,0,19,15.0,0,0.0,4,25,17,Pathfinder Kingmaker,7,Spirit of Stisshak
1336,4,2,4,0,2,2,24,155,18,20,16,18,0,18,12.5,0,0.0,0,0,0,Pathfinder Kingmaker,9,Terrion Numesti
1329,4,4,1,-1,2,1,28,99,18,18,16,16,0,20,23.5,18,14.5,0,0,0,Pathfinder Kingmaker,8,Skeletal Tiger Lord
1317,1,4,3,0,3,1,21,85,12,11,14,17,0,13,7.5,0,0.0,0,0,0,Pathfinder Kingmaker,5,Prazil
1327,4,2,4,1,0,3,28,160,15,21,17,15,0,20,22.5,18,17.0,0,0,0,Pathfinder Kingmaker,9,Sir Fredero Sinnet
1326,6,1,5,-2,2,-1,22,120,12,17,11,14,0,17,17.0,0,0.0,0,0,0,Pathfinder Kingmaker,6,Shambler
1325,4,3,4,0,5,4,31,200,22,21,18,24,2,22,18.5,0,0.0,6,30,22,Pathfinder Kingmaker,11,Sepoko
1324,0,3,1,1,4,3,22,75,15,10,12,15,1,15,8.5,0,0.0,3,23,13,Pathfinder Kingmaker,6,Satinder Morne
1323,7,5,6,-4,6,0,31,195,21,23,18,21,0,24,23.5,0,0.0,0,0,0,Pathfinder Kingmaker,11,River Elasmosaurus
1322,8,6,10,8,6,10,48,470,38,38,34,34,0,41,50.0,0,0.0,10,45,37,Pathfinder Kingmaker,21,Risen Fetch
1321,0,6,2,4,2,4,27,70,15,13,17,15,1,18,6.5,0,0.0,2,20,12,Pathfinder Kingmaker,7,Rigg Gargadilly
1320,9,6,9,-3,6,-2,39,330,28,32,27,29,0,34,34.5,0,0.0,0,0,0,Pathfinder Kingmaker,17,Rezatha
1319,0,4,2,2,3,5,32,145,20,19,23,20,2,23,9.0,0,0.0,6,30,22,Pathfinder Kingmaker,11,Quintessa Maray
1193,5,2,4,2,6,4,25,120,17,15,13,17,0,17,11.5,0,0.0,4,25,17,Pathfinder Kingmaker,7,Aecora Silverfire
1194,6,4,4,1,3,4,28,155,19,17,21,19,1,16,11.5,21,19.0,4,25,15,Pathfinder Kingmaker,9,Agai
1195,4,1,3,0,0,2,18,53,10,11,8,7,0,12,10.5,8,6.5,0,0,0,Pathfinder Kingmaker,3,Akiros Ismort
1196,7,3,5,-3,5,0,29,195,21,21,17,19,0,23,20.0,0,0.0,0,0,0,Pathfinder Kingmaker,10,Akuzhail
1343,6,2,6,2,4,3,23,106,14,15,13,14,0,18,11.5,0,0.0,0,0,0,Pathfinder Kingmaker,6,The Lonely Warrior
1328,2,2,4,1,5,2,31,250,23,22,20,25,0,24,14.5,0,0.0,6,36,26,Pathfinder Kingmaker,12,Sister of the Bloodshot Eye
1344,9,4,8,0,3,6,40,430,31,36,27,27,0,35,30.5,0,0.0,0,0,0,Pathfinder Kingmaker,18,The Misbegotten Troll
1373,-5,3,2,5,2,4,28,150,19,19,20,19,0,21,23.0,0,0.0,0,0,0,Pathfinder Kingmaker,11,Xae
1346,5,9,5,10,6,8,47,325,35,34,39,35,1,36,39.0,0,0.0,10,44,36,Pathfinder Kingmaker,21,The Wriggling Man
1318,10,6,6,-4,6,6,44,395,33,35,33,31,0,37,28.0,33,28.0,0,0,0,Pathfinder Kingmaker,19,Primal Bandersnatch
1374,7,4,5,0,7,4,32,220,25,23,20,25,0,32,18.5,0,0.0,6,36,26,Pathfinder Kingmaker,12,Zorek
1197,8,6,5,0,6,5,36,245,26,23,28,26,0,0,0.0,0,0.0,0,0,0,Pathfinder Kingmaker,14,Alasen
1372,9,5,6,-2,5,4,41,380,32,32,30,30,0,35,33.5,0,0.0,0,0,0,Pathfinder Kingmaker,18,Winged Owlbear
1371,6,1,6,2,3,2,27,138,16,18,15,16,0,20,20.0,0,0.0,0,0,0,Pathfinder Kingmaker,8,Windchaser
1370,9,6,6,5,8,6,42,380,30,28,30,34,0,35,34.5,34,0.0,8,40,32,Pathfinder Kingmaker,18,Wild Hunt Scout
1369,10,6,7,6,7,10,46,450,35,33,32,35,0,38,38.0,0,0.0,10,40,32,Pathfinder Kingmaker,20,Wild Hunt Monarch
1368,7,4,5,1,5,4,36,300,29,27,24,25,0,29,27.5,0,0.0,6,34,26,Pathfinder Kingmaker,14,Wild Hunt Hound
1367,8,4,6,-1,6,4,37,320,29,27,23,29,0,30,32.0,0,0.0,6,36,28,Pathfinder Kingmaker,15,Wild Hunt Horse
1366,6,8,6,3,6,6,39,340,30,26,32,28,0,30,31.5,32,29.0,8,37,29,Pathfinder Kingmaker,16,Wild Hunt Archer
1365,5,9,6,5,6,7,42,280,31,29,34,29,0,35,25.5,0,0.0,8,38,30,Pathfinder Kingmaker,17,Whimwyrm
1364,6,10,7,8,6,10,47,374,35,36,39,33,0,39,37.0,0,0.0,10,44,36,Pathfinder Kingmaker,21,Werendegar
1363,5,4,5,7,5,5,33,200,23,23,20,25,0,24,18.0,0,0.0,8,35,27,Pathfinder Kingmaker,12,Vordakai
1345,3,4,3,0,-1,3,23,110,16,15,16,9,0,15,9.5,17,9.5,0,0,0,Pathfinder Kingmaker,6,The Stag Lord
1362,4,2,2,0,0,2,18,48,7,11,9,7,0,11,10.5,0,0.0,0,0,0,Pathfinder Kingmaker,3,Volodmyra
1360,5,2,4,0,4,3,35,350,27,27,23,27,0,30,26.0,0,0.0,0,0,0,Pathfinder Kingmaker,15,Villamor Koth
1359,10,7,6,6,6,8,44,375,35,31,36,33,0,36,34.0,0,0.0,7,41,33,Pathfinder Kingmaker,19,Vilderavn Herald
1357,7,5,5,3,5,5,31,220,22,22,20,22,1,25,27.5,0,0.0,8,30,22,Pathfinder Kingmaker,11,Tulvak
1356,8,4,8,0,6,4,35,340,27,29,23,27,0,31,34.0,0,0.0,0,0,0,Pathfinder Kingmaker,15,Troll Guard
1355,9,5,6,0,6,0,41,400,30,17,8,9,0,35,39.5,0,0.0,0,0,0,Pathfinder Kingmaker,18,Tree that Weeps
1354,6,4,4,-5,2,-4,23,70,13,15,13,9,0,15,17.0,0,0.0,0,0,0,Pathfinder Kingmaker,5,Trapdoor Ogre Spider
1353,4,2,2,0,4,2,26,160,18,16,14,18,0,21,11.5,0,0.0,0,0,0,Pathfinder Kingmaker,8,Tiger Lord
1352,7,2,5,-2,4,0,33,250,20,24,19,22,0,27,29.5,23,22.0,0,0,0,Pathfinder Kingmaker,12,Tiger Lord Hill Giant (TL2)
1351,3,2,2,-4,2,0,16,16,4,6,8,4,0,7,5.5,0,0.0,0,0,0,Pathfinder Kingmaker,0,Thylacine
1350,0,4,1,2,6,5,41,315,31,27,29,33,2,31,13.5,0,0.0,9,38,30,Pathfinder Kingmaker,17,Thresholder Mystic
1349,2,5,3,5,3,1,39,290,29,28,30,26,0,31,15.5,31,14.5,0,0,0,Pathfinder Kingmaker,16,Thresholder Hermeticist
1348,5,5,2,0,4,2,36,255,26,23,28,25,0,29,34.5,0,0.0,0,0,0,Pathfinder Kingmaker,14,Thresholder Disciple
1347,1,2,1,0,0,0,14,8,2,5,6,2,0,6,2.5,6,3.5,0,0,0,Pathfinder Kingmaker,-1,Thorn River Bandit
1361,4,4,3,3,6,4,26,135,18,13,16,18,0,19,14.0,0,0.0,4,23,15,Pathfinder Kingmaker,8,Virthad
1198,4,4,2,1,4,0,25,115,17,15,17,15,0,18,13.5,18,12.5,0,0,0,Pathfinder Kingmaker,7,Aldori Sister
1358,-2,5,7,-5,5,-4,32,155,23,25,23,19,0,0,0.0,0,0.0,0,0,0,Pathfinder Kingmaker,12,Vicious Army Ant Swarm
1200,-5,7,0,4,6,4,33,130,22,16,23,20,0,23,23.0,0,0.0,0,0,0,Pathfinder Kingmaker,10,Ancient Wisp
1286,10,6,7,2,7,6,47,430,36,38,33,36,1,38,36.0,38,35.0,6,44,36,Pathfinder Kingmaker,21,Lesser Jabberwock
1285,5,6,5,9,5,6,42,240,31,27,30,33,1,34,34.0,0,0.0,9,40,34,Pathfinder Kingmaker,18,Leng Envoy
1284,4,2,2,0,4,0,25,140,15,16,13,17,0,0,0.0,0,0.0,0,0,0,Pathfinder Kingmaker,7,Kundal
1283,3,2,1,0,1,2,15,22,6,8,7,6,0,8,6.5,0,0.0,0,0,0,Pathfinder Kingmaker,1,Kressle
1282,8,5,4,2,5,4,39,295,29,30,27,27,0,30,40.0,0,0.0,0,0,0,Pathfinder Kingmaker,16,Korog
1281,9,5,6,1,5,6,39,295,27,30,27,27,0,33,36.5,29,21.5,0,0,0,Pathfinder Kingmaker,16,Kob Moleg
1280,5,3,2,2,2,5,23,115,12,15,15,12,0,18,19.0,0,0.0,0,0,0,Pathfinder Kingmaker,6,King Vesket
1279,1,4,3,0,3,1,21,85,12,11,14,17,0,11,5.5,0,0.0,3,22,14,Pathfinder Kingmaker,5,Kereek
1278,8,5,4,2,5,4,37,255,27,24,25,27,0,30,33.0,0,0.0,0,0,0,Pathfinder Kingmaker,14,Kellid Graveknight
1277,8,4,6,0,4,4,37,270,27,29,25,25,0,29,31.0,29,29.5,0,0,0,Pathfinder Kingmaker,15,Kargstaad's Giant
1276,10,6,8,4,6,8,43,360,33,35,31,33,0,37,35.5,35,29.0,0,0,0,Pathfinder Kingmaker,19,Kargstaad
1275,5,1,3,0,2,0,17,25,9,12,6,9,0,10,12.5,0,0.0,0,0,0,Pathfinder Kingmaker,3,Jurgrindor
1287,1,2,1,0,4,3,20,65,12,9,12,14,1,9,6.5,0,0.0,2,21,12,Pathfinder Kingmaker,4,Lickweed
1274,-5,4,2,2,4,2,25,120,19,15,19,19,0,19,19.0,0,0.0,6,0,0,Pathfinder Kingmaker,9,Jin Durwhimmer
1272,3,5,2,1,3,4,36,260,23,23,27,24,0,29,18.0,0,0.0,0,0,0,Pathfinder Kingmaker,14,Jamandi Aldori
1271,6,4,4,2,4,4,25,92,15,15,15,17,0,17,17.0,0,0.0,8,23,15,Pathfinder Kingmaker,7,Jaggedbriar Hag
1270,10,6,9,2,8,6,44,440,36,37,32,34,0,35,56.5,0,0.0,9,40,31,Pathfinder Kingmaker,20,Irovetti's Fetch
1269,8,6,6,0,5,4,34,235,22,25,21,20,0,27,24.5,0,0.0,0,0,0,Pathfinder Kingmaker,13,Irahkatu
1268,10,5,6,0,7,6,43,400,33,34,31,35,0,38,36.0,0,0.0,0,0,0,Pathfinder Kingmaker,20,Immense Mandragora
1267,0,4,2,5,3,2,33,210,25,21,23,22,0,24,8.0,0,0.0,6,33,23,Pathfinder Kingmaker,12,Imeckus Stroon
1266,8,5,6,4,5,5,47,450,37,38,35,35,1,39,36.0,0,0.0,10,44,36,Pathfinder Kingmaker,21,Ilthuliak
1265,3,5,3,2,4,-1,33,220,22,21,25,22,0,26,13.0,0,0.0,2,30,22,Pathfinder Kingmaker,12,Ilora Nuski
1264,-3,6,3,0,6,0,28,100,18,13,20,16,0,20,3.5,0,0.0,0,0,0,Pathfinder Kingmaker,8,Horagnamon
1263,8,5,5,-3,5,0,30,275,25,27,25,23,0,30,27.5,0,0.0,0,0,0,Pathfinder Kingmaker,14,Hooktongue
1262,8,5,6,-3,5,-1,34,240,26,25,24,22,0,27,30.5,0,0.0,0,0,0,Pathfinder Kingmaker,13,Hooktongue Hydra
1261,8,1,5,2,2,2,31,200,21,22,16,21,0,24,25.0,0,0.0,0,0,0,Pathfinder Kingmaker,12,Hillstomper
1273,-2,4,2,-4,4,2,29,60,21,17,21,19,0,19,3.5,0,0.0,0,0,0,Pathfinder Kingmaker,9,Jewel
1260,8,4,5,-2,5,0,36,260,25,28,23,26,0,30,23.0,26,23.5,2,31,23,Pathfinder Kingmaker,14,Hill Giant Butcher
1288,1,7,3,2,5,2,32,180,22,18,24,22,0,24,8.5,0,0.0,5,30,22,Pathfinder Kingmaker,11,Lintwerth
1290,3,1,2,0,2,0,13,20,6,8,5,6,0,7,6.5,0,0.0,0,0,0,Pathfinder Kingmaker,1,Logger
1316,0,3,0,1,2,-1,16,25,5,3,8,5,1,9,3.5,0,0.0,2,17,9,Pathfinder Kingmaker,1,Prank Workshop Mitflit
1315,5,2,3,0,2,4,33,215,22,23,21,23,0,26,22.0,23,12.5,4,30,22,Pathfinder Kingmaker,12,Pitax Warden
1314,5,8,6,5,5,10,45,300,32,33,35,32,3,35,35.0,0,0.0,10,41,36,Pathfinder Kingmaker,19,Phomandala
1313,0,0,0,0,0,0,10,90,0,0,0,0,0,10,20.0,0,0.0,0,0,0,Pathfinder Kingmaker,4,Phantasmal Protagonist
1312,0,2,2,2,4,4,25,150,19,15,15,21,0,17,6.5,0,0.0,0,0,0,Pathfinder Kingmaker,9,Pavetta Stroon-Drelev
1311,7,2,5,-3,5,0,33,220,23,25,22,19,0,26,24.5,0,0.0,0,0,0,Pathfinder Kingmaker,12,Oversized Chimera
1310,8,5,7,-4,5,-3,35,290,24,28,26,24,0,29,29.5,0,0.0,0,0,0,Pathfinder Kingmaker,14,Overgrown Viper Vine
1309,3,1,3,0,1,1,12,26,6,8,6,6,0,8,6.5,0,0.0,0,0,0,Pathfinder Kingmaker,1,Oleg
1308,5,2,4,-4,4,-2,23,78,11,15,9,13,0,14,16.0,0,0.0,0,0,0,Pathfinder Kingmaker,5,Old Crackjaw
1307,4,8,8,6,8,11,49,495,41,39,43,41,3,41,50.0,41,32.0,10,46,42,Pathfinder Kingmaker,21,Nyrissa
1306,9,6,5,6,5,0,40,300,30,32,29,28,1,32,22.0,0,0.0,9,38,28,Pathfinder Kingmaker,17,Numerian Radiant Warden
1305,10,2,8,-4,0,-1,43,325,30,38,32,30,1,38,36.0,0,0.0,6,37,29,Pathfinder Kingmaker,19,Numerian Guthallah
1289,4,2,3,0,1,0,17,36,7,9,8,7,0,10,8.5,0,0.0,0,0,0,Pathfinder Kingmaker,2,Lizardfolk Warrior
1304,9,-1,9,-5,0,-5,42,255,26,33,27,29,0,35,33.5,0,0.0,0,0,0,Pathfinder Kingmaker,18,Numerian Adamantine Golem
1302,4,2,3,0,1,2,23,105,13,15,14,11,0,16,13.5,16,11.5,0,0,0,Pathfinder Kingmaker,6,Ntavi
1199,3,5,3,0,0,4,30,175,16,19,21,16,0,23,16.0,22,12.5,0,0,0,Pathfinder Kingmaker,10,Ameon Trask
1300,10,6,8,9,6,9,43,445,33,35,31,33,1,37,36.0,0,0.0,6,41,33,Pathfinder Kingmaker,19,Niodrhast
1299,3,2,2,0,4,3,26,80,19,17,15,19,1,16,8.5,16,12.0,5,28,19,Pathfinder Kingmaker,9,Nilak
1298,10,6,6,5,8,5,46,380,38,34,34,38,0,38,36.0,0,0.0,10,42,34,Pathfinder Kingmaker,20,Nightmare Rook
1297,4,5,4,2,4,7,33,215,22,19,24,23,1,24,24.5,0,0.0,6,32,20,Pathfinder Kingmaker,12,Ngara
1296,0,6,4,-4,6,0,27,150,19,7,12,9,0,0,0.0,0,0.0,0,0,0,Pathfinder Kingmaker,9,Murder of Crows
1295,10,6,6,0,6,4,43,295,30,33,35,31,0,37,32.0,0,0.0,0,0,0,Pathfinder Kingmaker,19,Minognos-Ushad
1294,2,3,1,0,1,4,21,78,11,11,13,11,0,15,12.0,0,0.0,3,22,14,Pathfinder Kingmaker,5,Melianse
1293,6,8,4,8,6,4,37,210,29,23,29,27,1,29,30.5,0,0.0,8,32,29,Pathfinder Kingmaker,15,Mastiff Of Tindalos
1292,5,8,6,-1,6,0,42,230,30,30,34,28,0,0,0.0,0,0.0,0,0,0,Pathfinder Kingmaker,18,Mandragora Swarm
1291,4,2,0,0,4,2,21,85,13,9,13,15,1,13,8.5,0,0.0,3,22,14,Pathfinder Kingmaker,5,Malgorzata Niska
1303,1,0,2,0,5,4,17,75,14,10,6,15,0,12,6.5,0,0.0,3,23,21,Pathfinder Kingmaker,5,Nugrah
1259,4,2,4,1,0,1,21,80,11,15,11,9,0,14,9.5,13,1.0,0,0,0,Pathfinder Kingmaker,5,Hateful Hermit
1301,1,4,1,1,0,2,16,20,5,6,9,5,0,9,3.5,0,0.0,0,0,0,Pathfinder Kingmaker,1,Nishkiv the Knife
1257,2,0,2,0,0,1,15,17,4,6,7,4,0,7,3.5,7,4.5,0,0,0,Pathfinder Kingmaker,0,Happs Bydon
1223,4,1,3,0,1,1,16,55,8,10,8,8,0,11,12.5,8,6.5,0,0,0,Pathfinder Kingmaker,3,Corax
1224,6,3,5,-3,0,3,21,58,8,13,11,6,0,14,13.0,0,0.0,0,0,0,Pathfinder Kingmaker,4,Cursed Guardian
1225,7,-1,4,-5,0,-2,21,160,8,16,9,12,0,17,20.0,0,0.0,0,0,0,Pathfinder Kingmaker,7,Cyclops Zombie
1226,4,2,1,0,3,5,28,220,19,17,18,21,1,23,19.0,0,0.0,5,29,21,Pathfinder Kingmaker,10,Darivan
1227,5,3,2,0,2,3,19,70,10,12,11,10,0,14,12.5,0,0.0,4,21,13,Pathfinder Kingmaker,4,Davik Nettles
1228,0,7,6,4,5,8,38,230,28,27,30,26,1,30,30.5,0,0.0,7,36,28,Pathfinder Kingmaker,15,Defaced Naiad Queen
1229,3,4,3,-4,2,0,22,60,12,13,14,12,0,12,12.0,0,0.0,0,0,0,Pathfinder Kingmaker,6,Dog (Ekundayo's Companion)
1222,2,4,2,0,2,2,24,100,12,12,16,14,0,17,8.5,0,0.0,0,0,0,Pathfinder Kingmaker,6,Cleansed Cultist
1230,1,4,1,2,0,2,18,30,8,7,10,6,0,12,6.5,0,0.0,0,0,0,Pathfinder Kingmaker,2,Dovan from Nisroch
1232,8,8,8,0,5,0,36,260,25,26,28,23,0,30,35.5,0,0.0,0,0,0,Pathfinder Kingmaker,14,Elder Elemental Tsunami
1233,0,2,0,2,3,5,21,90,13,10,14,15,0,13,4.5,0,0.0,3,24,17,Pathfinder Kingmaker,5,Elga Verniex
1234,5,6,5,5,6,9,40,290,28,25,30,28,1,29,35.5,0,0.0,8,39,26,Pathfinder Kingmaker,16,Engelidis
1235,6,4,2,-5,3,0,27,165,16,17,21,14,0,20,22.0,0,0.0,0,0,0,Pathfinder Kingmaker,9,Enormous Dragonfly
1236,6,2,4,-1,4,0,27,140,16,18,16,16,0,20,15.0,0,0.0,0,0,0,Pathfinder Kingmaker,8,Enormous Flame Drake
1237,0,1,2,4,2,3,18,1,11,11,8,13,1,10,2.5,0,0.0,3,22,14,Pathfinder Kingmaker,6,Eobald
1238,0,8,5,4,5,8,35,210,20,22,27,24,1,23,21.0,0,0.0,6,33,25,Pathfinder Kingmaker,13,Evindra
1231,4,2,4,0,2,2,27,135,16,18,14,16,0,19,17.0,17,12.5,0,0,0,Pathfinder Kingmaker,8,Drelev Guard
1239,2,3,2,0,2,4,22,120,15,13,16,15,2,14,10.5,0,0.0,4,25,17,Pathfinder Kingmaker,7,False Priestess
1221,2,4,1,0,2,4,18,33,7,5,10,9,0,10,7.5,0,0.0,0,0,0,Pathfinder Kingmaker,2,Chief Sootscale
1219,0,2,0,6,2,4,28,140,18,15,15,21,0,18,18.5,0,0.0,5,29,21,Pathfinder Kingmaker,9,Cephal Lorentus
1203,5,2,5,0,2,4,35,300,24,28,23,25,0,28,29.5,0,0.0,0,0,0,Pathfinder Kingmaker,14,Armag Twice-Born
1204,4,2,4,-2,0,1,15,40,6,12,5,3,0,10,9.5,0,0.0,0,0,0,Pathfinder Kingmaker,2,Auchs
1205,9,12,7,9,7,12,54,500,39,36,39,41,0,0,0.0,0,0.0,10,48,40,Pathfinder Kingmaker,21,Avatar of the Lantern King
1206,9,6,8,0,3,4,42,330,29,34,30,27,0,35,33.5,0,0.0,0,0,0,Pathfinder Kingmaker,18,Barbtongued Wyvern
1207,8,2,4,-4,2,0,36,255,25,28,25,23,0,29,27.5,0,0.0,0,0,0,Pathfinder Kingmaker,14,Black Smilodon
1208,2,3,1,0,0,0,15,8,3,5,7,2,0,6,4.5,6,3.5,0,0,0,Pathfinder Kingmaker,-1,Black Tear Cutthroat
1209,3,3,2,0,4,0,22,75,13,11,12,15,0,13,8.5,0,0.0,3,21,13,Pathfinder Kingmaker,5,Bloom Cultist
1220,-2,4,0,-5,0,-4,18,22,6,6,10,4,0,0,0.0,0,0.0,0,0,0,Pathfinder Kingmaker,2,Chew Spider
1210,7,2,5,0,5,3,27,210,21,21,16,19,0,23,26.0,19,10.5,0,0,0,Pathfinder Kingmaker,10,Bloom of Lamashtu
1212,9,5,6,2,6,5,40,375,31,33,30,31,0,34,30.5,34,24.5,0,0,0,Pathfinder Kingmaker,17,Bloomborn Athach
1213,6,3,4,0,6,3,28,135,19,19,16,21,0,19,19.0,0,0.0,4,28,20,Pathfinder Kingmaker,9,Bog Mummy Cultist
1215,6,4,3,0,4,3,28,160,19,18,19,17,1,22,18.0,20,1.0,0,0,0,Pathfinder Kingmaker,9,Boggard Warden
1216,4,2,3,-4,2,0,18,30,8,9,10,6,0,10,9.5,0,0.0,0,0,0,Pathfinder Kingmaker,2,Brush Thylacine
1217,4,5,2,3,0,5,39,300,26,28,31,26,1,30,28.5,32,25.5,8,37,30,Pathfinder Kingmaker,16,Castruccio Irovetti
1218,5,3,2,0,4,1,22,75,13,11,12,15,0,14,11.5,0,0.0,0,0,0,Pathfinder Kingmaker,5,Centaur Scout
1211,6,3,4,-2,4,0,27,135,16,18,13,16,0,20,20.0,0,0.0,0,0,0,Pathfinder Kingmaker,8,Bloom Wyvern
1240,7,-5,7,-5,0,-5,20,300,15,26,11,16,0,26,30.0,0,0.0,0,0,0,Pathfinder Kingmaker,12,Fen Pudding
1241,10,6,9,2,8,8,44,460,36,37,32,34,0,38,46.0,38,28.0,10,42,34,Pathfinder Kingmaker,20,Fetch Behemoth
1202,0,4,2,2,2,4,26,120,16,14,18,16,2,19,4.5,0,0.0,4,26,18,Pathfinder Kingmaker,8,Annamede Belavarah
1201,8,9,5,3,3,6,40,333,30,28,32,29,1,33,32.0,0,0.0,9,38,30,Pathfinder Kingmaker,17,Ankou Assassin
1242,6,6,9,4,6,8,42,350,30,35,30,28,0,35,34.5,0,0.0,9,40,32,Pathfinder Kingmaker,18,Fetch Stalker
1256,5,4,3,1,-1,4,33,220,17,23,25,18,0,26,20.0,23,10.5,0,0,0,Pathfinder Kingmaker,12,Hannis Drelev
1255,3,2,4,0,0,4,21,95,11,13,13,11,0,12,14.0,0,0.0,3,22,14,Pathfinder Kingmaker,5,Gurija
1254,5,-1,4,-2,0,-2,17,28,5,11,6,5,0,12,12.5,0,0.0,0,0,0,Pathfinder Kingmaker,2,Gromog
1252,1,4,3,0,1,3,18,35,7,7,10,5,1,10,7.5,0,0.0,2,16,8,Pathfinder Kingmaker,2,Grabbles
1251,4,2,2,-4,2,-1,18,53,9,10,12,7,0,11,11.5,0,0.0,0,0,0,Pathfinder Kingmaker,4,Goblin Bat-Dog
1253,1,2,1,3,2,4,23,110,15,12,15,18,2,16,7.5,15,7.5,4,25,17,Pathfinder Kingmaker,7,Grigori
1249,-5,4,0,4,6,6,35,210,29,23,27,29,0,27,29.5,0,0.0,0,0,0,Pathfinder Kingmaker,15,Ghostly Guard
1248,8,4,6,4,4,6,36,225,26,28,24,24,1,30,18.5,28,8.5,5,36,28,Pathfinder Kingmaker,14,General Avinash Jurrg
1247,6,9,5,2,6,2,39,222,28,27,31,28,0,32,22.5,0,0.0,0,0,0,Pathfinder Kingmaker,16,Gedovius
1246,4,6,4,0,5,2,36,315,27,25,28,25,0,0,0.0,30,19.0,0,0,0,Pathfinder Kingmaker,14,Gaetane
1245,6,1,6,-3,3,2,26,188,18,21,14,18,0,21,22.0,0,0.0,0,0,0,Pathfinder Kingmaker,9,Freshly Bloomed Basilisk
1244,0,4,2,5,4,6,43,355,33,31,31,35,3,31,17.5,0,0.0,10,41,36,Pathfinder Kingmaker,19,Foras
1243,-5,5,0,4,5,8,32,175,24,19,22,24,0,27,31.5,0,0.0,7,32,22,Pathfinder Kingmaker,13,Fionn
1250,4,4,3,-5,2,-4,18,28,7,8,11,7,0,11,8.5,0,0.0,0,0,0,Pathfinder Kingmaker,2,Giant Trapdoor Spider
1258,6,2,6,0,2,4,26,190,16,20,14,16,0,21,17.0,0,0.0,0,0,0,Pathfinder Kingmaker,8,Hargulka
1733,3,2,3,-4,2,0,14,16,4,7,4,4,0,5,5.5,5,3.0,0,0,0,Pathfinder Lost Omens Travel Guide,0,Baccali Alpaca
1734,6,1,5,-4,3,0,23,85,15,15,9,13,0,16,14.5,0,0.0,0,0,0,Pathfinder Lost Omens Travel Guide,5,Irriseni Owlbear
1735,2,4,1,-4,2,-2,15,24,7,6,9,5,0,9,5.5,0,0.0,0,0,0,Pathfinder Lost Omens Travel Guide,1,Sarkorian Wolf
1736,1,3,2,-4,1,-3,15,8,5,6,7,3,0,7,4.5,0,0.0,0,0,0,Pathfinder Lost Omens Travel Guide,-1,Vulture Rat
1737,2,3,2,-4,3,0,15,16,7,6,7,5,0,6,5.5,0,0.0,0,0,0,Pathfinder Lost Omens Travel Guide,0,Whalesteed
4379,2,3,2,-4,1,-3,16,16,6,7,8,4,0,8,5.5,0,0.0,0,0,0,Pathfinder Bounty #20: Burden in Bloodcove,0,Explosive Rat
4400,4,2,3,0,2,1,22,75,11,14,9,11,0,15,14.5,0,0.0,0,0,0,Pathfinder Society Scenario #4-03: Linnorm's Legacy,5,Veteran Ulfen Soldier
4397,3,1,0,2,2,4,21,60,11,9,12,13,1,15,10.5,0,0.0,3,22,14,Pathfinder Society Scenario #4-03: Linnorm's Legacy,5,Revna the Brave (5-6)
4398,3,1,1,2,2,4,24,90,15,9,12,13,1,18,12.5,0,0.0,4,25,17,Pathfinder Society Scenario #4-03: Linnorm's Legacy,7,Revna the Brave (7-8)
4399,4,1,3,0,1,1,19,45,8,10,6,8,0,12,5.5,0,0.0,0,0,0,Pathfinder Society Scenario #4-03: Linnorm's Legacy,3,Ulfen Soldier
4390,5,2,3,3,4,2,21,70,12,11,10,12,0,14,10.5,0,0.0,1,20,14,Pathfinder Society Intro: Year of Boundless Wonder,4,Shard of Aslynn (3-4)
4389,4,2,3,3,4,2,18,35,10,9,6,10,0,11,7.5,0,0.0,1,17,9,Pathfinder Society Intro: Year of Boundless Wonder,2,Shard of Aslynn (1-2)
4388,3,4,3,-4,1,0,16,21,6,8,9,4,0,8,5.5,0,0.0,0,0,0,Pathfinder Society Intro: Year of Boundless Wonder,1,Giant Fetid Familiar
4387,0,3,2,-4,1,0,15,7,5,4,7,3,0,7,4.5,0,0.0,0,0,0,Pathfinder Society Intro: Year of Boundless Wonder,-1,Fetid Familiar
4383,0,2,3,-1,1,0,14,8,4,6,5,2,0,8,3.5,0,0.0,0,0,0,Pathfinder Society Intro: Year of Boundless Wonder,-1,Bugbear Creeper
4384,4,2,3,-1,1,0,18,50,8,10,9,6,0,11,11.5,0,0.0,0,0,0,Pathfinder Society Intro: Year of Boundless Wonder,3,Bugbear Night Terror
4385,3,2,3,-1,1,0,15,22,6,8,7,4,0,9,6.5,0,0.0,0,0,0,Pathfinder Society Intro: Year of Boundless Wonder,1,Bugbear Terror
4386,5,3,3,-4,2,-2,19,45,9,10,8,7,0,12,10.5,0,0.0,0,0,0,Pathfinder Society Intro: Year of Boundless Wonder,3,Enormous Rat
4394,1,3,1,1,5,2,19,47,11,9,9,13,1,12,10.0,0,0.0,2,20,12,Pathfinder Society Scenario #4-02: Return to the Grave,4,Seldrick Dralston (3-4)
4393,1,2,0,1,4,2,16,24,8,6,6,10,1,10,5.5,0,0.0,1,17,9,Pathfinder Society Scenario #4-02: Return to the Grave,2,Seldrick Dralston (1-2)
4392,3,1,2,0,1,0,13,10,3,6,3,3,0,5,4.5,0,0.0,0,0,0,Pathfinder Society Scenario #4-02: Return to the Grave,-1,Grim Rictus Robber
4396,2,2,3,-5,0,0,17,16,5,6,7,5,0,9,4.5,9,4.5,0,0,0,Pathfinder Society Scenario #4-02: Return to the Grave,1,Skeletal Pathfinder
4395,4,4,1,-1,2,1,19,25,8,7,10,6,0,10,8.5,0,0.0,0,0,0,Pathfinder Society Scenario #4-02: Return to the Grave,2,Skeletal Pathfinder Veteran
4391,4,2,2,0,2,-1,18,20,7,7,5,5,0,9,7.5,7,4.5,0,0,0,Pathfinder Society Scenario #4-02: Return to the Grave,1,Grim Rictus Bridge Guard
480,4,3,1,0,1,1,19,45,8,10,10,8,0,12,8.5,0,0.0,0,0,0,Pathfinder #182: Graveclaw,3,Virulak Villager
457,5,2,4,-5,0,-5,14,60,8,12,10,8,0,13,12.0,0,0.0,0,0,0,Pathfinder #182: Graveclaw,4,Aquatic Ooze
458,4,1,3,-5,1,0,19,45,8,12,6,8,0,12,10.5,12,10.5,0,0,0,Pathfinder #182: Graveclaw,3,Arboreal Snag (Axan Wood)
459,4,1,3,-5,1,0,19,45,8,12,6,8,0,12,10.5,12,10.5,0,0,0,Pathfinder #182: Graveclaw,3,Arboreal Snag
460,6,4,5,0,1,2,25,110,15,18,12,15,0,18,19.0,0,0.0,0,0,0,Pathfinder #182: Graveclaw,7,Azmakian Effigy
462,5,3,4,-5,4,-5,24,80,16,16,15,12,0,17,11.5,18,16.0,0,0,0,Pathfinder #182: Graveclaw,6,Clockwork Rifler
481,7,0,6,-5,0,-1,22,200,11,18,10,13,0,18,25.0,0,0.0,0,0,0,Pathfinder #182: Graveclaw,7,Zombie Chuul
456,6,-2,5,-5,0,-5,24,65,9,15,6,8,0,15,18.5,0,0.0,0,0,0,Pathfinder #182: Graveclaw,5,Animated Fireplace
463,7,3,3,5,5,6,30,210,21,21,18,24,0,24,24.0,0,0.0,5,30,22,Pathfinder #182: Graveclaw,11,Creeping Crone
464,6,5,4,3,4,4,26,135,16,16,15,18,0,20,17.0,20,16.0,0,0,0,Pathfinder #182: Graveclaw,8,Decrosia
465,6,4,1,1,4,6,25,115,17,12,15,17,0,18,15.0,0,0.0,4,25,17,Pathfinder #182: Graveclaw,7,Drusilla
466,4,1,3,-5,1,-4,20,60,11,14,11,8,0,14,13.0,0,0.0,0,0,0,Pathfinder #182: Graveclaw,4,Ghoul Crocodile
467,6,3,4,6,3,4,28,155,18,19,16,18,0,21,19.0,18,23.0,5,29,19,Pathfinder #182: Graveclaw,9,Grave Hag
461,6,3,4,0,3,1,27,150,16,18,13,17,1,20,21.0,20,21.0,5,23,13,Pathfinder #182: Graveclaw,8,Blaanlool
469,4,1,3,-2,2,-2,20,40,10,13,9,10,0,13,13.0,0,0.0,0,0,0,Pathfinder #182: Graveclaw,4,Kapoacinth
474,3,4,4,6,2,6,24,120,15,13,14,18,0,16,15.0,0,0.0,4,25,17,Pathfinder #182: Graveclaw,7,Sahni Bride-Of-The-Sea
475,3,2,2,1,1,0,16,25,7,10,7,4,0,9,8.5,9,8.5,0,0,0,Pathfinder #182: Graveclaw,1,Sallowdrudge
473,6,5,4,3,4,4,26,135,16,16,15,18,0,20,17.0,20,16.0,0,0,0,Pathfinder #182: Graveclaw,8,Rust Hag
476,6,3,4,-2,3,4,27,190,21,21,16,16,0,21,0.0,0,0.0,0,0,0,Pathfinder #182: Graveclaw,9,Sulvik
477,0,4,2,4,2,5,22,55,11,9,11,13,0,15,14.5,0,0.0,3,22,14,Pathfinder #182: Graveclaw,5,Teaching Assistant
468,6,3,4,3,3,3,24,85,14,16,11,14,0,16,15.0,0,0.0,3,21,13,Pathfinder #182: Graveclaw,6,Iron Taviah
479,4,0,4,2,2,6,24,115,13,15,12,18,0,18,15.0,0,0.0,4,25,17,Pathfinder #182: Graveclaw,7,Virulak Necromancer
472,4,0,2,-2,4,2,23,130,16,14,10,16,0,16,14.0,0,0.0,0,0,0,Pathfinder #182: Graveclaw,6,Mummy Valet
471,5,1,4,-5,0,-5,22,55,11,15,10,8,0,15,16.0,0,0.0,0,0,0,Pathfinder #182: Graveclaw,5,Mechanical Laborer
470,4,-2,3,-5,0,-5,20,60,7,14,9,11,1,15,15.0,0,0.0,1,20,12,Pathfinder #182: Graveclaw,5,Meat Guardian
478,5,4,5,1,2,3,24,120,14,17,14,10,0,17,15.0,0,0.0,0,0,0,Pathfinder #182: Graveclaw,6,Terra-cotta Soldier
4368,5,2,4,0,4,0,21,115,16,16,12,14,0,17,14.5,14,12.5,0,0,0,Pathfinder Society Special #3-99: Fate in the Future,6,Shobhad Hunter (7-8)
4360,2,1,0,1,3,4,17,24,10,8,7,11,1,8,4.5,0,0.0,1,18,10,Pathfinder Society Special #3-99: Fate in the Future,2,Fipp the Prophet
4366,1,4,5,5,2,-1,23,92,10,17,14,10,0,17,9.5,0,0.0,0,0,0,Pathfinder Society Special #3-99: Fate in the Future,6,Reckless Akitonian Scientist
4365,3,4,1,4,3,1,19,30,10,6,11,8,0,11,9.5,0,0.0,2,20,12,Pathfinder Society Special #3-99: Fate in the Future,3,Pup of Tindalos
4364,6,4,4,-4,2,1,24,120,15,18,16,12,0,18,17.0,16,13.0,0,0,0,Pathfinder Society Special #3-99: Fate in the Future,7,Mature Arabuk
4363,1,3,0,0,1,-1,16,8,3,4,7,3,0,5,4.5,5,2.5,0,0,0,Pathfinder Society Special #3-99: Fate in the Future,-1,Kobold Warrior (PFS 3-99)
4362,0,4,1,0,3,1,18,16,8,5,9,6,0,9,3.5,9,4.5,0,0,0,Pathfinder Society Special #3-99: Fate in the Future,1,Kobold Scout (PFS 3-99)
4361,-1,3,0,2,1,4,17,25,5,4,7,7,1,7,2.5,0,0.0,1,20,12,Pathfinder Society Special #3-99: Fate in the Future,2,Kobold Dragon Mage (PFS 3-99)
4367,5,2,4,0,3,0,18,72,13,14,8,11,0,14,12.5,13,10.5,0,0,0,Pathfinder Society Special #3-99: Fate in the Future,4,Shobhad Hunter (5-6)
4347,3,-3,4,-5,0,-5,17,20,6,10,3,4,0,10,7.5,0,0.0,0,0,0,Pathfinder Society Special #3-99: Fate in the Future,2,Animated Full Plate (PFS 3-99)
4358,5,3,3,2,2,4,23,85,12,13,13,14,1,16,12.5,0,0.0,8,22,16,Pathfinder Society Special #3-99: Fate in the Future,5,Elite Green Hag (PFS 3-99)
4346,0,0,1,-5,0,-5,15,7,3,4,5,3,0,6,3.5,0,0.0,0,0,0,Pathfinder Society Special #3-99: Fate in the Future,-1,Animated Blade (PFS 3-99)
4369,3,2,1,-1,2,0,15,15,4,5,8,6,0,6,5.5,0,0.0,0,0,0,Pathfinder Society Special #3-99: Fate in the Future,0,Temporal Echoes (1-2)
4348,4,3,3,-4,2,1,18,48,9,12,10,7,0,12,10.0,11,7.0,0,0,0,Pathfinder Society Special #3-99: Fate in the Future,3,Arabuk Yearling
4349,5,4,4,-4,2,1,21,82,12,15,13,9,0,15,13.0,14,11.0,0,0,0,Pathfinder Society Special #3-99: Fate in the Future,5,Arabuk
4350,5,3,4,-4,1,0,21,50,10,15,12,9,0,15,15.0,0,0.0,0,0,0,Pathfinder Society Special #3-99: Fate in the Future,5,Bergworm Tyrant
4351,4,2,3,-4,1,0,18,50,6,12,9,6,0,12,13.0,0,0.0,0,0,0,Pathfinder Society Special #3-99: Fate in the Future,3,Bergworm
4352,2,2,3,0,2,1,18,32,8,9,8,6,0,8,7.5,8,7.5,0,0,0,Pathfinder Society Special #3-99: Fate in the Future,2,Cog the Ruffian
4353,0,3,1,1,1,1,14,15,4,4,6,4,0,7,4.5,5,3.5,0,0,0,Pathfinder Society Special #3-99: Fate in the Future,-1,Cog the Torchbearer
4354,3,3,4,1,1,-3,15,14,7,9,8,4,0,9,6.5,9,3.5,0,0,0,Pathfinder Society Special #3-99: Fate in the Future,1,Displaced Robot (1-2)
4355,3,3,4,1,1,-3,18,40,9,11,10,6,0,12,8.5,12,5.5,0,0,0,Pathfinder Society Special #3-99: Fate in the Future,3,Displaced Robot (3-4)
4359,6,2,3,-4,1,0,23,80,15,14,12,13,0,16,17.0,0,0.0,0,0,0,Pathfinder Society Special #3-99: Fate in the Future,5,Elite Hadrosaurid (PFS 3-99)
4356,4,4,5,2,2,-3,21,60,12,15,12,9,0,15,10.5,15,6.5,0,0,0,Pathfinder Society Special #3-99: Fate in the Future,5,Displaced Robot (5-6)
4370,4,3,3,-1,2,0,17,30,8,7,11,8,0,9,9.5,0,0.0,0,0,0,Pathfinder Society Special #3-99: Fate in the Future,2,Temporal Echoes (3-4)
4372,5,4,3,-1,2,0,23,95,14,13,16,14,0,15,18.0,0,0.0,0,0,0,Pathfinder Society Special #3-99: Fate in the Future,6,Temporal Echoes (7-8)
4371,5,4,3,-1,3,0,20,60,11,9,14,11,0,12,14.0,0,0.0,0,0,0,Pathfinder Society Special #3-99: Fate in the Future,4,Temporal Echoes (5-6)
4357,4,4,6,2,2,-3,24,100,15,18,15,12,0,18,13.5,18,8.5,0,0,0,Pathfinder Society Special #3-99: Fate in the Future,7,Displaced Robot (7-8)
4374,4,3,3,-4,1,1,15,21,7,8,8,4,0,9,6.5,0,0.0,0,0,0,Pathfinder Society Special #3-99: Fate in the Future,1,Young Arabuk
4373,3,2,4,-5,0,-4,16,20,4,9,7,5,0,7,6.5,7,2.5,0,0,0,Pathfinder Society Special #3-99: Fate in the Future,1,Timewarped Amalgam
4325,0,4,0,3,3,4,25,120,15,14,17,18,0,19,15.0,0,0.0,4,27,21,Pathfinder Society Scenario #3-19: Mean Streets of Shadow Absalom,8,Marcien Blakros (7-8)
4329,4,4,0,1,2,3,21,72,11,9,13,11,0,14,11.5,0,0.0,0,0,0,Pathfinder Society Scenario #3-19: Mean Streets of Shadow Absalom,5,Onyx Alliance Officer
4328,4,4,0,1,2,3,24,110,13,13,13,15,0,18,14.5,0,0.0,0,0,0,Pathfinder Society Scenario #3-19: Mean Streets of Shadow Absalom,7,Onyx Alliance Commander
4327,0,5,0,3,3,4,28,160,19,16,20,20,0,22,17.0,0,0.0,5,30,24,Pathfinder Society Scenario #3-19: Mean Streets of Shadow Absalom,10,Marcien Blakros (9-10)
4326,0,5,0,3,3,4,28,24,19,16,20,20,0,17,17.0,0,0.0,5,30,24,Pathfinder Society Scenario #3-19: Mean Streets of Shadow Absalom,10,Marcien Blakros (9-10) (Shadow Double)
4323,-5,4,3,0,2,5,21,78,12,13,16,12,1,17,14.0,0,0.0,3,24,16,Pathfinder Society Scenario #3-19: Mean Streets of Shadow Absalom,6,Lesser Animate Dream
4322,4,5,4,4,4,7,29,160,18,16,21,20,0,22,17.0,0,0.0,5,30,22,Pathfinder Society Scenario #3-19: Mean Streets of Shadow Absalom,10,Arisept (9-10)
4321,4,4,3,3,3,6,26,125,15,13,18,17,0,19,15.0,0,0.0,4,27,19,Pathfinder Society Scenario #3-19: Mean Streets of Shadow Absalom,8,Arisept (7-8)
4324,0,4,0,3,3,4,25,18,15,14,17,18,0,14,15.0,0,0.0,0,0,0,Pathfinder Society Scenario #3-19: Mean Streets of Shadow Absalom,8,Marcien Blakros (7-8) (Shadow Double)
444,2,2,1,4,1,2,20,75,12,12,11,12,2,12,11.0,0,0.0,3,22,14,Pathfinder #181: Zombie Feast,5,Kepgeda the Hag-Nailed
455,2,-1,2,-5,0,-2,13,18,1,5,0,3,0,6,5.5,0,0.0,0,0,0,Pathfinder #181: Zombie Feast,-1,Zombie Hound
454,5,-1,4,-5,0,-2,13,50,3,6,3,4,0,9,8.5,0,0.0,0,0,0,Pathfinder #181: Zombie Feast,1,Zombie Horse
453,3,2,1,-3,0,-2,13,25,7,6,9,5,0,9,5.5,0,0.0,0,0,0,Pathfinder #181: Zombie Feast,1,Tombstone Troll
452,0,4,0,0,3,2,19,45,10,6,11,8,0,11,9.5,0,0.0,2,17,9,Pathfinder #181: Zombie Feast,3,Skull Fairy
451,2,2,2,-5,0,5,16,20,6,7,5,5,0,7,5.5,0,0.0,0,0,0,Pathfinder #181: Zombie Feast,1,Scrabbling Ribcage
450,0,3,0,2,1,4,18,30,6,6,9,9,1,11,3.5,0,0.0,1,18,10,Pathfinder #181: Zombie Feast,2,Sahreg the Dirge Screamer
449,1,3,4,-5,0,-5,15,16,5,9,8,5,0,0,0.0,0,0.0,0,0,0,Pathfinder #181: Zombie Feast,1,Phalanx of Phalanges
448,1,4,2,4,1,1,21,60,11,10,12,11,0,12,11.5,13,9.0,0,0,0,Pathfinder #181: Zombie Feast,4,Pesgahi the Poisoner
445,5,-2,4,-5,0,-2,15,70,4,11,3,7,0,11,11.5,0,0.0,0,0,0,Pathfinder #181: Zombie Feast,3,"Mosghuta, Boss Cow"
447,3,1,1,-3,3,2,19,50,10,6,9,12,0,12,7.5,0,0.0,0,0,0,Pathfinder #181: Zombie Feast,3,Opkherab
436,1,3,2,0,2,0,15,20,6,6,7,4,0,8,5.5,0,0.0,0,0,0,Pathfinder #181: Zombie Feast,0,Bone Shard Tough
437,-5,4,0,1,2,1,20,35,12,8,12,10,0,13,10.5,0,0.0,0,0,0,Pathfinder #181: Zombie Feast,4,Charghar
438,1,2,0,-5,0,-5,13,8,3,3,6,3,0,8,3.5,0,0.0,0,0,0,Pathfinder #181: Zombie Feast,-1,Chattering Jaws
439,1,4,2,-4,2,0,19,30,9,9,11,8,0,0,0.0,0,0.0,0,18,10,Pathfinder #181: Zombie Feast,3,Cobblebone Swarm
440,2,2,3,1,1,0,14,25,6,8,6,4,0,8,5.5,0,0.0,0,0,0,Pathfinder #181: Zombie Feast,1,Crooked Coffin Brewer
441,5,-3,4,-3,0,1,16,95,8,11,4,7,0,12,10.5,0,0.0,0,0,0,Pathfinder #181: Zombie Feast,3,Dirge Piper
442,1,1,1,-5,0,-5,14,7,3,4,6,3,0,8,3.5,0,0.0,0,0,0,Pathfinder #181: Zombie Feast,-1,Floating Femur
443,2,4,0,1,4,0,18,28,10,6,8,10,0,10,8.5,0,0.0,0,0,0,Pathfinder #181: Zombie Feast,2,Granite Vulture
446,-1,2,1,0,1,-2,16,20,5,3,6,3,0,7,2.5,0,0.0,0,0,0,Pathfinder #181: Zombie Feast,0,Necromunculus
435,1,3,0,-2,0,1,12,18,5,2,5,2,0,7,3.5,0,0.0,0,0,0,Pathfinder #181: Zombie Feast,-1,Arghun the Annihilator
4318,1,4,3,-1,-1,1,18,34,5,9,10,5,1,11,4.5,0,0.0,2,18,8,Pathfinder Society Scenario #3-18: Dacilane Academy's Delightful Disaster,2,Nuglub (PFS 3-18)
4319,3,4,2,3,1,3,18,48,10,9,11,8,0,10,12.0,0,0.0,4,20,12,Pathfinder Society Scenario #3-18: Dacilane Academy's Delightful Disaster,3,Pelagastr Tail
4317,1,3,3,1,2,-2,15,16,6,5,7,4,0,7,3.5,7,3.5,1,16,8,Pathfinder Society Scenario #3-18: Dacilane Academy's Delightful Disaster,-1,Grimple (PFS 3-18)
4320,4,4,2,3,1,3,20,88,12,11,13,10,0,12,16.0,0,0.0,4,22,14,Pathfinder Society Scenario #3-18: Dacilane Academy's Delightful Disaster,5,Thick Pelagastr Tail
4185,-3,4,1,-5,2,-2,20,37,10,9,12,8,0,12,0.0,0,0.0,0,0,0,Pathfinder Society Intro: Year of Shattered Sanctuaries,3,Enraged Shrouded Bloodseeker
4186,1,5,4,-2,3,0,21,70,11,12,13,9,0,13,13.5,13,10.0,0,0,0,Pathfinder Society Intro: Year of Shattered Sanctuaries,4,Filth Fire (PFS 3-01)
4187,3,2,3,-1,2,0,18,30,8,9,8,6,0,9,8.5,0,0.0,0,0,0,Pathfinder Society Intro: Year of Shattered Sanctuaries,2,Onyx Alliance Enforcer
4188,1,4,2,0,0,2,18,18,5,5,9,5,1,9,3.5,0,0.0,1,15,7,Pathfinder Society Intro: Year of Shattered Sanctuaries,1,Onyx Alliance Scout
4189,-3,4,1,-5,2,-2,17,16,8,7,10,6,0,9,0.0,0,0.0,0,0,0,Pathfinder Society Intro: Year of Shattered Sanctuaries,1,Shrouded Bloodseeker
4190,1,4,2,-2,2,1,18,35,8,6,10,8,0,10,8.0,0,0.0,0,0,0,Pathfinder Society Intro: Year of Shattered Sanctuaries,2,Vengeful Ember Fox
4191,3,2,3,-1,2,0,21,60,11,12,11,9,0,12,12.5,0,0.0,0,0,0,Pathfinder Society Intro: Year of Shattered Sanctuaries,4,Veteran Onyx Alliance Enforcer
4192,1,4,2,0,0,2,21,39,7,7,11,7,1,12,6.5,0,0.0,1,18,10,Pathfinder Society Intro: Year of Shattered Sanctuaries,3,Veteran Onyx Alliance Scout
4304,5,2,4,-3,3,0,20,60,11,14,8,11,0,13,16.0,0,0.0,0,0,0,Pathfinder Society Scenario #3-16: Escape from Oppara,4,Cobbled Bruiser
4305,5,3,5,-3,3,0,23,95,15,17,11,13,0,16,19.0,0,0.0,0,0,0,Pathfinder Society Scenario #3-16: Escape from Oppara,6,Cobbled Brutalizer
4307,0,2,1,4,1,1,14,14,5,6,7,8,1,3,2.5,0,0.0,1,17,9,Pathfinder Society Scenario #3-16: Escape from Oppara,1,Ninth Army Mage
4308,4,1,3,0,1,1,20,45,8,10,6,8,0,13,11.5,10,7.5,0,0,0,Pathfinder Society Scenario #3-16: Escape from Oppara,3,Ninth Army Operative
4309,4,4,1,0,4,1,22,75,15,10,13,13,0,14,13.5,15,12.5,0,0,0,Pathfinder Society Scenario #3-16: Escape from Oppara,5,Ninth Army Soldier
4311,0,3,0,2,1,4,19,38,8,5,10,8,2,12,6.5,12,7.5,2,21,13,Pathfinder Society Scenario #3-16: Escape from Oppara,3,Thomil Bolyrius (3-4)
4312,0,4,0,2,2,4,22,65,11,9,13,11,2,15,9.5,15,10.5,3,21,13,Pathfinder Society Scenario #3-16: Escape from Oppara,5,Thomil Bolyrius (5-6)
4313,2,4,2,-3,3,0,14,10,9,8,10,7,0,0,0.0,0,0.0,0,0,0,Pathfinder Society Scenario #3-16: Escape from Oppara,2,Weakened Cobbleswarm
4306,4,2,2,0,2,-1,18,20,7,7,5,5,0,9,7.5,7,4.5,0,0,0,Pathfinder Society Scenario #3-16: Escape from Oppara,1,Ninth Army Guard
4310,0,2,1,4,1,1,17,31,7,8,9,10,1,7,2.5,0,0.0,2,20,12,Pathfinder Society Scenario #3-16: Escape from Oppara,3,Ninth Army War Mage
4314,6,3,3,1,4,3,27,150,16,17,17,14,1,19,22.5,0,0.0,7,24,16,Pathfinder Society Scenario #3-17: Dreams of a Dustbound Isle,8,Horrid Nightmare
4315,-5,4,0,-2,2,3,20,40,10,8,14,12,0,15,10.0,0,0.0,0,0,0,Pathfinder Society Scenario #3-17: Dreams of a Dustbound Isle,4,Shadow (PFS 3-17)
4316,4,2,2,1,3,2,21,64,11,12,12,9,1,13,14.5,0,0.0,7,24,16,Pathfinder Society Scenario #3-17: Dreams of a Dustbound Isle,4,Smoldering Nightmare
1981,3,7,3,0,0,3,30,200,24,24,26,21,0,24,11.0,24,15.0,0,0,0,Pathfinder #180: The Smoking Gun,11,Anjelique Loveless
1986,5,6,3,-5,2,-5,28,140,18,17,21,15,0,21,18.0,21,15.0,0,0,0,Pathfinder #180: The Smoking Gun,9,Clockwork Buccaneer
1987,6,6,2,-5,2,-5,33,205,20,22,25,19,0,24,25.5,24,22.5,0,0,0,Pathfinder #180: The Smoking Gun,12,Clockwork Puppeteer
1988,6,0,4,-5,2,-2,25,240,14,21,16,17,0,0,0.0,0,0.0,0,0,0,Pathfinder #180: The Smoking Gun,9,Clockwork Shambler Horde
1989,3,-2,2,-5,0,-2,12,20,0,6,0,2,0,7,7.5,0,0.0,0,0,0,Pathfinder #180: The Smoking Gun,-1,Clockwork Shambler
1990,4,5,2,0,0,2,25,120,18,15,18,12,0,17,11.5,19,6.5,0,0,0,Pathfinder #180: The Smoking Gun,7,Corrupt Shieldmarshal (Clan Pistol)
1991,4,5,2,0,0,2,25,120,18,15,18,12,0,17,11.5,19,7.5,0,0,0,Pathfinder #180: The Smoking Gun,7,Corrupt Shieldmarshal (Jezail)
1992,7,0,3,5,0,0,28,220,19,22,16,19,0,23,22.5,21,24.0,2,0,0,Pathfinder #180: The Smoking Gun,10,Cranium Preserver
1993,5,4,2,-5,2,-2,21,52,14,14,17,11,0,16,20.0,0,0.0,0,0,0,Pathfinder #180: The Smoking Gun,6,Disgorged Zombie
1994,5,6,3,-5,2,-5,28,154,18,17,21,15,0,21,18.0,21,15.0,0,0,0,Pathfinder #180: The Smoking Gun,9,Glass Buccaneer
1985,5,2,4,-5,2,-2,23,125,12,16,12,10,0,17,15.5,0,0.0,0,0,0,Pathfinder #180: The Smoking Gun,6,Chemical Zombie
1995,8,0,5,-5,3,-5,32,245,22,25,19,17,0,21,31.5,0,0.0,0,0,0,Pathfinder #180: The Smoking Gun,12,Glass Elephant
1997,6,2,2,2,3,4,28,95,14,13,15,17,0,18,12.5,18,19.0,0,0,0,Pathfinder #180: The Smoking Gun,7,Headless Rustler
1998,0,4,0,5,3,3,28,145,20,16,19,22,0,21,16.5,21,16.5,5,33,25,Pathfinder #180: The Smoking Gun,10,Ibrium
1999,4,4,2,2,0,0,22,75,12,12,15,10,0,15,9.5,15,4.5,0,0,0,Pathfinder #180: The Smoking Gun,5,Leadsmith
2007,4,6,3,0,3,-1,28,161,18,21,18,15,0,19,16.5,21,10.0,0,0,0,Pathfinder #180: The Smoking Gun,9,Vewslog
2006,-5,4,6,3,6,4,27,110,19,17,17,21,0,21,19.5,0,0.0,0,0,0,Pathfinder #180: The Smoking Gun,9,Smog Wraith
2005,7,2,4,-5,2,2,25,125,16,15,15,13,0,18,18.0,0,0.0,0,0,0,Pathfinder #180: The Smoking Gun,7,Skeletal Crocodile
2004,5,4,2,-5,2,-2,21,140,12,14,17,11,0,17,20.5,0,0.0,0,0,0,Pathfinder #180: The Smoking Gun,6,Shock Zombie
2003,7,-5,7,-5,0,-5,19,350,14,24,14,19,0,23,26.5,21,16.5,0,0,0,Pathfinder #180: The Smoking Gun,10,Pyronite Ooze
2002,4,3,3,5,0,0,29,160,20,18,18,20,0,21,18.0,20,10.0,5,31,23,Pathfinder #180: The Smoking Gun,10,Parsus
1996,5,2,4,0,2,1,24,114,14,16,12,14,0,17,17.0,0,0.0,0,0,0,Pathfinder #180: The Smoking Gun,6,Glass Sentry
2001,6,-1,4,-2,0,-2,18,85,6,14,7,6,0,14,12.5,0,0.0,0,0,0,Pathfinder #180: The Smoking Gun,4,Ogre Slug
1984,5,7,3,-4,2,-1,30,110,18,17,21,16,0,21,29.0,23,18.0,0,0,0,Pathfinder #180: The Smoking Gun,10,Captured Dezullon
1982,4,5,2,0,0,2,25,120,18,15,18,12,0,17,11.5,19,7.5,0,0,0,Pathfinder #180: The Smoking Gun,7,Atticus
1983,6,6,5,-5,2,-5,31,150,20,22,25,16,0,23,16.0,23,16.5,0,0,0,Pathfinder #180: The Smoking Gun,10,Broken Centurion
2000,5,2,4,-4,4,-2,22,75,16,13,12,11,0,14,16.0,0,0.0,0,0,0,Pathfinder #180: The Smoking Gun,5,Mutant Bat
1980,2,5,4,2,1,2,25,125,16,15,16,14,0,18,11.5,19,10.5,0,0,0,Pathfinder #180: The Smoking Gun,7,Alethsia
1906,2,4,2,-1,2,0,18,30,8,8,10,6,0,10,7.5,0,0.0,4,16,8,Pathfinder Adventure: A Fistful of Flowers,2,Meliosa's Leshy (Minkaian Honeysuckle Leshy)
1904,3,1,2,3,0,1,19,45,7,11,10,5,0,10,8.5,0,0.0,0,0,0,Pathfinder Adventure: A Fistful of Flowers,3,Darius
1905,2,4,2,-1,2,0,18,30,8,8,10,6,0,10,7.5,0,0.0,4,16,8,Pathfinder Adventure: A Fistful of Flowers,2,Meliosa's Leshy (Golden Bamboo Leshy)
1908,2,4,2,-1,2,0,18,30,8,8,10,6,0,10,7.5,0,0.0,4,16,8,Pathfinder Adventure: A Fistful of Flowers,2,Meliosa's Leshy (Wisteria Leshy)
1909,2,4,2,-1,2,0,18,30,8,8,10,6,0,10,7.5,0,0.0,4,16,8,Pathfinder Adventure: A Fistful of Flowers,2,Meliosa's Leshy
1907,2,4,2,-1,2,0,18,30,8,8,10,6,0,10,8.5,0,0.0,4,16,8,Pathfinder Adventure: A Fistful of Flowers,2,Meliosa's Leshy (Mint Leshy)
1910,-1,3,0,1,1,-2,17,17,3,2,7,3,0,7,5.0,8,2.5,0,0,0,Pathfinder Adventure: A Fistful of Flowers,1,Scented Candle Homunculus
4299,7,5,7,3,7,5,29,210,22,22,18,16,1,20,22.0,0,0.0,6,28,20,Pathfinder Society Scenario #3-15: Cavern of Sundered Songs,10,Languid Isqulug
4300,9,-1,7,-5,-1,-1,30,250,18,26,19,19,0,26,26.0,0,0.0,0,0,0,Pathfinder Society Scenario #3-15: Cavern of Sundered Songs,12,Languid Purple Worm
4301,8,2,7,-4,2,0,28,240,19,24,15,19,0,23,25.5,0,0.0,0,0,0,Pathfinder Society Scenario #3-15: Cavern of Sundered Songs,11,Old Drakauthix (PFS 3-15)
4302,7,4,6,-3,4,1,31,175,18,23,17,19,0,23,27.0,0,0.0,0,0,0,Pathfinder Society Scenario #3-15: Cavern of Sundered Songs,9,Sparkles (11-12)
4298,2,2,4,1,4,1,27,140,20,17,15,20,0,16,7.0,0,0.0,5,28,20,Pathfinder Society Scenario #3-15: Cavern of Sundered Songs,9,Eltha Embercall (9-10)
4297,2,2,5,1,5,1,29,190,24,20,17,24,0,18,9.0,0,0.0,7,28,20,Pathfinder Society Scenario #3-15: Cavern of Sundered Songs,12,"Eltha Embercall (11-12, 28+ CP)"
4296,7,2,6,-4,2,0,25,190,17,21,13,15,0,20,22.5,0,0.0,0,0,0,Pathfinder Society Scenario #3-15: Cavern of Sundered Songs,9,Drakauthix (PFS 3-15)
4295,7,2,5,2,3,5,33,185,20,24,19,20,1,24,22.0,0,0.0,3,30,22,Pathfinder Society Scenario #3-15: Cavern of Sundered Songs,11,Caliclotherax (9-10)
4294,8,2,6,2,3,5,36,210,22,27,21,22,1,27,24.0,0,0.0,3,30,22,Pathfinder Society Scenario #3-15: Cavern of Sundered Songs,13,Caliclotherax (11-12)
4293,2,2,5,1,5,1,29,170,24,20,17,24,0,18,9.0,0,0.0,6,28,20,Pathfinder Society Scenario #3-15: Cavern of Sundered Songs,11,Advanced Eltha Embercall (9-10)/Eltha Embercall (11-12)
4303,6,3,4,-3,3,1,28,120,16,21,15,17,0,20,21.0,0,0.0,0,0,0,Pathfinder Society Scenario #3-15: Cavern of Sundered Songs,9,Sparkles (9-10)
5514,3,6,4,6,4,3,28,155,19,15,21,19,0,19,18.0,21,17.0,5,28,20,Pathfinder Adventure: Shadows at Sundown,9,Loreavor
5513,8,5,5,0,5,0,34,235,24,22,26,24,0,29,28.5,0,0.0,0,0,0,Pathfinder Adventure: Shadows at Sundown,13,Ileosa's Shell
5519,5,7,5,3,4,3,30,130,20,19,21,18,0,22,17.0,23,11.5,3,27,19,Pathfinder Adventure: Shadows at Sundown,10,Strigoi Servant
5520,4,0,4,1,3,1,25,120,16,17,11,14,0,18,11.5,11,9.5,0,0,0,Pathfinder Adventure: Shadows at Sundown,7,Yniesse Zenderholm
5512,4,8,5,6,-1,5,35,200,18,25,28,21,0,27,27.5,0,0.0,6,33,25,Pathfinder Adventure: Shadows at Sundown,13,Ibrique
5511,6,7,5,3,5,5,31,150,20,20,24,22,0,22,17.0,0,0.0,3,27,19,Pathfinder Adventure: Shadows at Sundown,11,Bishop Keppira D'Bear
5510,6,8,4,8,4,6,37,210,27,25,29,27,3,29,28.5,0,0.0,8,36,28,Pathfinder Adventure: Shadows at Sundown,15,Aliriel
5509,1,2,-1,2,4,1,15,16,7,2,5,9,1,4,4.5,0,0.0,1,17,9,Pathfinder Adventure: Shadows at Sundown,1,Acolyte of Pharasma
5518,8,8,5,5,4,5,34,180,23,24,26,22,1,25,27.5,0,0.0,7,33,25,Pathfinder Adventure: Shadows at Sundown,13,Strigoi Progenitor
5508,2,4,2,1,2,4,28,190,18,13,15,18,0,16,6.5,0,0.0,5,0,0,Pathfinder Adventure: Shadows at Sundown,10,Abridan Ashau
5516,3,6,5,3,5,5,30,180,19,17,22,19,0,22,21.0,0,0.0,0,0,0,Pathfinder Adventure: Shadows at Sundown,10,Profane Ghoul
5515,6,6,6,6,3,9,38,300,27,28,30,25,0,32,30.5,0,0.0,8,37,29,Pathfinder Adventure: Shadows at Sundown,16,Lorthact
5517,6,7,5,4,5,4,33,225,23,21,25,21,0,24,25.5,0,0.0,6,32,24,Pathfinder Adventure: Shadows at Sundown,12,Scarlet Walker
1959,4,4,2,2,-1,4,26,104,14,13,17,10,0,18,13.5,19,7.5,0,0,0,Pathfinder #179: Cradle of Quartz,7,Drela
1962,2,4,0,3,2,0,20,65,12,10,14,10,0,14,7.5,14,7.5,0,0,0,Pathfinder #179: Cradle of Quartz,4,Gilded Gunner Safecracker
1963,4,4,2,2,-1,4,26,104,14,13,17,10,0,18,13.5,19,6.5,0,0,0,Pathfinder #179: Cradle of Quartz,7,Hansin
1964,4,1,2,4,2,1,25,110,19,14,12,14,0,16,15.0,0,0.0,3,25,17,Pathfinder #179: Cradle of Quartz,7,I
1961,3,4,3,1,0,0,20,60,8,11,14,8,0,14,6.5,14,6.5,0,0,0,Pathfinder #179: Cradle of Quartz,4,Gilded Gunner Goon
1965,-3,4,0,0,3,4,19,40,11,7,11,12,0,8,1.5,11,2.5,2,20,12,Pathfinder #179: Cradle of Quartz,3,Kreeth-Ni
1960,3,4,2,1,1,1,22,75,15,13,15,12,0,15,7.0,15,9.5,0,0,0,Pathfinder #179: Cradle of Quartz,5,Gilded Gunner Assassin
1958,5,3,5,2,3,0,21,76,11,13,11,9,0,13,14.0,0,0.0,0,0,0,Pathfinder #179: Cradle of Quartz,4,Daelum
1957,4,2,2,-5,4,-5,20,50,12,10,8,14,0,14,14.0,12,4.5,0,0,0,Pathfinder #179: Cradle of Quartz,4,Compromised Door Warden
1955,4,6,2,-5,4,-5,26,100,16,14,18,16,0,19,14.0,21,8.0,0,0,0,Pathfinder #179: Cradle of Quartz,8,Clockwork Gunner
1954,4,2,2,-5,4,-5,20,50,12,10,8,14,0,14,14.0,12,6.5,0,0,0,Pathfinder #179: Cradle of Quartz,4,Clockwork Door Warden
1953,2,4,1,-5,0,-5,21,70,13,12,15,9,0,15,13.0,0,0.0,0,0,0,Pathfinder #179: Cradle of Quartz,5,Clockwork Disposer
1966,2,4,0,2,0,4,20,70,11,9,15,12,0,16,11.0,15,6.5,0,0,0,Pathfinder #179: Cradle of Quartz,5,"""Lucky"" Lanks"
1952,6,2,4,-3,2,0,25,120,15,18,15,12,0,18,15.0,16,13.5,0,0,0,Pathfinder #179: Cradle of Quartz,7,Chimeric Manticore
1951,2,2,1,0,4,3,17,45,8,5,8,10,1,10,7.5,0,0.0,1,20,12,Pathfinder #179: Cradle of Quartz,2,Brighite Herexen
1950,1,4,3,2,0,4,26,140,14,15,19,17,0,15,7.5,19,13.0,0,0,0,Pathfinder #179: Cradle of Quartz,8,Ambrost Mugland
1949,5,3,4,0,3,0,21,60,10,12,11,11,0,13,10.5,0,0.0,1,19,11,Pathfinder #179: Cradle of Quartz,4,Akrida
1956,6,4,4,-5,3,-5,26,130,19,18,16,13,0,20,22.0,0,0.0,0,0,0,Pathfinder #179: Cradle of Quartz,8,Clockwork Sphinx
1967,-4,2,-2,-4,1,1,14,6,8,3,8,6,0,6,1.0,0,0.0,0,0,0,Pathfinder #179: Cradle of Quartz,-1,Masu
1969,5,3,3,-4,3,-2,18,44,9,10,9,7,0,12,0.0,0,0.0,0,0,0,Pathfinder #179: Cradle of Quartz,3,Mutant Giant Toad
1978,-1,5,4,-4,2,-2,22,58,11,11,14,9,0,0,0.0,0,0.0,0,0,0,Pathfinder #179: Cradle of Quartz,5,Trapjaw Tangle
1970,3,4,3,-1,3,2,25,135,17,17,18,13,0,18,12.0,18,11.0,0,0,0,Pathfinder #179: Cradle of Quartz,8,Palzu
1971,4,4,2,0,1,2,25,120,16,15,17,13,0,16,15.0,16,13.0,0,0,0,Pathfinder #179: Cradle of Quartz,7,Sabora Sharkosa
1972,5,2,4,-2,4,2,24,100,14,14,10,16,0,15,14.0,0,0.0,3,24,16,Pathfinder #179: Cradle of Quartz,6,Scarecophagus
1973,6,2,4,-2,2,2,23,145,13,17,15,13,0,18,17.0,16,13.0,0,0,0,Pathfinder #179: Cradle of Quartz,7,Smog Giant
1974,4,4,5,0,3,-1,22,85,12,12,13,10,0,15,11.0,0,0.0,1,22,14,Pathfinder #179: Cradle of Quartz,5,Spellscar Sky Marauder
1975,3,0,2,0,1,3,16,35,8,9,5,8,0,8,7.5,7,4.5,0,0,0,Pathfinder #179: Cradle of Quartz,2,Steaming Kingdom Bartender
1976,-2,4,3,0,2,0,20,23,8,7,10,6,1,10,5.5,0,0.0,3,18,8,Pathfinder #179: Cradle of Quartz,2,Swee Pup
1977,5,7,3,7,5,3,30,150,21,17,21,19,0,22,20.0,0,0.0,8,28,20,Pathfinder #179: Cradle of Quartz,10,The Claws of Time
1979,0,3,0,4,2,4,21,54,10,6,11,16,1,13,9.5,13,6.5,3,22,14,Pathfinder #179: Cradle of Quartz,4,Vivielle Ramslay
1968,6,3,5,-1,3,1,28,150,17,18,16,15,0,21,20.0,0,0.0,0,0,0,Pathfinder #179: Cradle of Quartz,9,Mutant Desert Drake
604,5,2,4,-1,2,0,22,76,13,15,9,13,0,14,14.0,0,0.0,0,0,0,Pathfinder Book of the Dead,5,Iruxi Ossature
603,5,7,4,0,5,3,31,190,21,18,21,21,3,23,16.0,0,0.0,5,29,21,Pathfinder Book of the Dead,10,Iroran Mummy
602,3,1,4,3,2,5,20,65,10,12,11,10,0,13,10.0,0,0.0,0,0,0,Pathfinder Book of the Dead,4,Ichor Slinger
600,4,3,3,-1,1,0,17,55,5,7,9,7,0,11,8.5,0,0.0,0,0,0,Pathfinder Book of the Dead,2,Husk Zombie
575,7,3,5,-2,3,2,30,225,18,24,18,18,0,24,23.5,20,21.5,0,0,0,Pathfinder Book of the Dead,11,Corpseroot
605,2,4,3,0,1,1,20,56,10,10,14,10,0,14,9.0,0,0.0,0,0,0,Pathfinder Book of the Dead,4,Jitterbone Contortionist
601,5,3,2,5,4,6,26,130,16,16,13,18,0,20,15.5,0,0.0,0,0,0,Pathfinder Book of the Dead,8,Ice Mummy
574,4,3,3,-2,-1,0,19,65,6,10,12,4,0,12,11.0,11,10.0,0,0,0,Pathfinder Book of the Dead,3,Combusted
571,2,5,2,1,2,5,22,50,11,9,14,14,0,14,14.0,0,0.0,4,22,14,Pathfinder Book of the Dead,5,Bone Croupier
608,4,5,3,1,2,4,24,95,12,13,17,12,0,17,14.0,18,6.5,0,0,0,Pathfinder Book of the Dead,6,Little Man In The Woods
607,-5,10,10,7,7,6,45,330,33,34,36,31,0,0,0.0,0,0.0,0,0,0,Pathfinder Book of the Dead,20,Last Guard
606,3,4,3,1,1,3,18,32,7,7,10,7,0,10,7.5,0,0.0,0,0,0,Pathfinder Book of the Dead,2,Lacedon
570,-5,7,3,5,5,7,30,175,22,18,24,22,0,24,24.0,0,0.0,9,30,22,Pathfinder Book of the Dead,11,Bhuta
572,5,6,4,3,2,4,27,125,16,16,20,12,0,20,15.0,0,0.0,0,0,0,Pathfinder Book of the Dead,8,Cadaverous Rake
573,6,3,4,2,6,5,27,165,18,14,15,18,0,20,17.0,0,0.0,3,26,18,Pathfinder Book of the Dead,8,Child of Urgathoa
609,-5,7,1,2,2,5,32,165,20,19,23,20,0,25,18.0,0,0.0,0,0,0,Pathfinder Book of the Dead,12,Llorona
599,3,4,2,1,3,2,24,112,16,13,17,14,0,16,13.5,18,11.5,0,0,0,Pathfinder Book of the Dead,7,Hunter Wight
588,-5,9,0,5,7,6,39,250,35,25,34,30,0,34,27.5,34,24.5,10,39,31,Pathfinder Book of the Dead,17,Fluxwraith
597,7,8,6,-2,4,3,37,280,27,26,30,24,0,30,31.5,0,0.0,6,35,27,Pathfinder Book of the Dead,15,Hollow Serpent
587,1,3,1,3,2,4,18,30,9,6,12,9,0,10,10.0,10,11.0,0,0,0,Pathfinder Book of the Dead,3,Fiddling Bones
586,3,4,1,-3,3,0,16,18,8,4,9,6,0,9,5.5,0,0.0,0,0,0,Pathfinder Book of the Dead,1,Festering Gnasher
585,5,2,5,2,3,5,28,130,17,19,14,17,2,20,18.0,0,0.0,1,25,17,Pathfinder Book of the Dead,8,Fallen Champion
584,3,3,2,2,4,4,21,93,16,12,13,16,1,14,7.5,0,0.0,3,24,16,Pathfinder Book of the Dead,6,Faithless Ecclesiarch
583,4,5,4,-3,1,0,24,160,18,17,18,14,0,18,17.0,18,14.5,0,0,0,Pathfinder Book of the Dead,7,Excorion
582,9,6,7,0,5,5,38,275,27,27,30,27,0,33,30.5,0,0.0,0,0,0,Pathfinder Book of the Dead,16,Ecorche
581,6,4,4,-5,2,-1,26,130,14,16,14,12,0,20,17.0,0,0.0,0,0,0,Pathfinder Book of the Dead,8,Drake Skeleton
580,3,1,-2,-2,4,2,17,40,10,6,7,10,0,11,7.5,0,0.0,0,0,0,Pathfinder Book of the Dead,2,Decrepit Mummy
579,2,4,0,1,6,4,23,87,15,13,13,17,2,15,13.5,0,0.0,4,25,17,Pathfinder Book of the Dead,7,Deathless Hierophant Of Urgathoa
578,1,2,0,1,4,2,17,36,9,7,7,11,1,10,9.5,0,0.0,1,19,11,Pathfinder Book of the Dead,3,Deathless Acolyte Of Urgathoa
577,-5,8,2,3,4,5,35,228,26,22,28,24,0,30,27.5,0,0.0,7,34,26,Pathfinder Book of the Dead,14,Death Coach
610,7,4,6,4,8,4,36,190,28,26,24,28,3,29,29.5,0,0.0,8,34,26,Pathfinder Book of the Dead,14,Minister Of Tumult
576,6,4,4,0,2,0,28,170,17,21,17,15,0,21,20.5,0,0.0,0,0,0,Pathfinder Book of the Dead,9,Daqqanoenyent
589,8,4,5,2,4,5,37,280,27,28,25,27,0,31,27.5,0,0.0,0,0,0,Pathfinder Book of the Dead,15,Gallowdead
590,8,4,5,-3,3,3,33,230,24,26,21,24,0,27,27.5,0,0.0,0,0,0,Pathfinder Book of the Dead,13,Gashadokuro
592,7,3,7,2,2,5,27,215,16,21,17,14,0,23,19.0,0,0.0,0,0,0,Pathfinder Book of the Dead,10,Gholdako
593,-5,6,0,2,3,5,26,100,17,14,18,15,0,20,18.0,20,15.0,0,0,0,Pathfinder Book of the Dead,8,Ghost Pirate Captain
594,5,1,2,2,2,5,21,85,13,13,10,13,0,15,13.0,0,0.0,0,0,0,Pathfinder Book of the Dead,5,Ghul
595,-5,6,4,0,2,5,27,125,17,19,19,15,0,21,23.0,0,0.0,0,0,0,Pathfinder Book of the Dead,9,Grappling Spirit
596,4,4,3,1,5,2,20,80,13,11,10,13,0,12,12.5,0,0.0,2,21,13,Pathfinder Book of the Dead,4,Harlo Krant
598,2,6,0,8,4,6,35,250,25,21,27,27,0,27,22.5,0,0.0,8,39,31,Pathfinder Book of the Dead,15,Horde Lich
611,1,0,2,-4,3,-2,15,17,7,8,4,7,0,8,3.5,0,0.0,1,15,7,Pathfinder Book of the Dead,0,Mummified Cat
5371,7,3,5,-2,3,2,32,225,20,26,20,20,0,26,33.0,22,25.0,0,0,0,Pathfinder Book of the Dead,12,Corpse Sugi
630,6,4,6,4,9,2,36,218,31,28,24,31,3,28,29.5,0,0.0,8,41,33,Pathfinder Book of the Dead,16,Siabrae
629,2,4,0,-1,0,2,16,30,6,6,10,8,0,11,8.5,0,0.0,0,0,0,Pathfinder Book of the Dead,2,Shredskin
628,2,4,3,-1,0,1,15,21,5,6,9,3,0,9,5.5,0,0.0,0,0,0,Pathfinder Book of the Dead,1,Shadern Immolator
627,4,4,7,-5,3,2,32,160,19,25,22,19,0,0,0.0,0,0.0,0,0,0,Pathfinder Book of the Dead,12,Seetangeist
626,4,2,2,-4,2,-1,15,22,7,9,7,5,0,9,5.5,0,0.0,0,0,0,Pathfinder Book of the Dead,1,Scorned Hound
625,5,6,4,7,7,10,42,330,32,27,33,36,0,34,40.0,0,0.0,9,45,37,Pathfinder Book of the Dead,19,Runecarved Lich
624,7,2,7,4,5,1,32,265,23,25,18,21,0,26,29.5,21,19.5,0,0,0,Pathfinder Book of the Dead,12,Relictner Eroder
623,3,4,0,6,3,2,26,150,17,14,16,19,0,20,20.0,0,0.0,0,0,0,Pathfinder Book of the Dead,8,Raw Nerve
612,5,4,5,6,8,6,33,250,23,22,21,25,0,25,21.5,0,0.0,7,33,25,Pathfinder Book of the Dead,13,Mummy Prophet Of Set
622,9,5,9,7,7,4,41,417,31,35,27,33,0,35,33.5,31,31.5,9,41,33,Pathfinder Book of the Dead,18,Queen Sluagh
620,5,3,4,3,7,3,31,130,22,21,18,24,0,23,18.0,0,0.0,6,32,22,Pathfinder Book of the Dead,11,Provincial Jiang-shi
619,4,3,1,0,4,2,19,63,13,9,9,12,2,13,11.0,0,0.0,3,23,13,Pathfinder Book of the Dead,5,Priest Of Kabriri
618,0,4,2,-4,1,-1,16,6,5,4,8,3,0,8,2.5,0,0.0,0,0,0,Pathfinder Book of the Dead,-1,Predatory Rabbit
617,-5,6,2,1,5,6,24,100,17,12,18,19,0,20,17.5,0,0.0,0,0,0,Pathfinder Book of the Dead,8,Polong
616,5,7,4,0,3,2,29,155,19,19,21,15,0,21,12.5,24,11.0,0,0,0,Pathfinder Book of the Dead,10,Pale Stranger
615,4,8,4,6,6,9,36,298,28,26,30,28,0,28,33.0,0,0.0,8,41,33,Pathfinder Book of the Dead,16,Pale Sovereign
614,2,7,5,2,5,6,32,180,21,21,23,23,0,25,28.5,0,0.0,4,32,24,Pathfinder Book of the Dead,12,Onryo
621,4,5,2,1,3,3,28,155,18,17,20,16,0,21,12.0,0,0.0,0,0,0,Pathfinder Book of the Dead,9,Prowler Wight
631,8,5,3,0,5,3,34,220,24,22,24,22,0,27,27.5,0,0.0,0,0,0,Pathfinder Book of the Dead,13,Silent Stalker
632,2,4,0,-1,2,0,21,60,9,9,11,13,0,11,11.0,0,0.0,3,22,14,Pathfinder Book of the Dead,5,Skeletal Mage
633,2,2,3,-5,0,0,17,16,5,6,7,5,0,9,4.5,9,4.5,0,0,0,Pathfinder Book of the Dead,1,Skeletal Soldier
650,3,1,2,-5,0,-2,13,35,2,6,3,2,0,7,6.5,0,0.0,0,0,0,Pathfinder Book of the Dead,0,Zombie Snake
649,4,0,3,-5,1,-3,16,85,8,8,5,6,0,12,13.5,0,0.0,0,0,0,Pathfinder Book of the Dead,3,Zombie Owlbear
648,7,0,5,-5,2,-3,27,290,17,22,15,19,0,24,24.0,0,0.0,0,0,0,Pathfinder Book of the Dead,11,Zombie Mammoth
647,4,4,3,1,5,2,20,80,13,11,10,13,0,12,12.5,0,0.0,2,21,13,Pathfinder Book of the Dead,4,Zombie Lord
646,5,4,4,0,2,0,22,80,11,11,13,9,0,14,11.5,0,0.0,0,0,0,Pathfinder Book of the Dead,5,Withered
645,6,3,4,5,3,3,32,220,22,24,19,21,0,27,23.0,0,0.0,5,29,21,Pathfinder Book of the Dead,12,Wight Commander
644,-5,6,3,3,6,4,26,100,18,13,16,18,0,18,16.0,0,0.0,5,24,16,Pathfinder Book of the Dead,8,Waldgeist
643,4,4,4,6,7,7,28,140,22,19,19,24,0,21,23.5,0,0.0,6,30,22,Pathfinder Book of the Dead,11,Vetalarana Manipulator
642,6,5,4,3,4,4,26,100,14,14,17,16,0,20,18.0,20,12.0,0,0,0,Pathfinder Book of the Dead,8,Vetalarana Emergent
641,6,4,4,-1,5,8,35,250,27,22,26,27,0,28,35.0,0,0.0,0,0,0,Pathfinder Book of the Dead,14,Tormented (Starvation)
640,6,4,4,-1,5,8,35,250,27,22,26,27,0,28,35.0,0,0.0,0,0,0,Pathfinder Book of the Dead,14,Tormented (Impalement)
639,6,4,4,-1,5,8,35,250,27,22,26,27,0,28,35.0,0,0.0,0,0,0,Pathfinder Book of the Dead,14,Tormented (Drowning)
638,6,4,4,-1,5,8,35,250,27,22,26,27,0,28,35.0,0,0.0,0,0,0,Pathfinder Book of the Dead,14,Tormented (Dislocation)
637,6,4,4,-1,5,8,35,250,27,22,26,27,0,28,35.0,0,0.0,0,0,0,Pathfinder Book of the Dead,14,Tormented (Crushing)
636,6,4,4,-1,5,8,35,250,27,22,26,27,0,28,35.0,0,0.0,0,0,0,Pathfinder Book of the Dead,14,Tormented (Burning)
635,1,5,1,0,4,1,22,80,13,10,14,11,0,14,14.0,0,0.0,0,0,0,Pathfinder Book of the Dead,5,Taunting Skull
634,3,7,3,3,5,0,29,175,21,17,21,19,0,23,19.5,0,0.0,2,26,16,Pathfinder Book of the Dead,10,Sluagh Reaper
613,6,4,3,0,4,7,36,250,26,25,22,28,0,29,25.5,0,0.0,7,34,26,Pathfinder Book of the Dead,14,Obrousian
1947,0,1,3,-1,2,-1,14,8,5,6,5,5,0,6,3.5,5,3.5,0,0,0,Pathfinder #178: Punks in a Powder Keg,-1,Sludgespine Killer
1945,1,3,1,4,1,4,18,44,9,6,10,8,0,10,13.0,0,0.0,0,0,0,Pathfinder #178: Punks in a Powder Keg,3,Shoma Lyzerius
1948,3,-2,2,-5,-1,-5,12,60,6,10,3,6,0,9,7.5,0,0.0,0,0,0,Pathfinder #178: Punks in a Powder Keg,2,Yeast Ooze
1946,5,3,1,-4,3,-2,18,60,10,8,12,8,0,12,9.5,0,0.0,0,0,0,Pathfinder #178: Punks in a Powder Keg,3,Slick
1938,-5,2,3,0,-1,-3,14,24,3,7,6,3,0,6,2.5,0,0.0,0,14,4,Pathfinder #178: Punks in a Powder Keg,0,Ioton (F6)
1944,4,-4,3,-5,1,-5,11,80,6,10,3,6,0,11,8.5,0,0.0,0,0,0,Pathfinder #178: Punks in a Powder Keg,3,Rust Ooze
1932,0,2,3,1,4,4,16,40,10,7,6,10,0,8,7.5,8,6.5,1,18,10,Pathfinder #178: Punks in a Powder Keg,2,Dewey Daystar
1931,0,4,0,-5,3,-5,18,12,7,2,8,5,0,8,2.5,8,3.5,0,0,0,Pathfinder #178: Punks in a Powder Keg,0,Clockwork Hunter
1930,4,2,3,-5,3,-5,16,16,8,10,7,6,0,7,6.5,0,0.0,0,0,0,Pathfinder #178: Punks in a Powder Keg,1,Clockwork Handler
1928,4,3,1,-5,3,1,18,40,8,8,10,8,0,9,9.0,0,0.0,0,0,0,Pathfinder #178: Punks in a Powder Keg,3,Clockwork Brewer
1927,2,1,1,-1,2,3,15,13,6,3,5,8,0,6,5.5,0,0.0,4,15,5,Pathfinder #178: Punks in a Powder Keg,0,Clearwater Cleaner
1926,5,1,3,1,2,3,16,40,8,7,5,6,0,10,7.5,7,8.5,0,0,0,Pathfinder #178: Punks in a Powder Keg,2,Bristlebane
1933,0,3,1,-1,0,-1,15,8,6,5,7,2,0,6,3.5,7,2.5,4,14,6,Pathfinder #178: Punks in a Powder Keg,-1,Follower of Shumfallow
1934,3,6,4,3,1,2,24,60,9,10,14,9,0,14,15.5,12,13.0,0,0,0,Pathfinder #178: Punks in a Powder Keg,4,Glaz Nixbrix
1929,6,3,2,-5,3,-5,19,50,8,10,11,9,0,16,12.0,11,9.0,0,0,0,Pathfinder #178: Punks in a Powder Keg,4,Clockwork Fabricator
1936,2,3,2,0,0,1,14,8,3,3,4,2,0,4,2.5,0,0.0,0,0,0,Pathfinder #178: Punks in a Powder Keg,-1,Gold Tank Investor
1935,4,2,3,-5,3,-5,16,16,8,10,7,6,0,7,6.5,0,0.0,0,0,0,Pathfinder #178: Punks in a Powder Keg,1,Gold Tank Broker
1943,3,2,4,-2,2,1,18,36,6,10,6,6,0,9,6.5,0,0.0,0,0,0,Pathfinder #178: Punks in a Powder Keg,2,Roxy
1942,3,2,4,-2,2,1,18,36,6,10,6,6,0,9,6.5,0,0.0,0,0,0,Pathfinder #178: Punks in a Powder Keg,2,Prairie Drake
1941,0,3,2,1,0,2,16,13,4,5,6,2,0,4,2.5,7,2.5,0,0,0,Pathfinder #178: Punks in a Powder Keg,0,Powderkeg Punk Gunner
1939,1,4,3,1,3,0,19,37,8,8,9,8,0,8,3.5,9,2.5,0,0,0,Pathfinder #178: Punks in a Powder Keg,3,Irkem Dresh
1937,3,4,2,0,0,1,18,30,10,10,10,4,0,11,7.5,11,7.5,0,0,0,Pathfinder #178: Punks in a Powder Keg,2,Gunmarshal
1940,0,4,3,2,0,3,17,16,5,6,7,4,0,7,2.5,9,6.5,0,0,0,Pathfinder #178: Punks in a Powder Keg,1,Powderkeg Punk Bombardier
4273,4,3,2,0,5,3,21,60,13,8,11,13,0,14,11.5,0,0.0,0,0,0,Pathfinder Society Scenario #3-13: Guardian's Covenant,4,Peryton (Heretical)
4267,3,-3,4,-5,0,-5,19,35,9,12,5,5,0,10,9.0,12,10.0,0,0,0,Pathfinder Society Scenario #3-13: Guardian's Covenant,3,Flaming Animated Armor (Leadroar) (1-2)
4271,3,4,2,-4,1,-2,18,30,7,8,10,5,0,10,6.5,0,0.0,0,0,0,Pathfinder Society Scenario #3-13: Guardian's Covenant,2,Leopard (PFS 3-13)
4274,4,3,2,0,5,3,21,60,13,8,11,13,0,14,11.5,14,10.5,0,0,0,Pathfinder Society Scenario #3-13: Guardian's Covenant,4,Peryton (Rifle Mutation)
4275,-5,5,0,-1,2,4,22,55,11,9,14,13,1,0,0.0,13,14.5,2,23,13,Pathfinder Society Scenario #3-13: Guardian's Covenant,5,Poltergeist (Holy Hand)
4276,0,3,2,1,2,1,16,21,5,7,8,5,0,8,4.5,0,0.0,0,0,0,Pathfinder Society Scenario #3-13: Guardian's Covenant,1,Skulk (PFS 3-13)
4269,3,4,2,1,2,3,18,30,8,6,10,8,0,11,7.5,0,0.0,0,0,0,Pathfinder Society Scenario #3-13: Guardian's Covenant,2,Ghast (Heretical)
4277,4,5,4,1,2,3,24,105,14,14,15,14,0,17,21.0,0,0.0,4,23,15,Pathfinder Society Scenario #3-13: Guardian's Covenant,6,Thundering Wihsaak (Arctic)
4268,3,4,2,1,2,3,18,30,8,6,10,8,0,11,7.5,0,0.0,0,0,0,Pathfinder Society Scenario #3-13: Guardian's Covenant,2,Ghast (Arctic)
4272,4,3,2,0,5,3,21,60,13,8,11,13,0,14,12.0,0,0.0,0,0,0,Pathfinder Society Scenario #3-13: Guardian's Covenant,4,Peryton (Arctic)
4266,3,-3,4,-5,0,-5,19,35,9,12,5,5,0,12,11.0,0,0.0,0,0,0,Pathfinder Society Scenario #3-13: Guardian's Covenant,3,Flaming Animated Armor (Holy Hand) (1-2)
4262,2,3,2,-4,2,0,18,45,9,9,12,6,0,10,11.0,0,0.0,0,0,0,Pathfinder Society Scenario #3-13: Guardian's Covenant,3,Cinder Rat (Ashgrip)
4264,3,-3,4,-5,0,-5,19,35,9,12,5,5,0,12,9.0,0,0.0,0,0,0,Pathfinder Society Scenario #3-13: Guardian's Covenant,3,Flaming Animated Armor (Ashgrip) (1-2)
4263,2,3,2,-4,2,0,18,45,9,9,12,6,0,10,11.0,0,0.0,0,0,0,Pathfinder Society Scenario #3-13: Guardian's Covenant,3,Cinder Rat (Leadroar)
4261,4,3,2,-1,1,0,20,44,8,9,10,6,0,11,8.5,0,0.0,0,0,0,Pathfinder Society Scenario #3-13: Guardian's Covenant,3,Bugbear Tormentor (PFS 3-13)
4279,4,5,4,1,2,3,24,105,14,14,15,14,0,17,20.5,17,17.5,4,23,15,Pathfinder Society Scenario #3-13: Guardian's Covenant,6,Thundering Wihsaak (Rifle Mutation)
4280,4,5,4,1,2,3,24,105,14,14,15,14,0,17,20.5,0,0.0,4,23,15,Pathfinder Society Scenario #3-13: Guardian's Covenant,6,Thundering Wihsaak
4281,-4,4,2,-5,2,-1,18,45,10,10,12,8,0,0,0.0,0,0.0,0,0,0,Pathfinder Society Scenario #3-13: Guardian's Covenant,4,Wasp Swarm (Arctic)
4282,-4,4,2,-5,2,-1,18,45,10,10,12,8,0,0,0.0,0,0.0,0,0,0,Pathfinder Society Scenario #3-13: Guardian's Covenant,4,Wasp Swarm (Heretical)
4283,-4,4,2,-5,2,-1,18,45,10,10,12,8,0,0,0.0,0,0.0,0,0,0,Pathfinder Society Scenario #3-13: Guardian's Covenant,4,Wasp Swarm (PFS 3-13)
4284,2,4,3,1,3,0,18,35,9,9,10,7,0,0,0.0,0,0.0,0,0,0,Pathfinder Society Scenario #3-13: Guardian's Covenant,2,Werebat (PFS 3-13)
4285,4,3,3,0,3,-1,21,75,11,11,13,9,0,0,0.0,0,0.0,0,0,0,Pathfinder Society Scenario #3-13: Guardian's Covenant,4,Weretiger (PFS 3-13)
4265,3,-3,4,-5,0,-5,19,35,9,12,5,5,0,12,10.0,0,0.0,0,0,0,Pathfinder Society Scenario #3-13: Guardian's Covenant,3,Flaming Animated Armor (Firecutter) (1-2)
4278,4,5,4,1,2,3,24,105,14,14,15,14,0,17,20.5,0,0.0,4,23,15,Pathfinder Society Scenario #3-13: Guardian's Covenant,6,Thundering Wihsaak (Heretical)
4270,4,4,2,2,3,2,22,60,12,9,15,12,1,15,14.0,0,0.0,3,22,14,Pathfinder Society Scenario #3-13: Guardian's Covenant,5,Grimstalker (PFS 3-13)
4292,7,5,5,-3,4,6,27,190,19,18,20,19,0,20,22.0,0,0.0,0,0,0,Pathfinder Society Scenario #3-14: The Tomb Between Worlds,9,Umbral Cu Sith
4291,6,2,4,-4,2,-5,23,85,12,16,14,12,0,17,18.0,14,15.5,0,0,0,Pathfinder Society Scenario #3-14: The Tomb Between Worlds,6,Shanrigol Mound
4290,5,2,4,0,5,5,27,165,20,19,15,20,0,21,20.0,0,0.0,0,0,0,Pathfinder Society Scenario #3-14: The Tomb Between Worlds,9,Khisisi (7-8)
4289,4,0,2,-2,4,2,25,130,18,16,12,18,0,18,16.0,0,0.0,0,0,0,Pathfinder Society Scenario #3-14: The Tomb Between Worlds,7,Khisisi (5-6)
4288,1,4,2,2,4,6,26,125,18,13,19,17,1,18,22.0,0,0.0,3,28,20,Pathfinder Society Scenario #3-14: The Tomb Between Worlds,8,Glurorchaes (7-8)
4287,4,4,3,-2,3,0,22,90,14,12,15,10,0,15,13.0,0,0.0,0,0,0,Pathfinder Society Scenario #3-14: The Tomb Between Worlds,5,Elite Hieracosphinx (PFS 3-14)
4286,-5,4,0,0,2,5,22,80,12,8,14,14,0,17,13.0,17,9.5,0,0,0,Pathfinder Society Scenario #3-14: The Tomb Between Worlds,6,Debased Relic
5135,0,0,0,0,0,0,20,70,11,12,14,10,0,14,10.5,0,0.0,0,0,0,Pathfinder #177: Burning Tundra,4,Rhino Warriors
5140,6,0,4,-5,2,-3,23,180,15,18,11,15,0,18,21.0,0,0.0,0,0,0,Pathfinder #177: Burning Tundra,7,Tar Zombie Predator
5139,7,-1,5,-5,1,-3,26,240,18,22,14,16,0,21,18.0,0,0.0,0,0,0,Pathfinder #177: Burning Tundra,9,Tar Zombie Mammoth
5138,8,-3,8,-5,0,-5,18,255,18,22,10,15,0,23,25.0,0,0.0,0,0,0,Pathfinder #177: Burning Tundra,10,Tar Ooze
5137,1,5,2,3,4,5,24,90,14,11,14,17,0,17,16.5,17,15.0,3,24,14,Pathfinder #177: Burning Tundra,6,Summer Hora
5136,2,8,4,4,5,8,35,190,26,21,25,24,0,27,25.0,27,25.5,7,33,25,Pathfinder #177: Burning Tundra,13,Summer Hora Queen
5134,7,4,6,1,3,4,33,225,22,24,22,20,0,25,30.5,0,0.0,0,0,0,Pathfinder #177: Burning Tundra,12,Pakano (Level 12)
5133,8,6,7,1,3,5,33,240,20,26,23,20,0,27,28.0,0,0.0,5,34,26,Pathfinder #177: Burning Tundra,13,Metuak
5132,5,3,3,0,4,2,30,210,21,20,18,23,2,24,20.0,0,0.0,1,28,18,Pathfinder #177: Burning Tundra,11,Lomok
5131,0,4,5,2,5,2,29,150,23,21,20,21,0,19,8.5,0,0.0,5,29,21,Pathfinder #177: Burning Tundra,10,Jesseri The Hailstorm
5130,5,2,4,5,1,3,33,212,21,24,22,19,1,25,32.5,0,0.0,6,32,24,Pathfinder #177: Burning Tundra,12,Ivarsa
5129,6,8,4,5,6,4,34,225,27,23,27,21,0,26,19.0,27,29.5,0,0,0,Pathfinder #177: Burning Tundra,13,Hegremon
5128,7,0,5,0,2,0,28,130,16,21,14,14,0,20,16.0,0,0.0,0,0,0,Pathfinder #177: Burning Tundra,8,Graylok Gatebreaker
5127,5,3,5,3,2,0,26,100,16,19,16,13,0,21,21.0,0,0.0,0,0,0,Pathfinder #177: Burning Tundra,8,Graylok Artillerist
5126,5,3,4,1,2,0,26,130,19,16,19,13,0,18,15.0,0,0.0,0,0,0,Pathfinder #177: Burning Tundra,8,Graylok Ambusher
5125,5,5,4,1,4,0,26,135,16,16,17,16,0,20,13.0,0,0.0,0,0,0,Pathfinder #177: Burning Tundra,8,Everburning Mammoth
5124,5,4,5,7,5,3,31,140,21,19,17,23,0,22,21.5,0,0.0,5,29,19,Pathfinder #177: Burning Tundra,10,Calcifda
5123,4,4,2,1,2,0,25,120,15,17,15,13,0,18,11.5,0,0.0,0,0,0,Pathfinder #177: Burning Tundra,7,Burning Mammoth Commando
5122,6,3,6,2,4,4,28,175,18,21,15,18,0,19,20.0,19,17.0,5,25,15,Pathfinder #177: Burning Tundra,9,Arboreal Tar Tree
5141,5,0,4,-5,1,-3,22,130,12,18,10,13,0,17,17.0,0,0.0,0,0,0,Pathfinder #177: Burning Tundra,6,Tar Zombie Snatcher
5142,7,5,3,-4,0,-5,29,145,18,23,19,16,0,23,26.0,0,0.0,0,0,0,Pathfinder #177: Burning Tundra,10,Weykoward
5143,1,4,1,3,0,4,25,110,13,14,19,11,0,19,8.0,0,0.0,2,23,13,Pathfinder #177: Burning Tundra,7,Yana No-trail
5880,0,9,5,0,6,9,41,310,28,26,34,29,0,33,31.5,0,0.0,0,0,0,Pathfinder #174: Shadows of the Ancients,17,Alapolo
5908,10,5,5,0,5,6,43,400,32,35,29,32,0,38,33.5,0,0.0,0,0,0,Pathfinder #174: Shadows of the Ancients,19,Wereant Sentinel
5907,6,9,3,0,6,5,40,350,29,27,32,29,0,33,22.5,0,0.0,0,0,0,Pathfinder #174: Shadows of the Ancients,17,Wereant Poisoner
5906,6,9,5,0,6,4,39,305,28,28,30,25,0,0,0.0,0,0.0,0,0,0,Pathfinder #174: Shadows of the Ancients,16,Wereant Disciple
5905,2,3,3,4,3,5,39,270,30,30,27,33,0,28,13.5,28,32.5,9,40,32,Pathfinder #174: Shadows of the Ancients,18,Unshadowed Okoro
5904,1,3,4,5,4,3,39,270,30,30,27,33,3,28,11.5,0,0.0,9,40,32,Pathfinder #174: Shadows of the Ancients,18,Unshadowed Mariama
5903,1,3,4,6,3,4,40,290,33,32,29,35,0,30,34.0,0,0.0,10,41,33,Pathfinder #174: Shadows of the Ancients,19,Unshadowed Koride
5902,5,4,4,4,2,-1,41,330,30,33,30,27,0,33,26.5,0,0.0,9,40,32,Pathfinder #174: Shadows of the Ancients,18,Unshadowed Haibram
5901,2,3,4,5,5,-1,39,270,33,30,27,33,0,28,15.5,0,0.0,9,40,32,Pathfinder #174: Shadows of the Ancients,18,Unshadowed Anchor Root
5900,6,9,6,-5,5,2,39,330,27,27,30,35,0,30,31.5,0,0.0,0,0,0,Pathfinder #174: Shadows of the Ancients,16,Thorn Guardian
5899,7,6,7,10,6,7,46,400,39,35,30,36,0,38,37.0,0,0.0,10,42,32,Pathfinder #174: Shadows of the Ancients,20,Tatterthread
5898,6,10,5,0,10,6,45,440,35,30,35,33,0,24,30.0,0,0.0,0,0,0,Pathfinder #174: Shadows of the Ancients,19,Ta'apundo
5897,10,7,7,2,7,6,45,380,36,35,33,33,0,38,43.0,35,0.0,9,40,32,Pathfinder #174: Shadows of the Ancients,20,Slana
5896,8,8,3,9,5,4,42,330,32,27,35,29,0,36,21.5,0,0.0,9,40,32,Pathfinder #174: Shadows of the Ancients,18,Shianshi Waymaker
5881,4,8,6,-1,6,4,39,295,28,24,30,28,0,32,17.5,0,0.0,0,0,0,Pathfinder #174: Shadows of the Ancients,16,Alate Ant
5895,9,6,5,2,6,9,42,335,30,31,33,29,0,35,32.5,0,0.0,0,0,0,Pathfinder #174: Shadows of the Ancients,18,Red Queen
5893,9,5,6,0,6,9,40,315,30,29,28,31,0,33,27.5,0,0.0,0,0,0,Pathfinder #174: Shadows of the Ancients,17,Red Commander Ant
5882,-1,9,7,-5,6,-4,41,260,30,31,33,27,0,0,0.0,0,0.0,0,0,0,Pathfinder #174: Shadows of the Ancients,18,Apocalypse Ant Swarm
5883,10,-1,9,-3,-1,-1,40,410,25,36,25,27,0,36,38.0,0,0.0,0,0,0,Pathfinder #174: Shadows of the Ancients,19,Aspect of Hunger
5884,8,10,8,5,7,8,47,320,41,37,41,38,1,40,45.0,0,0.0,7,47,37,Pathfinder #174: Shadows of the Ancients,21,Aspect of Immortality
5885,10,0,10,-3,7,0,37,420,31,39,30,33,0,40,42.0,0,0.0,0,0,0,Pathfinder #174: Shadows of the Ancients,20,Aspect of Insects
5894,8,4,6,-2,6,4,37,275,27,29,23,26,0,30,24.5,0,0.0,0,0,0,Pathfinder #174: Shadows of the Ancients,15,Red Guard Ant
5887,9,-5,10,-5,0,-5,28,550,30,33,16,20,0,35,33.5,0,0.0,0,0,0,Pathfinder #174: Shadows of the Ancients,18,Chromatic Ooze
5886,10,2,9,-3,6,5,44,340,30,35,26,30,0,35,35.5,0,0.0,0,0,0,Pathfinder #174: Shadows of the Ancients,18,Cataclysm Beetle
5889,5,9,6,-5,0,-5,30,300,26,28,31,20,0,32,36.5,0,0.0,0,0,0,Pathfinder #174: Shadows of the Ancients,16,Crawling Slurry
5890,10,-1,10,0,6,5,44,400,33,35,26,33,0,36,34.0,36,38.0,9,41,33,Pathfinder #174: Shadows of the Ancients,19,Hivebound Arboreal
5891,10,6,10,-5,5,-1,49,400,36,38,32,35,0,39,46.0,0,0.0,0,0,0,Pathfinder #174: Shadows of the Ancients,21,Ironclad Annihilator Beetle
5892,9,-1,9,-5,0,-5,40,255,26,31,25,27,0,33,31.5,0,0.0,0,0,0,Pathfinder #174: Shadows of the Ancients,17,Lignified Adamantine Golem
5888,10,6,7,-5,6,-5,48,325,34,36,33,31,0,36,36.0,0,0.0,0,0,0,Pathfinder #174: Shadows of the Ancients,20,Clockwork Clock Tower
4256,4,2,3,3,1,4,18,55,8,10,9,8,0,13,9.5,9,9.5,0,0,0,Pathfinder Society Scenario #3-12: Fury's Toll,3,Fasiel Ibn Sazadin (1-2)
4259,3,0,4,-5,0,-5,13,30,5,10,5,5,0,7,6.5,0,0.0,0,0,0,Pathfinder Society Scenario #3-12: Fury's Toll,1,Rampaging Roast (Well Done)
4255,3,-3,4,-5,0,-5,17,30,6,10,3,4,0,11,8.5,0,0.0,0,0,0,Pathfinder Society Scenario #3-12: Fury's Toll,2,Animated Cookware
4257,5,3,4,4,2,5,21,93,11,13,12,11,0,16,11.5,12,12.5,0,0,0,Pathfinder Society Scenario #3-12: Fury's Toll,5,Fasiel Ibn Sazadin (3-4)
4260,1,2,4,-2,0,0,18,28,4,10,8,6,1,9,6.5,0,0.0,2,18,10,Pathfinder Society Scenario #3-12: Fury's Toll,2,Scalding Mephit
4258,4,0,4,-5,0,-5,16,60,7,12,7,7,0,10,11.5,0,0.0,0,0,0,Pathfinder Society Scenario #3-12: Fury's Toll,3,Rampaging Roast (Medium Rare)
4244,3,2,3,-1,1,0,17,40,10,12,9,6,0,10,11.5,0,0.0,2,17,9,Pathfinder Society Scenario #3-10: Delve the Pallid Depths,3,Forged Bones
4246,4,4,1,-1,2,1,19,25,8,7,10,6,0,10,8.5,0,0.0,0,0,0,Pathfinder Society Scenario #3-10: Delve the Pallid Depths,2,Unstable Skeletal Champion
4245,0,-3,2,-5,1,-5,10,30,4,7,2,4,0,0,0.0,8,6.0,0,0,0,Pathfinder Society Scenario #3-10: Delve the Pallid Depths,1,Sulfuric Slime
4243,2,4,0,-5,0,0,16,4,2,2,8,2,0,6,4.5,6,3.5,0,0,0,Pathfinder Society Scenario #3-10: Delve the Pallid Depths,-1,Bloody Skeleton Guard
4242,4,4,1,-1,2,1,19,25,8,7,10,6,0,10,8.5,0,0.0,0,0,0,Pathfinder Society Scenario #3-10: Delve the Pallid Depths,2,Bloody Skeletal Champion
4247,2,4,0,-5,0,0,16,4,2,2,8,2,0,6,4.5,6,3.5,0,0,0,Pathfinder Society Scenario #3-10: Delve the Pallid Depths,-1,Unstable Skeleton Guard
4241,5,1,3,-5,0,2,17,50,7,10,8,7,0,12,10.5,0,0.0,0,0,0,Pathfinder Society Scenario #3-10: Delve the Pallid Depths,3,Bloody Beetle Exoskeleton
4248,0,2,2,0,4,4,21,56,14,9,11,15,1,11,4.5,0,0.0,3,22,14,Pathfinder Society Scenario #3-11: No Time for Treason,5,"Cole Farsen, Advisor"
4254,0,2,2,0,4,4,18,32,8,9,8,6,0,9,8.5,8,8.5,0,0,0,Pathfinder Society Scenario #3-11: No Time for Treason,2,Ninth Army Ruffian
4253,0,3,0,4,2,4,20,70,11,9,12,15,0,12,4.5,0,0.0,0,0,0,Pathfinder Society Scenario #3-11: No Time for Treason,5,Ninth Army Fence
4252,2,4,1,1,2,1,21,60,10,7,12,10,0,14,9.5,14,7.5,0,0,0,Pathfinder Society Scenario #3-11: No Time for Treason,4,Ninth Army Burglar
4251,4,2,3,-1,1,0,16,25,8,8,7,4,0,7,7.5,0,0.0,0,0,0,Pathfinder Society Scenario #3-11: No Time for Treason,1,Ninth Army Bodyguard
4249,4,4,2,2,-1,4,26,104,14,13,17,10,0,18,13.5,18,11.5,0,0,0,Pathfinder Society Scenario #3-11: No Time for Treason,7,"Cole Farsen, Gang Leader"
4250,5,-1,4,-2,1,-1,21,90,12,15,8,10,0,16,17.0,0,0.0,0,0,0,Pathfinder Society Scenario #3-11: No Time for Treason,5,Living Landslide (PFS 3-11)
5101,4,1,3,-4,3,1,19,45,10,12,6,8,0,12,11.0,0,0.0,0,0,0,Pathfinder #176: Lost Mammoth Valley,3,Castoroides
5100,4,2,3,1,1,0,21,65,11,13,11,7,0,14,8.5,12,9.5,0,0,0,Pathfinder #176: Lost Mammoth Valley,4,Bone Warrior
5099,1,2,3,-4,2,0,15,8,6,7,4,4,0,6,4.5,0,0.0,0,0,0,Pathfinder #176: Lost Mammoth Valley,-1,Beaver
5098,3,4,1,1,2,4,18,70,9,8,11,7,0,11,11.5,0,0.0,4,17,9,Pathfinder #176: Lost Mammoth Valley,3,Bargott
5110,6,2,5,-5,3,0,23,110,13,17,12,12,0,16,19.0,0,0.0,0,0,0,Pathfinder #176: Lost Mammoth Valley,6,Long-horned Bison
5105,4,2,4,-4,2,0,16,20,7,9,7,5,0,9,6.5,0,0.0,0,0,0,Pathfinder #176: Lost Mammoth Valley,1,Elk
5097,0,3,2,1,4,4,24,97,19,14,15,18,2,15,3.5,0,0.0,4,26,18,Pathfinder #176: Lost Mammoth Valley,8,Azi
5106,5,1,3,1,3,1,20,75,11,13,9,11,0,13,16.0,0,0.0,0,0,0,Pathfinder #176: Lost Mammoth Valley,4,Fiendish Arboreal
5102,7,-1,6,1,4,2,26,150,18,20,11,16,1,19,16.0,19,18.0,4,26,18,Pathfinder #176: Lost Mammoth Valley,8,Corrupted Elder Tree
5107,6,0,4,2,3,2,24,125,14,17,11,15,0,18,17.0,0,0.0,0,0,0,Pathfinder #176: Lost Mammoth Valley,7,Idovik
5108,3,4,3,-4,2,1,18,55,11,9,12,6,0,12,7.5,0,0.0,0,0,0,Pathfinder #176: Lost Mammoth Valley,3,Lagofir
5113,6,4,2,0,3,2,25,120,16,15,17,12,0,18,18.5,0,0.0,6,25,17,Pathfinder #176: Lost Mammoth Valley,7,Roru
5112,5,4,1,-3,3,-1,22,75,14,10,15,12,0,15,10.0,14,13.5,0,0,0,Pathfinder #176: Lost Mammoth Valley,5,Necrohusk
5111,5,3,5,-4,2,0,21,58,10,13,11,8,0,13,12.0,0,0.0,0,0,0,Pathfinder #176: Lost Mammoth Valley,4,Megaloceros
5109,3,4,1,-5,1,0,18,32,7,7,10,5,0,11,8.5,0,0.0,0,0,0,Pathfinder #176: Lost Mammoth Valley,2,Long-horned Bison Beheaded
5096,1,1,3,2,2,4,23,120,13,18,12,15,0,14,7.5,0,0.0,4,25,17,Pathfinder #176: Lost Mammoth Valley,7,Ashen Swale
5103,3,5,4,-4,2,0,21,60,11,11,15,9,0,0,0.0,0,0.0,0,0,0,Pathfinder #176: Lost Mammoth Valley,5,Crawling Hand Swarm
5118,3,4,2,1,2,0,23,115,14,14,16,14,0,16,10.5,0,0.0,0,24,16,Pathfinder #176: Lost Mammoth Valley,6,Venexus's Chosen
5104,4,4,3,2,1,0,27,135,16,16,18,13,0,20,15.0,20,17.0,0,0,0,Pathfinder #176: Lost Mammoth Valley,8,Desiak
5114,5,1,4,-5,2,0,22,75,9,15,8,11,0,15,13.0,0,0.0,0,0,0,Pathfinder #176: Lost Mammoth Valley,5,Skeletal Woolly Rhinoceros
5115,3,2,2,4,1,1,23,100,12,16,16,14,0,16,12.0,0,0.0,4,25,17,Pathfinder #176: Lost Mammoth Valley,7,Turkek
5116,4,1,2,1,3,0,21,60,14,12,11,14,0,12,9.5,9,6.5,0,0,0,Pathfinder #176: Lost Mammoth Valley,4,"Varilyn ""Vare"" Eridge"
5117,6,2,4,2,3,2,28,170,20,21,15,17,0,21,19.0,0,0.0,7,25,17,Pathfinder #176: Lost Mammoth Valley,9,Venexus
5119,5,4,2,-1,1,0,22,90,12,12,15,9,0,15,12.0,0,0.0,0,0,0,Pathfinder #176: Lost Mammoth Valley,5,Venexus's Wyrmling
5121,5,3,5,-4,2,0,21,100,10,13,11,8,0,13,12.0,0,0.0,0,0,0,Pathfinder #176: Lost Mammoth Valley,4,Zombie Megaloceros
4380,1,4,1,-4,3,-3,16,25,11,7,10,7,0,0,0.0,0,0.0,0,0,0,Pathfinder Bounty #18: From Family Lost,2,Panicked Bat Swarm
1917,1,5,1,4,1,3,25,115,12,14,18,14,0,17,14.0,16,9.0,0,0,0,Pathfinder One-Shot #4: Mark of the Mantis,7,Doatara the Poisoner
1918,1,5,1,1,4,3,25,115,17,14,16,17,1,17,14.0,0,0.0,3,25,17,Pathfinder One-Shot #4: Mark of the Mantis,7,Doatara the Priest
1919,4,3,1,0,2,1,21,60,12,11,13,10,0,14,11.5,13,9.5,0,0,0,Pathfinder One-Shot #4: Mark of the Mantis,4,Kelorbeyan Guard
1920,3,5,3,2,4,7,24,105,15,12,16,17,1,16,13.0,0,0.0,4,25,15,Pathfinder One-Shot #4: Mark of the Mantis,7,Pairaka (One-Shot #4)
4230,1,1,3,0,1,1,13,9,2,6,4,2,0,7,3.5,0,0.0,0,0,0,Pathfinder Society Scenario #3-08: Foundation's Price,-1,Iron Ring Deckhand
4231,2,3,1,0,2,2,16,21,5,6,7,5,0,9,4.5,0,0.0,0,0,0,Pathfinder Society Scenario #3-08: Foundation's Price,1,Iron Ring Pirate
4232,3,3,3,0,2,0,18,32,8,11,9,6,0,9,7.5,0,0.0,0,0,0,Pathfinder Society Scenario #3-08: Foundation's Price,2,Tadrun (1-2)
4233,4,3,3,0,2,0,21,63,12,13,11,8,0,12,10.5,0,0.0,0,0,0,Pathfinder Society Scenario #3-08: Foundation's Price,4,Tadrun (3-4)
4234,2,4,1,0,1,2,19,45,8,6,11,8,0,13,8.5,0,0.0,0,0,0,Pathfinder Society Scenario #3-08: Foundation's Price,3,Vaggas the Bosun
4229,2,4,1,0,1,2,19,45,8,6,11,8,0,13,8.5,0,0.0,0,0,0,Pathfinder Society Scenario #3-08: Foundation's Price,3,Iron Ring Bosun
4235,4,3,2,1,-1,0,17,20,4,7,8,4,0,7,6.5,0,0.0,0,0,0,Pathfinder Society Scenario #3-08: Foundation's Price,1,Vaggas the Fanatic
5094,-5,5,0,-1,5,4,21,40,14,9,12,16,0,15,9.0,0,0.0,0,0,0,Pathfinder #175: Broken Tusk Moon,5,Syarstik Painted-Tiger
5095,2,3,3,-4,1,-2,18,17,9,9,9,5,0,11,6.5,0,0.0,0,0,0,Pathfinder #175: Broken Tusk Moon,2,Throttled Blindheim
5093,2,-5,2,-5,1,-5,8,38,4,7,2,4,0,9,7.0,0,0.0,0,0,0,Pathfinder #175: Broken Tusk Moon,1,Rime Sludge
5092,4,2,2,0,3,0,20,70,11,14,8,11,0,12,9.5,0,0.0,0,0,0,Pathfinder #175: Broken Tusk Moon,4,Pakano
5091,2,4,1,0,1,3,16,25,6,4,9,8,0,9,5.5,0,0.0,2,16,8,Pathfinder #175: Broken Tusk Moon,1,Loblobi
5076,1,1,0,-5,0,-5,16,4,3,3,6,3,0,6,3.5,0,0.0,0,0,0,Pathfinder #175: Broken Tusk Moon,-1,Animated Blade
5077,0,2,1,4,2,0,18,45,9,6,9,11,1,11,3.5,11,5.5,2,20,12,Pathfinder #175: Broken Tusk Moon,3,Ardissa Prendergant
5078,2,1,2,-1,2,1,14,20,6,9,3,6,0,7,4.5,0,0.0,0,0,0,Pathfinder #175: Broken Tusk Moon,0,Ardissa's Porter
5079,2,1,2,-1,2,1,15,8,6,6,5,4,0,8,5.5,0,0.0,0,0,0,Pathfinder #175: Broken Tusk Moon,-1,Burnbearer
5080,2,3,2,-1,3,0,16,15,7,4,7,7,0,8,5.5,7,4.5,0,0,0,Pathfinder #175: Broken Tusk Moon,0,Burning Mammoth Hunter
5081,3,1,3,0,1,1,15,20,8,10,4,8,0,9,6.5,0,0.0,0,0,0,Pathfinder #175: Broken Tusk Moon,1,Burning Mammoth Longshield
5082,4,2,1,0,2,1,18,30,8,9,8,6,0,11,8.5,0,0.0,0,0,0,Pathfinder #175: Broken Tusk Moon,2,Burning Mammoth Reaver
5083,4,2,4,1,3,3,20,67,11,12,10,11,0,14,10.5,0,0.0,0,0,0,Pathfinder #175: Broken Tusk Moon,4,Cairn Wight (G4)
5084,0,3,0,1,1,4,16,20,6,3,6,8,1,8,3.5,0,0.0,2,17,9,Pathfinder #175: Broken Tusk Moon,1,Gathganara
5086,4,1,3,-4,2,0,18,30,8,11,7,6,0,10,10.5,0,0.0,0,0,0,Pathfinder #175: Broken Tusk Moon,2,Giant Tapir
5087,6,2,4,-4,2,-2,23,65,9,15,11,9,0,15,17.0,0,0.0,0,0,0,Pathfinder #175: Broken Tusk Moon,5,Glyptodon
5088,2,3,2,-4,2,-2,16,16,6,6,7,4,0,8,0.0,0,0.0,0,0,0,Pathfinder #175: Broken Tusk Moon,0,Groplit
5089,4,2,3,1,3,-1,19,45,8,8,11,9,0,13,10.5,0,0.0,0,0,0,Pathfinder #175: Broken Tusk Moon,3,Hobji
5090,3,5,0,2,4,3,21,60,14,8,13,14,0,12,11.5,14,13.5,2,20,12,Pathfinder #175: Broken Tusk Moon,4,Kadlaka
5085,4,1,3,-4,2,0,18,30,8,11,7,6,0,10,10.5,0,0.0,0,0,0,Pathfinder #175: Broken Tusk Moon,2,Giant Tapir (Snared)
4237,8,0,4,-5,1,-2,24,200,11,18,12,15,0,20,24.0,20,20.0,0,0,0,Pathfinder Society Scenario #3-09: The Secluded Siege,8,Enduring Zombie Hulk
4240,4,-2,5,-5,0,-5,19,35,9,12,5,4,0,11,10.5,0,0.0,0,0,0,Pathfinder Society Scenario #3-09: The Secluded Siege,3,Sandswept Statue
4239,4,0,3,-5,1,-2,23,110,16,14,10,16,0,16,14.0,0,0.0,0,0,0,Pathfinder Society Scenario #3-09: The Secluded Siege,6,Mummy Guardian (PFS 3-09)
4238,5,0,3,-5,1,-2,21,135,10,14,11,12,0,0,0.0,0,0.0,0,0,0,Pathfinder Society Scenario #3-09: The Secluded Siege,6,Fast Shambler Troop
4236,4,2,4,1,3,3,20,67,11,12,10,11,0,14,10.5,0,0.0,0,0,0,Pathfinder Society Scenario #3-09: The Secluded Siege,4,Cairn Wight (PFS 3-09)
1653,4,6,3,3,7,4,30,180,22,17,20,23,0,23,25.5,23,17.0,3,29,21,Pathfinder Lost Omens Monsters of Myth,10,Mosquito Witch (The Swarm Seer)
1654,4,6,3,3,7,4,30,180,22,17,20,23,0,23,25.5,23,17.0,5,29,21,Pathfinder Lost Omens Monsters of Myth,10,Mosquito Witch
1668,8,5,4,4,6,4,32,200,26,26,20,23,0,36,22.0,26,30.0,0,0,0,Pathfinder Lost Omens Monsters of Myth,13,Tehialai-Thief-of-Ships
1657,4,5,3,-4,2,0,24,70,14,13,17,10,0,17,14.0,17,13.0,0,0,0,Pathfinder Lost Omens Monsters of Myth,6,Spawn Of Kothogaz
1658,-5,7,5,0,4,3,28,140,19,22,19,16,0,23,22.0,0,0.0,4,26,18,Pathfinder Lost Omens Monsters of Myth,10,Spectral Devil
1659,3,4,1,0,1,3,18,45,10,6,13,8,0,12,7.5,0,0.0,5,20,12,Pathfinder Lost Omens Monsters of Myth,3,Spring-Heeled Jack
1660,8,9,7,6,8,9,43,400,33,27,33,30,0,35,32.0,35,32.0,0,0,0,Pathfinder Lost Omens Monsters of Myth,18,Taljjae (The Beast)
1661,8,9,7,6,8,9,43,400,33,27,33,30,0,35,39.5,35,32.0,0,0,0,Pathfinder Lost Omens Monsters of Myth,18,Taljjae (The General)
1662,8,9,7,6,8,9,43,400,33,27,33,30,0,35,32.0,35,32.0,7,37,29,Pathfinder Lost Omens Monsters of Myth,18,Taljjae (The Grandmother)
1663,8,9,7,6,8,9,43,400,33,27,33,30,0,35,32.0,35,32.0,9,37,29,Pathfinder Lost Omens Monsters of Myth,18,Taljjae (The Hermit)
1664,8,9,7,6,8,9,43,400,33,27,33,30,0,35,32.0,35,32.0,0,0,0,Pathfinder Lost Omens Monsters of Myth,18,Taljjae (The Hero)
1665,8,9,7,6,8,9,43,400,33,27,33,30,0,35,32.0,35,32.0,0,0,0,Pathfinder Lost Omens Monsters of Myth,18,Taljjae (The Nobleman)
1666,8,9,7,6,8,9,43,400,33,27,33,30,0,35,24.0,35,32.0,4,37,29,Pathfinder Lost Omens Monsters of Myth,18,Taljjae (The Wanderer)
1673,6,3,5,-4,4,5,25,115,15,18,15,12,0,18,18.0,0,0.0,0,0,0,Pathfinder Lost Omens Monsters of Myth,7,Young Linnorm
1667,8,9,7,6,8,9,43,400,33,27,33,30,0,35,32.0,35,32.0,0,0,0,Pathfinder Lost Omens Monsters of Myth,18,Taljjae
1669,5,0,4,2,2,5,21,80,13,15,9,13,0,15,16.0,0,0.0,3,19,11,Pathfinder Lost Omens Monsters of Myth,5,Temteki
1647,5,3,4,1,3,4,27,125,19,19,16,13,0,20,22.0,0,0.0,2,26,18,Pathfinder Lost Omens Monsters of Myth,8,Krampus Celebrant
1670,6,4,4,-2,-1,4,24,130,18,18,15,12,0,18,17.0,0,0.0,0,0,0,Pathfinder Lost Omens Monsters of Myth,7,Ulgrem-Axaan
1639,9,5,8,-2,4,3,40,360,32,32,29,26,0,33,35.0,0,0.0,0,0,0,Pathfinder Lost Omens Monsters of Myth,17,Cuetzmonquali
1640,10,9,10,5,6,5,43,330,33,38,32,29,0,36,42.0,35,14.0,5,43,35,Pathfinder Lost Omens Monsters of Myth,19,Desert's Howl
1641,12,9,12,4,9,9,51,500,38,42,36,38,0,44,44.0,0,0.0,7,45,37,Pathfinder Lost Omens Monsters of Myth,21,Fafnheir
1642,9,6,9,-2,5,5,38,295,30,30,28,25,0,32,31.5,0,0.0,4,34,26,Pathfinder Lost Omens Monsters of Myth,16,Grogrisant
1643,7,6,7,3,4,3,31,175,21,24,21,18,0,24,24.0,23,7.0,5,27,19,Pathfinder Lost Omens Monsters of Myth,11,Howling Spawn
1644,5,3,4,3,0,2,23,85,12,16,11,14,0,17,17.0,17,14.0,0,0,0,Pathfinder Lost Omens Monsters of Myth,6,Imperfect Automaton
1645,4,4,3,6,5,5,27,180,21,16,19,20,0,21,16.0,0,0.0,5,28,20,Pathfinder Lost Omens Monsters of Myth,9,Kallas Devil
1672,6,5,5,7,5,3,31,165,22,22,18,24,0,23,23.0,22,25.0,5,30,22,Pathfinder Lost Omens Monsters of Myth,11,Ulistul
1646,10,10,9,-3,8,6,49,400,41,32,39,35,0,39,39.0,39,33.0,0,0,0,Pathfinder Lost Omens Monsters of Myth,21,"Kothogaz, Dance Of Disharmony"
1648,10,7,10,6,6,10,46,380,38,39,34,35,0,42,31.5,0,0.0,6,42,34,Pathfinder Lost Omens Monsters of Myth,21,Krampus (The Horned Miser)
1655,3,5,3,7,6,5,28,240,26,18,21,24,0,22,20.0,22,20.0,6,34,26,Pathfinder Lost Omens Monsters of Myth,11,Somnalu Oculus
1656,9,6,6,8,8,4,37,290,29,25,25,29,0,30,30.5,0,0.0,8,36,0,Pathfinder Lost Omens Monsters of Myth,15,Somnalu
1652,4,6,3,3,7,4,30,180,22,17,20,23,0,23,25.5,23,17.0,5,29,21,Pathfinder Lost Omens Monsters of Myth,10,Mosquito Witch (The Legion Leech)
1651,4,6,3,3,7,4,30,180,22,17,20,23,0,23,25.5,23,17.0,7,29,21,Pathfinder Lost Omens Monsters of Myth,10,Mosquito Witch (The Hemoprophet)
1650,4,3,4,1,2,1,23,78,14,16,14,12,0,16,13.0,15,11.0,0,0,0,Pathfinder Lost Omens Monsters of Myth,6,Melfesh Monster
1649,7,8,5,7,5,4,34,213,22,22,22,27,0,27,26.5,28,20.0,0,0,0,Pathfinder Lost Omens Monsters of Myth,12,Kuworsys
1671,4,3,3,1,-2,2,18,55,12,12,10,5,0,13,9.5,0,0.0,0,0,0,Pathfinder Lost Omens Monsters of Myth,3,Ulgrem-Lurann
1375,3,4,2,0,1,1,18,30,8,8,11,5,0,9,8.5,10,5.5,0,0,0,"Pathfinder Lost Omens Absalom, City of Lost Omens",2,Azarketi Sailor
4375,4,1,3,-5,1,-5,15,22,3,7,5,3,0,8,6.5,0,0.0,0,0,0,Pathfinder Bounty #17: Sodden Stories,1,Alchemy-Gorged Giant Leech
4221,0,1,1,2,2,4,16,37,7,6,8,9,0,8,2.5,0,0.0,2,20,12,Pathfinder Society Scenario #3-07: The Locked Lodge,3,Aydrian Thrune (3-4)
4222,0,2,1,2,2,5,19,57,9,8,11,11,0,11,2.5,0,0.0,3,22,14,Pathfinder Society Scenario #3-07: The Locked Lodge,5,Aydrian Thrune (5-6)
4223,4,3,2,-2,2,-2,21,55,11,11,12,9,0,15,17.5,0,0.0,0,0,0,Pathfinder Society Scenario #3-07: The Locked Lodge,4,Elite Hell Hound (PFS 3-07)
4224,4,3,1,0,2,0,20,45,9,8,10,7,0,11,11.5,10,8.5,0,0,0,Pathfinder Society Scenario #3-07: The Locked Lodge,3,Hellbound Jailer (3-4)
4225,4,4,2,0,2,1,23,60,12,11,13,9,0,14,12.5,13,8.5,1,20,12,Pathfinder Society Scenario #3-07: The Locked Lodge,5,Hellbound Jailer (5-6)
4226,3,3,2,0,2,0,18,30,8,10,9,8,2,9,6.5,0,0.0,1,15,7,Pathfinder Society Scenario #3-07: The Locked Lodge,2,Monastic Bodyguard (3-4)
4227,4,3,2,0,3,0,21,75,11,14,11,11,2,12,7.5,0,0.0,1,15,7,Pathfinder Society Scenario #3-07: The Locked Lodge,4,Monastic Bodyguard (5-6)
4228,4,3,2,-2,2,-2,17,25,7,7,8,5,0,11,13.5,0,0.0,0,0,0,Pathfinder Society Scenario #3-07: The Locked Lodge,2,Weak Hell Hound (PFS 3-07)
4214,1,2,0,2,4,1,18,30,7,7,7,11,1,8,4.5,9,4.5,2,20,12,Pathfinder Society Scenario #3-05: Inheritor's Rite,3,Uncle Jeb (3-4)
4213,1,2,-1,2,4,1,15,14,7,2,5,9,1,4,4.5,5,4.5,1,17,9,Pathfinder Society Scenario #3-05: Inheritor's Rite,1,Uncle Jeb (1-2)
4212,0,2,1,1,2,4,16,35,7,6,9,7,1,7,2.5,0,0.0,2,20,12,Pathfinder Society Scenario #3-05: Inheritor's Rite,3,Pontrius Tilasti (3-4)
4211,0,2,1,1,2,4,15,23,6,5,8,6,1,6,2.5,0,0.0,1,18,10,Pathfinder Society Scenario #3-05: Inheritor's Rite,2,Pontrius Tilasti (1-2)
4209,2,2,4,-5,3,0,15,16,6,9,6,6,0,7,5.5,0,0.0,0,0,0,Pathfinder Society Scenario #3-05: Inheritor's Rite,1,Junior (1-2)
4208,2,4,1,0,1,0,16,16,6,4,9,6,0,7,4.5,0,0.0,0,0,0,Pathfinder Society Scenario #3-05: Inheritor's Rite,1,Hellbound Rogue
4207,1,3,1,0,1,0,15,6,4,2,8,4,0,6,3.5,0,0.0,0,0,0,Pathfinder Society Scenario #3-05: Inheritor's Rite,-1,Hellbound Robber
4206,2,1,0,-5,0,-5,16,16,5,5,9,5,0,7,6.5,0,0.0,0,0,0,Pathfinder Society Scenario #3-05: Inheritor's Rite,1,Animated Knickknack (3-4)
4205,0,1,0,-5,0,-5,15,6,3,3,6,3,0,6,3.5,0,0.0,0,0,0,Pathfinder Society Scenario #3-05: Inheritor's Rite,-1,Animated Knickknack (1-2)
4210,2,3,4,-5,4,1,18,37,9,9,8,9,0,10,10.5,0,0.0,0,0,0,Pathfinder Society Scenario #3-05: Inheritor's Rite,3,Junior (3-4)
4218,2,5,2,3,2,1,22,75,13,10,15,11,0,15,8.5,0,0.0,0,0,0,Pathfinder Society Scenario #3-06: Struck by Shadows,5,Ruthless Fetchling Sneak
4215,1,4,1,2,1,1,19,45,10,7,12,8,0,10,6.5,0,0.0,0,0,0,Pathfinder Society Scenario #3-06: Struck by Shadows,3,Deadly Fetchling Sneak
4219,4,0,5,-5,0,-5,21,46,11,14,8,8,0,13,10.5,0,0.0,0,0,0,Pathfinder Society Scenario #3-06: Struck by Shadows,4,Shadow Guardian
4220,1,4,1,-1,0,2,18,40,7,8,11,7,0,12,9.5,0,0.0,0,0,0,Pathfinder Society Scenario #3-06: Struck by Shadows,3,Umbral Drake
4216,5,1,5,-5,1,-5,24,72,14,17,11,11,0,16,14.0,0,0.0,0,0,0,Pathfinder Society Scenario #3-06: Struck by Shadows,6,Deep Shadow Guardian
4217,1,4,0,2,1,1,16,20,8,5,10,6,0,7,3.5,0,0.0,0,0,0,Pathfinder Society Scenario #3-06: Struck by Shadows,1,Fetchling Sneak
4377,2,4,1,-1,1,2,16,20,8,6,9,4,0,7,4.5,7,5.5,0,0,0,Pathfinder Bounty #16: Boom Town Betrayal,1,Bloody Barber Leader
4376,1,3,3,-1,1,0,15,8,4,6,6,2,0,8,3.5,8,4.5,0,0,0,Pathfinder Bounty #16: Boom Town Betrayal,-1,Bloody Barber Ambusher
5875,8,0,6,-5,4,4,35,325,26,28,22,26,0,30,30.5,0,0.0,0,0,0,Pathfinder #173: Doorway to the Red Star,14,Sparkeater
5874,2,5,2,3,2,5,39,290,28,26,29,26,0,31,20.0,31,21.5,0,0,0,Pathfinder #173: Doorway to the Red Star,16,Skartitch Chip-Tooth
5855,8,5,5,-3,4,0,35,280,25,27,25,22,0,29,27.5,0,0.0,0,0,0,Pathfinder #173: Doorway to the Red Star,14,Ancient Rivener
5877,6,5,4,1,4,6,38,230,25,22,22,19,0,31,27.5,0,0.0,0,0,0,Pathfinder #173: Doorway to the Red Star,15,Taon
5864,4,1,3,0,1,0,16,20,6,8,4,6,0,7,6.5,0,0.0,0,0,0,Pathfinder #173: Doorway to the Red Star,1,Formian Worker
5863,8,5,9,5,6,8,40,255,31,34,26,31,0,33,31.5,0,0.0,8,38,30,Pathfinder #173: Doorway to the Red Star,17,Formian Queen
5862,5,8,5,9,7,5,38,240,31,25,28,30,0,32,40.0,32,29.0,0,0,0,Pathfinder #173: Doorway to the Red Star,16,Formian Mageslayer
5878,3,2,3,-5,2,-3,19,42,9,12,9,7,0,11,9.5,0,0.0,0,0,0,Pathfinder #173: Doorway to the Red Star,3,Thasteron Khefak
5879,-5,4,0,6,5,6,33,200,26,21,25,28,0,28,29.5,0,0.0,7,36,28,Pathfinder #173: Doorway to the Red Star,15,Tollvych
5869,5,9,6,5,5,9,44,300,32,31,36,32,0,34,37.0,0,0.0,10,44,34,Pathfinder #173: Doorway to the Red Star,19,King of Biting Ants
5865,10,4,6,-4,5,-1,41,445,32,35,29,32,0,37,44.0,0,0.0,0,0,0,Pathfinder #173: Doorway to the Red Star,19,Gluttonworm
5876,7,5,5,1,4,5,30,175,21,22,22,19,0,24,0.0,0,0.0,0,0,0,Pathfinder #173: Doorway to the Red Star,11,Spawn of Taon
5868,0,1,3,-5,0,-3,15,7,4,7,5,2,0,5,3.5,0,0.0,0,0,0,Pathfinder #173: Doorway to the Red Star,-1,Khefak Scuttler
5860,5,4,0,3,4,0,34,235,23,21,25,23,0,27,24.0,26,17.0,0,0,0,Pathfinder #173: Doorway to the Red Star,13,Crimson Acolyte
5867,5,2,3,5,2,0,33,235,23,25,23,24,2,27,16.0,0,0.0,7,33,25,Pathfinder #173: Doorway to the Red Star,13,Iobane Magus
5866,1,4,3,1,1,0,18,30,7,9,10,5,0,11,7.5,0,0.0,0,0,0,Pathfinder #173: Doorway to the Red Star,2,Ikeshti Brood-Minder
5870,5,2,2,6,3,0,37,285,26,25,23,27,2,30,20.0,0,0.0,8,37,28,Pathfinder #173: Doorway to the Red Star,15,Mpondo
5861,0,5,6,8,4,4,40,270,31,31,27,30,0,32,22.5,0,0.0,9,39,29,Pathfinder #173: Doorway to the Red Star,17,Dwandek
5872,7,4,5,2,5,4,38,320,29,31,26,27,0,31,20.0,0,0.0,0,0,0,Pathfinder #173: Doorway to the Red Star,16,Shobhad Enforcer
5873,6,9,5,2,5,2,40,320,30,28,32,26,0,31,25.0,34,22.5,0,0,0,Pathfinder #173: Doorway to the Red Star,17,Shobhad Sniper
5871,6,9,6,6,7,5,43,250,31,30,33,31,1,34,34.5,0,0.0,8,40,32,Pathfinder #173: Doorway to the Red Star,18,Ravager Of Tindalos
5857,-2,6,0,9,5,6,44,335,31,24,30,33,0,32,33.5,0,0.0,9,43,33,Pathfinder #173: Doorway to the Red Star,18,Contemplative Mentor
5856,-2,6,0,8,6,4,38,275,29,21,27,29,0,27,28.5,0,0.0,8,39,29,Pathfinder #173: Doorway to the Red Star,15,Contemplative Meditant
5858,-2,3,0,4,2,3,19,32,8,4,9,10,0,7,3.5,0,0.0,1,18,10,Pathfinder #173: Doorway to the Red Star,2,Contemplative
5859,7,4,5,2,5,4,38,320,29,31,26,27,0,31,20.0,0,0.0,0,0,0,Pathfinder #173: Doorway to the Red Star,16,Cookie
4203,4,1,3,0,1,3,25,75,10,14,10,12,1,15,16.5,0,0.0,1,20,12,Pathfinder Society Scenario #3-04: The Devil-Wrought Disappearance,5,Tyrannical Interrogator
4202,1,5,0,2,1,4,26,98,14,11,17,14,0,18,12.0,0,0.0,0,0,0,Pathfinder Society Scenario #3-04: The Devil-Wrought Disappearance,6,Tascio Raetullus (5-6)
4201,1,4,0,2,1,3,22,64,11,8,14,11,0,14,7.5,0,0.0,0,0,0,Pathfinder Society Scenario #3-04: The Devil-Wrought Disappearance,4,Tascio Raetullus (3-4)
4204,1,4,1,0,3,1,20,30,12,8,10,8,1,12,12.0,0,0.0,4,17,7,Pathfinder Society Scenario #3-04: The Devil-Wrought Disappearance,3,Zebub (PFS)
4382,0,2,1,4,2,0,15,21,5,5,6,7,0,6,2.5,0,0.0,1,17,0,Pathfinder Bounty #15: Treasure off the Coast,1,Smilglen Daet
4381,0,2,1,4,2,0,15,21,5,5,6,7,0,6,2.5,0,0.0,1,17,9,Pathfinder Bounty #15: Treasure off the Coast,1,Smiglen Daet
5831,1,5,3,4,6,3,24,115,18,12,15,18,0,16,12.0,0,0.0,4,25,17,Pathfinder #171: Hurricane's Howl,7,Terwa Star Reader
5833,4,5,0,2,2,4,31,200,21,19,24,21,0,24,15.0,0,0.0,0,0,0,Pathfinder #171: Hurricane's Howl,11,Yonsuu
5832,0,5,0,4,3,2,28,150,20,15,20,18,0,21,14.0,0,0.0,0,0,0,Pathfinder #171: Hurricane's Howl,9,Thiarvo the Quick
5813,5,3,2,1,4,3,34,225,23,21,24,23,0,27,20.0,0,0.0,0,0,0,Pathfinder #171: Hurricane's Howl,13,Ajbal Kimon
5830,2,5,4,3,5,2,23,100,17,13,15,15,0,15,12.0,17,9.5,3,24,16,Pathfinder #171: Hurricane's Howl,6,Terwa Prodigy
5819,4,0,2,0,5,3,27,185,18,18,15,21,0,20,8.5,0,0.0,6,28,20,Pathfinder #171: Hurricane's Howl,9,Grouloop
5818,2,4,5,6,2,-2,26,130,16,18,16,14,0,18,14.0,0,0.0,4,26,18,Pathfinder #171: Hurricane's Howl,8,Golgopo
5817,6,0,4,-1,4,3,28,155,17,21,15,17,0,21,17.0,0,0.0,0,0,0,Pathfinder #171: Hurricane's Howl,9,Cyclops Bully
5816,5,2,3,-1,3,1,24,140,14,18,15,12,0,18,9.5,0,0.0,0,0,0,Pathfinder #171: Hurricane's Howl,7,Boggard Hunter
5815,6,1,3,0,3,0,27,160,18,19,15,20,0,20,12.0,0,0.0,0,0,0,Pathfinder #171: Hurricane's Howl,9,Bog Mummy Amalgamation
5820,7,0,2,7,2,5,30,195,21,23,17,21,3,24,20.0,0,0.0,6,30,22,Pathfinder #171: Hurricane's Howl,11,Halbrux Far-sight
5821,7,2,5,2,4,4,30,175,22,21,18,20,0,23,22.0,0,0.0,2,29,21,Pathfinder #171: Hurricane's Howl,10,Ixamè
5823,3,4,3,-1,2,0,21,60,11,12,12,8,0,12,11.0,0,0.0,2,21,13,Pathfinder #171: Hurricane's Howl,4,Karumzek
5824,2,5,0,2,2,4,29,170,18,17,22,19,0,23,8.5,0,0.0,0,0,0,Pathfinder #171: Hurricane's Howl,10,Norgorberite Spy
5822,2,5,4,-1,3,0,30,175,21,21,24,18,0,0,0.0,0,0.0,2,30,22,Pathfinder #171: Hurricane's Howl,11,Karumzek Swarm
5826,3,2,3,-4,2,-1,17,40,7,10,9,7,0,10,0.0,0,0.0,0,0,0,Pathfinder #171: Hurricane's Howl,2,Riding Frog
5827,-5,7,0,3,7,3,27,125,22,16,20,20,0,21,24.0,0,0.0,0,0,0,Pathfinder #171: Hurricane's Howl,10,Screaming Sulfur
5828,5,7,4,3,5,3,33,201,25,20,25,23,0,24,20.5,0,0.0,5,29,21,Pathfinder #171: Hurricane's Howl,12,Ssumzili
5829,6,4,4,0,4,2,27,140,19,18,16,15,0,20,16.0,0,0.0,0,0,0,Pathfinder #171: Hurricane's Howl,8,Terwa Chosen
5810,4,2,4,-1,3,2,27,135,15,19,15,14,0,20,12.5,0,0.0,0,0,0,Pathfinder #171: Hurricane's Howl,8,Abendego Brute
5811,5,4,1,0,3,2,30,175,19,20,21,17,0,23,11.5,0,0.0,0,0,0,Pathfinder #171: Hurricane's Howl,10,Abendego Jailer
5812,4,3,2,0,5,2,30,175,22,20,21,17,2,24,15.0,0,0.0,5,30,22,Pathfinder #171: Hurricane's Howl,11,Abendego Priest
5814,5,7,7,0,3,5,32,190,21,22,24,18,0,24,20.0,24,19.0,0,0,0,Pathfinder #171: Hurricane's Howl,11,Bharlen Sajor
5825,4,2,2,4,2,0,26,140,15,18,14,16,0,20,15.0,0,0.0,1,26,18,Pathfinder #171: Hurricane's Howl,8,Onyiji
5843,4,7,4,-1,2,7,30,240,21,21,24,19,0,24,20.0,0,0.0,0,0,0,Pathfinder #172: Secrets of the Temple-City,11,Grave Karina
5840,7,5,3,1,4,3,31,200,21,24,20,21,0,24,29.5,0,0.0,1,30,22,Pathfinder #172: Secrets of the Temple-City,11,Gambulami
5841,7,2,6,-5,0,-5,29,240,22,26,22,22,0,0,0.0,0,0.0,0,0,0,Pathfinder #172: Secrets of the Temple-City,13,Gold Defender Garrison
5842,8,-1,4,-5,0,-5,34,190,21,26,21,22,0,28,28.5,0,0.0,0,0,0,Pathfinder #172: Secrets of the Temple-City,13,Gold Defender
5844,5,4,3,1,2,-1,29,180,19,21,18,18,0,23,22.0,0,0.0,0,0,0,Pathfinder #172: Secrets of the Temple-City,10,Jackal Guard
5851,-5,5,3,2,5,4,28,234,24,22,18,23,0,0,0.0,0,0.0,4,30,22,Pathfinder #172: Secrets of the Temple-City,13,Soul Swarm
5846,9,2,8,-5,0,-5,36,200,21,29,19,17,0,28,30.5,28,24.5,0,0,0,Pathfinder #172: Secrets of the Temple-City,13,Living Sun-Spire
5847,0,4,4,3,1,6,36,260,25,24,26,25,0,27,15.0,27,17.0,7,34,26,Pathfinder #172: Secrets of the Temple-City,14,Nkiruka
5848,4,6,1,3,2,-1,30,195,24,18,23,21,0,22,17.0,0,0.0,1,27,19,Pathfinder #172: Secrets of the Temple-City,11,Reborn Sun Hunter
5849,1,3,1,0,2,5,28,195,24,18,21,24,0,19,13.5,19,22.5,6,30,22,Pathfinder #172: Secrets of the Temple-City,11,Reborn Sun Mage
5850,5,4,5,1,2,-1,31,245,21,24,21,18,0,24,28.0,0,0.0,1,27,19,Pathfinder #172: Secrets of the Temple-City,11,Reborn Sun Warrior
5839,7,3,4,0,1,3,32,230,21,24,21,19,0,26,29.5,0,0.0,0,0,0,Pathfinder #172: Secrets of the Temple-City,12,Drenchdead
5852,7,2,6,2,5,4,33,216,22,24,18,23,0,0,0.0,0,0.0,6,29,21,Pathfinder #172: Secrets of the Temple-City,12,Sun Warrior Brigade
5853,5,1,8,1,3,7,35,255,25,28,21,25,0,29,32.5,25,24.5,0,0,0,Pathfinder #172: Secrets of the Temple-City,14,Sunburst Corpse
5854,6,1,3,2,4,3,37,310,28,29,25,28,0,32,33.5,0,0.0,5,34,26,Pathfinder #172: Secrets of the Temple-City,16,Worknesh
5845,7,5,3,-2,5,0,36,345,26,24,29,26,0,30,35.0,28,25.5,0,0,0,Pathfinder #172: Secrets of the Temple-City,15,Kilia Mwibo
5838,12,-1,7,7,12,10,52,550,43,42,36,48,0,44,47.5,44,37.5,10,49,41,Pathfinder #172: Secrets of the Temple-City,21,Dimari-Diji
5837,-5,6,0,4,8,6,38,255,33,25,29,31,0,29,32.5,29,29.5,7,38,30,Pathfinder #172: Secrets of the Temple-City,16,Dajermube
5836,6,5,3,0,3,1,29,175,19,19,21,19,0,23,25.0,0,0.0,1,26,18,Pathfinder #172: Secrets of the Temple-City,10,Biloko Reaver
5835,8,4,5,-4,4,-2,33,245,23,26,21,23,0,27,33.0,23,21.0,0,0,0,Pathfinder #172: Secrets of the Temple-City,13,Ba'aupa Mdoudu
5834,9,4,8,2,3,8,40,380,29,31,25,31,0,33,29.5,31,31.5,8,36,28,Pathfinder #172: Secrets of the Temple-City,17,Avatar Of Walkena
1707,4,4,0,-5,0,0,25,60,14,8,14,8,0,0,0.0,0,0.0,0,0,0,Pathfinder Lost Omens The Grand Bazaar,6,Ethereal Sailor
1890,7,2,6,2,3,4,29,260,24,27,21,22,0,0,0.0,0,0.0,0,0,0,Pathfinder Adventure: Night of the Gray Death,14,Pageant Troupe
1891,6,10,2,3,6,10,45,410,31,28,37,32,0,24,34.0,0,0.0,9,41,33,Pathfinder Adventure: Night of the Gray Death,19,Riekanoy
1892,9,5,6,2,5,9,42,305,33,33,28,31,0,35,43.5,0,0.0,7,40,30,Pathfinder Adventure: Night of the Gray Death,18,Tumblak
1894,4,5,2,0,4,3,36,255,26,22,27,26,0,29,15.0,29,11.0,0,0,0,Pathfinder Adventure: Night of the Gray Death,14,Zintaya Calbieste
1887,0,3,0,4,4,3,26,150,18,15,18,21,0,19,7.5,0,0.0,0,0,0,Pathfinder Adventure: Night of the Gray Death,9,Keznin Nevarmo
1886,9,0,6,-5,0,-5,42,270,28,33,28,29,0,36,34.5,0,0.0,0,0,0,Pathfinder Adventure: Night of the Gray Death,18,Guillotine Golem
1885,7,3,5,3,5,4,39,350,28,26,27,30,0,35,35.5,0,0.0,0,0,0,Pathfinder Adventure: Night of the Gray Death,17,Gray Gardener Enforcer
1884,2,5,1,4,2,5,39,300,28,26,27,30,0,32,13.0,0,0.0,0,0,0,Pathfinder Adventure: Night of the Gray Death,16,Gray Gardener Director General
1883,4,5,2,0,4,3,36,255,26,22,27,26,0,29,15.0,29,11.0,0,0,0,Pathfinder Adventure: Night of the Gray Death,14,Gray Gardener Assassin
1881,10,5,7,10,6,10,46,460,37,35,32,38,0,39,47.0,0,0.0,10,48,38,Pathfinder Adventure: Night of the Gray Death,21,Conqueror Worm
1889,4,5,4,2,3,6,26,140,18,17,18,20,0,18,20.5,18,18.0,7,30,20,Pathfinder Adventure: Night of the Gray Death,9,Miss Whisper
1880,0,8,4,2,5,7,36,300,25,22,28,25,0,29,31.5,0,0.0,7,34,26,Pathfinder Adventure: Night of the Gray Death,14,Chakanaj
1882,-5,7,4,6,7,10,44,330,33,31,35,33,0,38,38.0,0,0.0,0,0,0,Pathfinder Adventure: Night of the Gray Death,20,Gray Death
1888,2,5,1,4,2,5,39,300,28,26,27,30,0,32,13.0,0,0.0,0,0,0,Pathfinder Adventure: Night of the Gray Death,16,Mateena Lumlin
4200,6,5,1,0,4,1,25,115,15,12,18,15,1,16,10.5,17,6.0,1,22,14,Pathfinder Society Scenario #3-03: Echoes of Desperation,7,Eloko (PFS 3-03)
4378,0,3,2,2,2,0,16,17,6,5,8,7,0,5,3.5,7,3.5,0,0,0,Pathfinder Bounty #14: The Blackwood Truce,1,Branwaen
4199,4,1,3,0,1,0,15,25,5,8,6,5,0,7,8.5,0,0.0,0,0,0,Pathfinder Society Scenario #3-02: The East Hill Haunting,1,Revinus's Guards (3-4)
4198,2,3,1,0,1,0,15,8,2,4,6,2,0,6,4.5,0,0.0,0,0,0,Pathfinder Society Scenario #3-02: The East Hill Haunting,-1,Revinus's Guards (1-2)
4197,2,4,2,-1,1,2,18,45,8,9,11,8,0,11,5.5,11,3.5,0,0,0,Pathfinder Society Scenario #3-02: The East Hill Haunting,3,Revinus (3-4)
4196,0,4,3,-1,1,2,16,18,6,8,9,6,0,7,3.5,7,3.5,0,0,0,Pathfinder Society Scenario #3-02: The East Hill Haunting,1,Revinus (1-2)
4194,-5,3,0,0,2,4,23,60,13,11,14,11,0,16,13.0,0,0.0,0,0,0,Pathfinder Society Scenario #3-02: The East Hill Haunting,6,Eloise's Ghost (3-4)
4193,-5,3,0,0,2,2,20,30,10,8,11,8,0,13,9.0,0,0.0,0,0,0,Pathfinder Society Scenario #3-02: The East Hill Haunting,4,Eloise's Ghost (1-2)
4195,3,0,4,-5,0,-5,18,25,6,8,6,4,0,11,8.5,0,0.0,0,0,0,Pathfinder Society Scenario #3-02: The East Hill Haunting,2,Lightweight Animated Armor
3987,5,3,1,0,3,-2,18,60,10,8,12,8,0,12,0.0,0,0.0,0,0,0,Pathfinder Society Scenario #2-00: The King in Thorns,3,Awakened Giant Chameleon
3989,7,2,4,0,2,-2,25,125,15,17,15,13,0,18,20.0,0,0.0,0,0,0,Pathfinder Society Scenario #2-00: The King in Thorns,7,Awakened Megalania
3988,5,1,4,0,2,0,22,75,11,13,12,9,0,16,14.0,0,0.0,0,0,0,Pathfinder Society Scenario #2-00: The King in Thorns,5,Awakened Giant Frilled Lizard
3986,3,3,3,0,1,-2,16,20,6,8,10,4,0,8,7.5,0,0.0,0,0,0,Pathfinder Society Scenario #2-00: The King in Thorns,1,Awakened Ball Python
3992,1,4,3,-1,-1,1,18,34,5,9,10,5,1,11,4.5,0,0.0,2,18,8,Pathfinder Society Scenario #2-00: The King in Thorns,2,Nuglub (PFS 2-00)
3993,-1,5,1,3,2,3,23,40,12,8,14,12,1,13,7.5,13,8.5,2,21,13,Pathfinder Society Scenario #2-00: The King in Thorns,4,Pixie (PFS 2-00)
3994,0,4,1,3,1,3,22,25,9,6,13,8,1,11,5.5,0,0.0,2,20,12,Pathfinder Society Scenario #2-00: The King in Thorns,3,Quickling (PFS 2-00)
3990,0,3,0,4,2,4,20,70,11,9,12,15,0,12,4.5,0,0.0,0,0,0,Pathfinder Society Scenario #2-00: The King in Thorns,5,Fence (PFS 2-00)
3995,3,5,2,3,4,6,27,188,21,15,21,18,0,21,22.5,21,16.5,5,28,20,Pathfinder Society Scenario #2-00: The King in Thorns,9,"Qxal, The Thorned Monarch"
3991,-2,4,0,2,2,2,17,19,7,6,10,7,1,9,1.5,0,0.0,0,17,9,Pathfinder Society Scenario #2-00: The King in Thorns,1,Jinkin (PFS 2-00)
5800,4,4,2,0,4,0,22,75,13,12,14,11,0,15,10.5,15,3.5,0,0,0,Pathfinder #170: Spoken on the Song Wind,5,Mashkudu The Bully
5801,6,2,4,-2,4,0,24,110,14,16,12,14,0,17,15.0,0,0.0,0,0,0,Pathfinder #170: Spoken on the Song Wind,6,Mpeshi
5799,4,4,1,0,3,0,23,100,13,11,14,13,0,17,11.5,16,8.5,0,0,0,Pathfinder #170: Spoken on the Song Wind,6,Loakan
5802,5,-2,4,-5,0,-5,16,45,10,16,8,10,0,17,19.0,0,0.0,0,0,0,Pathfinder #170: Spoken on the Song Wind,6,Mutated Sewer Ooze
5803,3,5,2,2,2,0,26,130,16,12,19,14,0,18,11.5,20,11.0,0,0,0,Pathfinder #170: Spoken on the Song Wind,8,Nairu
5788,4,4,3,-4,2,0,21,62,12,11,14,8,0,14,13.0,0,0.0,0,0,0,Pathfinder #170: Spoken on the Song Wind,4,Damibwa
5804,6,2,4,-5,3,-2,26,140,16,18,16,15,0,20,15.0,0,0.0,0,0,0,Pathfinder #170: Spoken on the Song Wind,8,Old Thrasher
5807,5,4,4,-2,1,1,24,120,13,17,14,12,0,17,15.0,16,11.0,0,0,0,Pathfinder #170: Spoken on the Song Wind,6,Serpentfolk Granitescale
5808,0,4,2,6,4,2,24,105,15,13,15,17,0,16,6.5,16,7.5,4,25,17,Pathfinder #170: Spoken on the Song Wind,7,Serpentfolk Venom Caller
5793,2,4,2,0,4,0,23,95,16,12,14,16,0,16,8.5,0,0.0,3,24,16,Pathfinder #170: Spoken on the Song Wind,6,Grippli Jinxer
5794,2,4,3,0,3,-1,22,60,12,11,14,9,0,14,7.5,14,6.5,0,0,0,Pathfinder #170: Spoken on the Song Wind,4,Grippli Skirmisher
5795,4,5,2,0,2,4,23,110,12,14,17,10,0,17,13.0,0,0.0,0,0,0,Pathfinder #170: Spoken on the Song Wind,6,I'iko Dragon
5806,4,3,2,5,4,6,27,150,19,14,17,20,0,20,24.5,0,0.0,5,28,20,Pathfinder #170: Spoken on the Song Wind,9,Salathiss
5796,1,4,0,1,2,2,20,45,9,7,11,9,0,12,6.5,0,0.0,0,0,0,Pathfinder #170: Spoken on the Song Wind,3,Kiru
5797,4,2,4,2,1,3,24,115,12,16,14,13,0,17,10.5,15,5.5,0,0,0,Pathfinder #170: Spoken on the Song Wind,6,Kolbo
5809,2,4,1,1,2,1,21,60,10,7,12,10,0,14,9.5,14,7.5,0,0,0,Pathfinder #170: Spoken on the Song Wind,4,Yorulu
5792,5,1,4,1,2,4,23,130,16,18,12,14,0,18,15.5,16,14.0,5,25,15,Pathfinder #170: Spoken on the Song Wind,7,Great Grodair
5805,3,4,1,1,2,2,25,115,13,14,17,11,0,16,7.5,16,5.5,0,0,0,Pathfinder #170: Spoken on the Song Wind,7,Reth
5789,1,3,1,4,1,4,26,140,16,17,19,13,0,17,10.0,19,10.0,4,26,18,Pathfinder #170: Spoken on the Song Wind,8,Fire-pot Ubanu
5790,3,4,0,1,2,4,27,135,16,14,18,16,0,20,7.5,0,0.0,0,0,0,Pathfinder #170: Spoken on the Song Wind,8,Froglegs
5791,7,4,5,-3,4,-2,28,170,17,20,17,17,0,21,24.0,0,0.0,0,0,0,Pathfinder #170: Spoken on the Song Wind,9,Gbahali
5798,4,5,2,0,3,1,24,95,15,11,16,14,0,17,15.0,0,0.0,0,0,0,Pathfinder #170: Spoken on the Song Wind,6,Kreekoss
3723,1,4,1,1,2,2,16,20,7,4,9,5,0,9,3.5,0,0.0,0,0,0,Pathfinder Society Intro #2: United in Purpose,1,Ghoul (PFS Intro 2)
3726,2,-5,4,-5,0,-5,8,40,3,9,1,3,0,9,7.0,0,0.0,0,0,0,Pathfinder Society Intro #1: The Second Confirmation,1,Swamp Ooze
3725,1,4,1,-1,0,2,15,18,4,5,8,4,0,9,5.5,0,0.0,0,0,0,Pathfinder Society Intro #1: The Second Confirmation,1,Sun-Scorched Shadow Drake
3724,1,2,0,2,0,4,18,25,6,6,8,8,1,8,4.5,8,4.5,4,17,7,Pathfinder Society Intro #1: The Second Confirmation,2,Rain In Cloudy Day
5765,1,3,-1,4,2,0,15,20,7,4,10,7,0,8,4.5,8,3.5,1,17,9,Pathfinder #169: Kindled Magic,1,Anadi Seeker
5778,1,3,1,-5,0,-5,16,15,6,5,9,4,0,8,3.5,0,0.0,0,0,0,Pathfinder #169: Kindled Magic,0,Sicklehand Construct
5779,-2,3,0,-5,1,-2,13,9,5,5,8,4,0,0,0.0,0,0.0,0,0,0,Pathfinder #169: Kindled Magic,-1,Silverfish Swarm
5780,-1,3,1,-4,0,-5,16,15,2,5,9,4,0,7,4.5,0,0.0,0,0,0,Pathfinder #169: Kindled Magic,0,Spellskein (Consecrate)
5781,-1,3,1,-4,0,-5,16,15,2,5,9,4,0,7,4.5,6,3.5,0,0,0,Pathfinder #169: Kindled Magic,0,Spellskein (Control Weather)
5782,-1,3,1,-4,0,-5,16,15,2,5,9,4,0,7,4.5,0,0.0,0,0,0,Pathfinder #169: Kindled Magic,0,Spellskein (Heroes' Feast)
5784,3,0,4,3,4,1,20,40,13,11,9,15,0,15,8.5,11,8.5,3,22,14,Pathfinder #169: Kindled Magic,5,Stone Ghost
5777,4,1,3,-5,0,-5,17,30,6,11,7,6,0,11,8.5,0,0.0,0,0,0,Pathfinder #169: Kindled Magic,2,Shieldbearer Construct
5785,-1,2,1,5,3,1,21,60,11,9,12,12,0,9,3.5,0,0.0,2,21,13,Pathfinder #169: Kindled Magic,4,Takulu Ot
5786,3,3,4,-1,2,0,18,50,8,12,7,8,0,11,7.5,0,0.0,0,0,0,Pathfinder #169: Kindled Magic,3,Umbo
5787,3,4,3,-1,0,2,21,68,8,13,12,8,1,14,8.5,0,0.0,2,21,13,Pathfinder #169: Kindled Magic,4,Urbel
5783,-1,3,1,-4,0,-5,16,15,2,5,9,4,0,7,4.5,0,0.0,0,0,0,Pathfinder #169: Kindled Magic,0,Spellskein
5776,1,3,2,2,0,0,16,18,6,6,9,4,0,7,3.5,0,0.0,2,16,8,Pathfinder #169: Kindled Magic,0,Scrit
5775,-3,3,0,0,2,-2,16,17,6,5,8,6,1,8,0.5,8,3.5,2,16,6,Pathfinder #169: Kindled Magic,0,Pugwampi (SoT)
5764,3,4,0,0,2,1,19,45,11,7,11,9,0,12,6.5,0,0.0,2,20,12,Pathfinder #169: Kindled Magic,3,Anadi Lurker
5763,2,4,0,0,5,1,21,75,14,9,12,15,0,13,9.5,13,4.5,3,23,15,Pathfinder #169: Kindled Magic,5,Anadi Fateweaver
5773,2,4,3,-1,-1,2,18,35,7,9,10,5,0,10,7.5,0,0.0,2,16,8,Pathfinder #169: Kindled Magic,2,Gnagrif
5772,2,3,2,-5,1,-1,16,16,5,6,9,3,0,8,4.5,0,0.0,0,0,0,Pathfinder #169: Kindled Magic,0,Giant Worker Bee
5771,5,3,3,-5,1,-5,18,30,9,7,11,5,0,11,8.5,0,0.0,0,0,0,Pathfinder #169: Kindled Magic,2,Giant Tsetse Fly
5770,2,4,1,-5,1,-2,15,17,8,7,8,5,0,8,5.5,0,0.0,0,0,0,Pathfinder #169: Kindled Magic,0,Giant Silverfish
5769,4,3,1,-5,1,0,18,30,9,9,11,5,0,11,7.5,0,0.0,0,0,0,Pathfinder #169: Kindled Magic,2,Giant Mining Bee
5768,5,1,5,-5,2,-1,20,40,10,11,7,6,0,11,12.0,0,0.0,0,0,0,Pathfinder #169: Kindled Magic,3,Giant Goliath Beetle
5767,4,3,1,-5,1,-5,20,45,10,10,10,8,0,12,10.5,0,0.0,0,0,0,Pathfinder #169: Kindled Magic,3,Bramble Champion Construct
5766,1,3,3,1,2,-2,15,9,6,5,7,4,0,7,3.5,7,3.5,1,16,6,Pathfinder #169: Kindled Magic,-1,Binji
5774,-2,4,1,1,-1,3,19,50,10,8,11,8,0,12,7.5,12,3.5,2,20,12,Pathfinder #169: Kindled Magic,3,Kurshkin
4165,0,2,1,4,2,3,22,56,12,9,11,15,2,13,6.5,0,0.0,3,22,14,Pathfinder Society Scenario #2-23: An Agent's Obligation,5,Mother Forsythe (3-4)
4166,0,3,1,4,2,3,24,88,15,12,14,18,2,15,10.0,0,0.0,4,25,17,Pathfinder Society Scenario #2-23: An Agent's Obligation,7,Mother Forsythe (5-6)
4163,3,2,3,-1,2,0,18,32,8,9,8,6,0,9,8.5,8,8.5,0,0,0,Pathfinder Society Scenario #2-23: An Agent's Obligation,2,Daughter of Cocytus Grunt
4162,2,4,1,1,2,1,21,60,10,7,12,10,0,14,9.5,14,7.5,0,0,0,Pathfinder Society Scenario #2-23: An Agent's Obligation,4,Daughter Of Cocytus Enforcer
4164,3,2,3,-1,1,2,19,48,10,11,9,7,0,12,7.5,11,8.5,0,0,0,Pathfinder Society Scenario #2-23: An Agent's Obligation,3,Daughter of Cocytus Tough
4167,5,2,3,-1,2,0,22,75,12,15,12,9,0,15,14.0,0,0.0,0,0,0,Pathfinder Society Scenario #2-23: An Agent's Obligation,5,Starved Sea Drake
4168,-5,5,-1,1,3,1,21,26,11,6,11,9,0,12,9.5,0,0.0,0,0,0,Pathfinder Society Scenario #2-23: An Agent's Obligation,3,Urkhas (3-4)
4169,-5,6,0,2,4,2,24,40,14,9,14,12,0,15,13.5,0,0.0,0,0,0,Pathfinder Society Scenario #2-23: An Agent's Obligation,5,Urkhas (5-6)
4170,7,0,5,-5,3,3,30,250,22,24,18,22,0,24,24.5,0,0.0,0,0,0,Pathfinder Society Scenario #2-24: Breaking The Storm: Parting Clouds,11,Brittle Ravener Husk
4171,4,2,6,-2,0,-2,19,96,10,15,10,6,0,13,14.0,0,0.0,0,0,0,Pathfinder Society Scenario #2-24: Breaking The Storm: Parting Clouds,4,Chained Drained Troll
4172,5,2,6,-2,0,-2,22,141,13,18,13,8,0,16,17.0,0,0.0,0,0,0,Pathfinder Society Scenario #2-24: Breaking The Storm: Parting Clouds,6,Chained Troll
4173,6,0,5,-5,3,3,27,200,19,21,15,19,0,21,20.0,0,0.0,0,0,0,Pathfinder Society Scenario #2-24: Breaking The Storm: Parting Clouds,9,Crumbling Ravener Husk
4174,-5,6,3,3,4,6,28,130,19,16,19,21,0,21,18.0,0,0.0,3,28,20,Pathfinder Society Scenario #2-24: Breaking The Storm: Parting Clouds,9,Demoniac Spirit (7-8)
4175,-5,7,3,3,5,7,31,170,22,19,22,24,0,24,21.0,0,0.0,5,28,20,Pathfinder Society Scenario #2-24: Breaking The Storm: Parting Clouds,11,Demoniac Spirit (9-10)
4176,4,3,4,1,1,2,25,120,15,18,15,13,0,18,14.5,0,0.0,4,24,16,Pathfinder Society Scenario #2-24: Breaking The Storm: Parting Clouds,7,Firestorm Brimorak
4177,7,3,6,4,3,3,28,180,18,21,16,18,0,19,30.0,0,0.0,0,0,0,Pathfinder Society Scenario #2-24: Breaking The Storm: Parting Clouds,9,Hand Of Urxehl (7-8)
4178,7,3,6,4,3,3,31,240,21,24,19,21,0,22,35.0,0,0.0,0,0,0,Pathfinder Society Scenario #2-24: Breaking The Storm: Parting Clouds,11,Hand Of Urxehl (9-10)
1033,6,9,7,7,9,5,38,300,30,25,28,30,1,30,31.5,0,0.0,8,34,26,Pathfinder #168: King of the Mountain,16,Inmyeonjo
1034,2,6,3,5,3,6,42,331,29,27,34,29,0,34,25.0,34,23.0,0,0,0,Pathfinder #168: King of the Mountain,18,Ji-yook (Gumiho Form)
1035,9,9,5,5,6,5,43,340,33,33,30,27,1,35,36.0,35,31.0,7,40,32,Pathfinder #168: King of the Mountain,18,Jin-hae
1036,6,8,7,7,7,9,43,360,35,32,29,35,1,35,29.0,35,39.0,4,41,33,Pathfinder #168: King of the Mountain,19,Laruhao
1037,6,10,7,10,6,7,43,400,38,30,36,38,1,39,44.0,0,0.0,10,41,33,Pathfinder #168: King of the Mountain,21,Lophiithu
1043,6,7,4,2,3,1,45,360,34,33,36,30,0,38,28.0,38,26.0,0,0,0,Pathfinder #168: King of the Mountain,20,Shino Hakusa (Level 20)
1039,8,9,6,5,6,5,40,300,30,28,30,28,3,33,36.0,33,28.0,2,37,29,Pathfinder #168: King of the Mountain,16,Rai Sho Disciple
1040,9,5,6,2,6,2,39,360,30,30,27,29,1,33,33.5,0,0.0,8,37,29,Pathfinder #168: King of the Mountain,16,Rai Sho Postulant
1041,7,4,5,2,3,1,44,460,33,36,33,30,0,40,31.0,0,0.0,0,0,0,Pathfinder #168: King of the Mountain,20,Ran-to (Level 20)
1042,4,8,6,4,5,4,36,295,26,26,29,23,0,30,32.0,0,0.0,0,0,0,Pathfinder #168: King of the Mountain,15,Sanzuwu
1032,4,8,5,6,6,9,39,310,29,26,32,29,1,31,37.5,0,0.0,9,38,30,Pathfinder #168: King of the Mountain,17,Gumiho
1038,10,6,10,5,4,6,42,400,33,33,30,27,0,35,34.5,34,31.5,0,0,0,Pathfinder #168: King of the Mountain,18,Orochi
1031,9,6,8,5,5,4,42,320,33,30,33,27,0,35,34.5,32,33.5,0,0,0,Pathfinder #168: King of the Mountain,18,Flying Mountain Kaminari
1025,3,7,4,5,3,2,44,366,33,30,36,33,0,38,25.0,38,14.0,0,0,0,Pathfinder #168: King of the Mountain,20,Blue Viper (Level 20)
1029,8,7,5,5,5,6,40,450,28,32,26,34,0,0,0.0,0,0.0,0,0,0,Pathfinder #168: King of the Mountain,19,Dancing Night Parade
1028,7,9,5,5,6,9,42,335,32,28,32,30,1,35,33.0,0,0.0,9,41,33,Pathfinder #168: King of the Mountain,18,Cloudsplitter
1027,10,4,9,6,8,5,42,445,32,36,28,33,1,37,32.0,0,0.0,9,38,30,Pathfinder #168: King of the Mountain,19,Canopy Elder
1045,8,6,11,6,10,7,45,320,35,40,32,38,0,37,36.0,0,0.0,10,44,0,Pathfinder #168: King of the Mountain,21,Spirit Turtle
1024,5,8,5,5,6,5,44,350,33,33,36,34,1,36,27.0,36,30.0,3,40,32,Pathfinder #168: King of the Mountain,18,Abbot Tsujon
1046,9,2,10,-5,0,-2,45,475,33,39,27,33,1,38,35.5,0,0.0,9,39,31,Pathfinder #168: King of the Mountain,20,Sthira
1047,10,11,8,8,11,7,48,380,39,39,39,36,1,41,49.5,0,0.0,4,0,0,Pathfinder #168: King of the Mountain,21,Syndara the Sculptor
1048,3,6,2,7,3,5,42,360,33,31,32,36,3,35,41.0,0,0.0,9,42,34,Pathfinder #168: King of the Mountain,20,Syu Tak-nwa (Level 20)
1049,6,4,6,4,5,3,42,331,32,33,29,29,0,35,28.0,35,35.0,0,0,0,Pathfinder #168: King of the Mountain,18,Takatorra (Daitengu Form)
1050,9,6,6,5,5,4,41,320,30,32,32,28,0,35,34.5,0,0.0,0,0,0,Pathfinder #168: King of the Mountain,18,Tino (Oni Form)
1051,3,5,6,3,2,6,39,256,28,30,28,33,1,33,33.0,33,26.0,9,40,32,Pathfinder #168: King of the Mountain,18,Yabin (White Serpent Form)
1052,3,7,3,5,0,3,38,265,25,26,28,23,0,0,0.0,30,28.0,0,0,0,Pathfinder #168: King of the Mountain,15,Yoh Souran
1030,10,6,9,-5,5,-5,42,360,30,36,31,25,0,35,33.5,0,0.0,0,0,0,Pathfinder #168: King of the Mountain,18,Desecrated Guardian
1044,12,9,10,8,8,7,51,550,46,46,38,42,0,43,51.5,43,40.0,0,0,0,Pathfinder #168: King of the Mountain,21,Spinel Leviathan Syndara
1015,0,4,2,5,3,5,37,250,29,26,29,28,3,28,18.5,0,0.0,8,38,30,Pathfinder #167: Ready? Fight!,16,Syu Tak-nwa (Level 16)
998,4,5,4,0,0,5,37,275,21,25,28,21,0,32,19.5,0,0.0,0,0,0,Pathfinder #167: Ready? Fight!,15,Maalya
999,0,4,2,6,4,4,37,250,29,27,29,29,2,28,13.5,0,0.0,9,41,33,Pathfinder #167: Ready? Fight!,17,Mafika Ayuwari
1000,5,4,4,0,3,2,36,250,25,26,24,23,0,28,21.5,0,0.0,0,0,0,Pathfinder #167: Ready? Fight!,14,Master Xun
1001,6,8,4,2,6,8,39,280,30,24,32,28,0,32,30.5,32,27.5,0,0,0,Pathfinder #167: Ready? Fight!,16,Melodic Squall
1002,10,5,8,0,6,9,37,420,30,34,29,32,0,34,33.5,0,0.0,0,0,0,Pathfinder #167: Ready? Fight!,18,Portal Eater
1003,7,4,6,-1,1,2,38,380,23,30,26,23,0,33,24.5,30,27.5,0,0,0,Pathfinder #167: Ready? Fight!,16,Ran-to (Level 16)
1004,0,6,3,1,4,6,40,250,30,27,32,30,2,30,31.0,0,0.0,9,42,32,Pathfinder #167: Ready? Fight!,18,Razu
1005,5,7,5,0,0,8,32,220,21,24,26,17,1,26,21.5,0,0.0,1,33,25,Pathfinder #167: Ready? Fight!,13,Rivka (Cimurlian)
1006,5,7,5,0,0,8,32,220,21,24,26,17,1,26,21.5,0,0.0,1,33,25,Pathfinder #167: Ready? Fight!,13,Rivka (Igroon)
1007,5,7,5,0,0,8,32,220,21,24,26,17,1,26,21.5,0,0.0,1,33,25,Pathfinder #167: Ready? Fight!,13,Rivka (Kujiba)
1008,5,7,5,0,0,8,32,220,21,24,26,17,1,26,21.5,0,0.0,1,33,25,Pathfinder #167: Ready? Fight!,13,Rivka (Mogaru)
997,2,5,3,0,4,4,36,275,27,24,26,27,1,30,28.0,0,0.0,8,36,30,Pathfinder #167: Ready? Fight!,15,Lantondo
1009,5,7,5,0,0,8,32,220,21,24,26,17,1,26,21.5,0,0.0,1,33,25,Pathfinder #167: Ready? Fight!,13,Rivka (Yorak)
1011,6,6,4,1,2,0,38,300,30,27,31,25,0,32,21.5,0,0.0,0,0,0,Pathfinder #167: Ready? Fight!,16,Shino Hakusa (Level 16)
1013,3,3,4,5,2,0,31,260,27,23,24,23,1,24,16.5,0,0.0,7,35,27,Pathfinder #167: Ready? Fight!,13,Speakers to the Wind (Gnoll Cascade Bearer)
1014,3,5,5,0,4,0,33,220,25,24,26,23,0,26,18.0,28,21.5,0,0,0,Pathfinder #167: Ready? Fight!,13,Surjit Hamelan
1016,6,8,8,5,7,6,36,270,30,27,29,30,1,27,32.5,31,10.5,8,34,26,Pathfinder #167: Ready? Fight!,15,Taiga Yai
1017,5,2,5,1,3,0,32,300,25,26,23,25,0,26,23.5,22,20.5,0,0,0,Pathfinder #167: Ready? Fight!,13,Takatorra (Level 13)
1018,4,5,4,0,1,3,33,240,23,23,26,20,3,26,23.5,0,0.0,3,24,16,Pathfinder #167: Ready? Fight!,13,Tino Tung (Level 13)
1019,5,5,4,1,3,0,36,250,23,26,27,25,0,28,25.5,0,0.0,0,0,0,Pathfinder #167: Ready? Fight!,14,Troff Frostknuckles
1020,3,4,1,4,0,5,33,190,21,20,27,23,3,19,8.5,23,20.0,7,34,26,Pathfinder #167: Ready? Fight!,13,Umbasi
1021,5,3,5,1,3,1,34,310,25,27,23,25,0,27,36.0,0,0.0,0,0,0,Pathfinder #167: Ready? Fight!,14,Urnak Lostwind
1022,0,3,5,2,0,5,33,175,23,24,22,19,3,22,20.5,22,0.0,7,32,24,Pathfinder #167: Ready? Fight!,13,Yabin the Just (Level 13)
1023,2,4,3,1,5,3,37,250,27,24,27,28,1,27,17.5,0,0.0,8,36,28,Pathfinder #167: Ready? Fight!,15,Yarrika Mulandez
1010,8,6,5,6,6,9,39,290,28,25,28,26,1,32,34.5,30,27.5,5,37,29,Pathfinder #167: Ready? Fight!,16,Shadow Yai
995,4,6,0,2,3,5,38,300,26,26,32,29,3,31,29.0,0,0.0,5,38,30,Pathfinder #167: Ready? Fight!,17,Kas Xi Rai
1012,4,3,2,3,1,5,34,220,23,24,25,23,3,26,20.5,0,0.0,8,35,27,Pathfinder #167: Ready? Fight!,14,Sixth Pillar Student
985,4,5,3,2,4,0,35,330,27,25,29,26,0,23,21.0,30,25.5,0,0,0,Pathfinder #167: Ready? Fight!,15,Artus Rodrivan
978,4,5,3,2,3,0,34,230,24,22,26,20,0,24,15.0,28,23.5,0,0,0,Pathfinder #167: Ready? Fight!,13,Akila Stormheel
979,4,5,4,0,0,5,37,275,21,25,28,21,0,32,19.5,0,0.0,0,0,0,Pathfinder #167: Ready? Fight!,15,Amihan
980,3,7,4,5,5,7,35,250,25,24,29,25,0,27,28.5,0,0.0,0,0,0,Pathfinder #167: Ready? Fight!,14,Angoyang
981,5,4,4,0,4,1,35,300,27,27,27,27,2,27,30.0,27,27.0,8,34,26,Pathfinder #167: Ready? Fight!,15,Arms of Balance (Jivati Rovat)
982,5,4,4,0,4,1,35,300,27,27,27,27,2,27,30.0,27,27.0,8,34,26,Pathfinder #167: Ready? Fight!,15,Arms of Balance (Pravan Majinapti)
983,5,4,4,0,4,1,35,300,27,27,27,27,2,27,30.0,27,27.0,8,34,26,Pathfinder #167: Ready? Fight!,15,Arms of Balance (Ranya Shibhatesh)
984,5,4,4,0,4,1,35,300,27,27,27,27,2,27,30.0,27,27.0,8,34,26,Pathfinder #167: Ready? Fight!,15,Arms of Balance (Usvani)
986,0,5,6,5,2,1,36,300,30,30,29,24,0,29,18.5,31,13.5,0,0,0,Pathfinder #167: Ready? Fight!,16,Blue Viper (Level 16)
987,5,7,5,-1,4,1,32,230,22,23,25,18,0,25,27.5,0,0.0,0,0,0,Pathfinder #167: Ready? Fight!,12,Drake Courser
989,2,5,3,2,1,5,35,250,24,26,28,26,3,30,17.0,30,22.5,8,34,26,Pathfinder #167: Ready? Fight!,15,Halspin the Stung
990,5,2,5,3,3,0,34,280,25,26,25,27,0,29,20.0,0,0.0,0,0,0,Pathfinder #167: Ready? Fight!,14,Huldrin Skolsdottir
988,5,5,3,2,4,2,36,300,27,26,30,25,1,28,29.5,0,0.0,5,35,27,Pathfinder #167: Ready? Fight!,15,Grandfather Mantis
992,0,5,3,4,1,4,35,190,26,20,26,20,1,26,11.0,24,7.5,5,33,25,Pathfinder #167: Ready? Fight!,13,Ji-yook (Level 13)
993,2,3,3,0,5,5,35,250,28,26,26,28,3,28,15.5,28,14.0,8,36,28,Pathfinder #167: Ready? Fight!,15,Joon-seo
994,-1,5,2,5,5,2,33,240,27,22,27,27,3,25,18.5,0,0.0,7,35,27,Pathfinder #167: Ready? Fight!,14,Juspix Rammel
991,3,3,4,5,2,0,31,260,27,23,24,23,1,24,16.5,0,0.0,7,35,27,Pathfinder #167: Ready? Fight!,13,Hummingbird
1746,6,3,4,-2,6,2,24,145,17,15,12,17,0,17,17.0,17,13.0,0,0,0,Pathfinder Adventure: Malevolence,7,Tanglebones
1745,5,4,2,0,4,2,23,55,13,9,15,13,0,14,17.5,0,0.0,0,0,0,Pathfinder Adventure: Malevolence,5,Nils Kelveken
1744,3,6,4,6,5,3,26,170,17,14,18,17,1,18,14.0,0,0.0,4,0,0,Pathfinder Adventure: Malevolence,8,Ixirizmid
1743,-5,3,0,6,3,4,29,112,16,15,18,18,1,19,16.0,0,0.0,5,28,20,Pathfinder Adventure: Malevolence,9,Ioseff Xarwin
1742,-1,3,1,-3,2,3,18,28,8,6,10,8,0,8,3.5,0,0.0,0,0,0,Pathfinder Adventure: Malevolence,2,Haunted Nosoi
1741,3,4,4,-3,3,2,21,90,14,15,13,10,1,14,10.5,0,0.0,2,22,12,Pathfinder Adventure: Malevolence,5,Esobok Ghoul
1740,-1,3,1,1,2,3,18,28,8,6,10,8,0,8,3.5,0,0.0,0,0,0,Pathfinder Adventure: Malevolence,2,Corrupted Nosoi
1739,0,5,2,3,5,4,23,95,15,12,17,15,0,17,13.0,0,0.0,0,0,0,Pathfinder Adventure: Malevolence,6,Anitoli Nostraema
1738,-1,7,5,2,5,3,30,144,22,18,24,22,1,0,0.0,0,0.0,7,30,22,Pathfinder Adventure: Malevolence,11,Algea
1747,6,3,5,-1,4,0,24,130,17,18,12,15,0,18,17.0,0,0.0,0,0,0,Pathfinder Adventure: Malevolence,7,Undead Brain Collector
1749,0,6,5,3,5,6,25,115,16,14,17,16,1,18,11.0,0,0.0,5,25,17,Pathfinder Adventure: Malevolence,7,Yianyin
1748,-5,3,0,6,3,4,24,90,14,11,14,16,0,17,16.0,0,0.0,0,0,0,Pathfinder Adventure: Malevolence,7,Xarwin's Manifestation
1692,5,2,2,-3,2,0,21,80,15,15,9,11,0,15,14.0,0,0.0,0,0,0,Pathfinder Lost Omens The Mwangi Expanse,5,Rompo
1691,2,3,1,1,2,0,15,15,6,5,7,6,0,8,5.5,0,0.0,0,0,0,Pathfinder Lost Omens The Mwangi Expanse,0,Pygmy Kaava
1678,4,4,0,0,3,2,21,58,11,8,14,11,1,12,8.5,12,7.5,1,18,10,Pathfinder Lost Omens The Mwangi Expanse,4,Biloko Veteran
1694,4,6,2,0,3,3,25,45,17,12,17,15,0,18,18.0,0,0.0,0,0,0,Pathfinder Lost Omens The Mwangi Expanse,7,Solar Ibis
1690,7,4,5,-3,4,0,28,155,19,19,20,15,0,21,18.0,0,0.0,0,0,0,Pathfinder Lost Omens The Mwangi Expanse,9,Mamlambo
1695,8,3,7,-3,3,0,28,220,20,23,20,18,0,21,18.0,0,0.0,0,0,0,Pathfinder Lost Omens The Mwangi Expanse,10,Zinba
1693,9,5,8,1,8,4,36,320,25,28,20,28,1,31,33.5,0,0.0,3,34,26,Pathfinder Lost Omens The Mwangi Expanse,14,Sié Goluo
1689,9,3,9,1,6,3,40,285,29,34,25,28,1,35,33.5,0,0.0,9,38,30,Pathfinder Lost Omens The Mwangi Expanse,17,Maliadi
1688,7,4,6,3,4,3,26,140,16,19,11,11,0,20,17.0,0,0.0,0,0,0,Pathfinder Lost Omens The Mwangi Expanse,8,K'nonna
1687,3,5,3,-2,1,6,21,95,12,12,15,10,0,15,10.5,0,0.0,0,0,0,Pathfinder Lost Omens The Mwangi Expanse,5,Karina
1681,5,3,3,0,1,2,21,95,13,16,12,13,0,17,17.0,0,0.0,0,0,0,Pathfinder Lost Omens The Mwangi Expanse,6,Charau-ka Butcher
1682,3,3,2,-1,1,0,18,20,6,7,8,4,0,7,6.5,0,0.0,0,0,0,Pathfinder Lost Omens The Mwangi Expanse,1,Charau-ka Warrior
1683,6,0,5,0,2,0,25,115,15,18,11,13,0,18,15.0,0,0.0,0,0,0,Pathfinder Lost Omens The Mwangi Expanse,7,Crystal Xorn
1677,5,4,2,-3,1,-2,24,95,17,15,17,10,0,17,12.0,0,0.0,0,0,0,Pathfinder Lost Omens The Mwangi Expanse,6,Asanbosam
1680,2,2,1,0,4,2,19,45,9,8,7,11,1,10,8.5,0,0.0,2,17,11,Pathfinder Lost Omens The Mwangi Expanse,3,Charau-ka Acolyte of Angazhan
1676,0,2,0,1,4,2,21,58,12,8,11,14,1,12,10.0,0,0.0,2,21,13,Pathfinder Lost Omens The Mwangi Expanse,4,Anadi Sage
1679,3,2,-1,0,2,1,16,19,7,4,7,7,1,7,6.5,0,0.0,1,14,6,Pathfinder Lost Omens The Mwangi Expanse,1,Biloko Warrior
1674,2,4,0,1,4,2,23,95,15,11,14,17,1,16,13.0,16,5.5,3,24,16,Pathfinder Lost Omens The Mwangi Expanse,6,Anadi Elder
1684,6,5,1,0,4,1,25,115,15,12,18,15,1,16,10.5,17,6.0,1,22,14,Pathfinder Lost Omens The Mwangi Expanse,7,Eloko
1685,9,5,8,5,6,0,38,370,28,30,27,26,0,30,34.5,0,0.0,0,0,0,Pathfinder Lost Omens The Mwangi Expanse,16,Grootslang
1686,3,4,0,0,2,0,16,20,7,5,9,7,0,9,6.5,0,0.0,0,0,0,Pathfinder Lost Omens The Mwangi Expanse,1,Kaava Stalker
1675,2,4,2,0,1,0,19,27,9,6,10,7,0,9,8.5,9,7.5,0,0,0,Pathfinder Lost Omens The Mwangi Expanse,2,Anadi Hunter
966,1,5,4,-1,1,2,21,75,12,13,16,8,0,14,12.0,0,0.0,0,0,0,Pathfinder #166: Despair on Danger Island,5,Sigbin
965,5,6,4,1,2,0,35,250,22,24,28,22,0,30,21.5,0,0.0,0,0,0,Pathfinder #166: Despair on Danger Island,14,Shino Hakusa (Level 14)
964,6,4,6,-1,1,2,35,330,20,28,24,21,0,30,21.5,28,26.5,0,0,0,Pathfinder #166: Despair on Danger Island,14,Ran-to (Level 14)
962,7,5,7,2,3,4,30,250,21,24,21,17,0,24,28.5,23,23.5,0,0,0,Pathfinder #166: Despair on Danger Island,11,Planar Terra-cotta Soldier
961,8,-1,8,-5,0,-5,36,160,24,28,19,22,2,30,27.5,0,0.0,7,32,24,Pathfinder #166: Despair on Danger Island,14,Old Man Statue
960,1,4,2,7,3,5,44,375,36,32,34,33,0,35,23.0,0,0.0,0,0,0,Pathfinder #166: Despair on Danger Island,20,Nai Yan Fei
959,6,3,4,0,0,1,27,160,18,20,15,12,0,18,17.0,0,0.0,0,0,0,Pathfinder #166: Despair on Danger Island,8,Muckish Creep
958,9,0,5,-4,5,-2,36,270,24,26,22,26,0,29,33.5,0,0.0,0,0,0,Pathfinder #166: Despair on Danger Island,14,Mammoth Turtle
967,0,4,1,5,3,5,34,220,26,21,27,26,3,26,16.5,0,0.0,7,35,27,Pathfinder #166: Despair on Danger Island,14,Syu Tak-nwa (Level 14)
963,8,4,8,1,3,4,37,300,24,26,23,24,0,0,0.0,0,0.0,0,0,0,Pathfinder #166: Despair on Danger Island,15,Planar Terra-cotta Squadron
957,3,4,3,5,1,1,32,220,22,22,23,21,2,23,14.0,0,0.0,7,32,26,Pathfinder #166: Despair on Danger Island,13,Mage of Many Styles
955,5,4,3,2,3,0,33,230,23,23,23,23,3,27,18.0,0,0.0,7,32,25,Pathfinder #166: Despair on Danger Island,13,Ki Adept
954,5,4,3,2,3,0,33,210,23,23,23,23,3,27,18.0,0,0.0,7,32,24,Pathfinder #166: Despair on Danger Island,13,Ki Adept (Ahmoza Twins)
953,-5,5,0,3,6,7,33,175,26,19,24,25,0,28,26.5,0,0.0,0,0,0,Pathfinder #166: Despair on Danger Island,13,Kannitri
952,0,4,2,3,1,4,29,130,19,15,19,16,1,20,9.0,19,5.0,1,27,19,Pathfinder #166: Despair on Danger Island,9,Ji-yook (Level 9)
951,9,4,8,-4,3,1,36,170,23,29,23,25,0,31,27.5,0,0.0,0,0,0,Pathfinder #166: Despair on Danger Island,15,Jaiban
950,-5,5,2,0,6,4,22,125,18,17,18,23,0,20,17.0,0,0.0,0,0,0,Pathfinder #166: Despair on Danger Island,9,Hantu Denai
949,-5,6,0,0,5,7,27,150,24,19,21,24,1,22,22.0,0,0.0,7,30,22,Pathfinder #166: Despair on Danger Island,11,Hantu Belian
948,8,6,6,1,2,4,37,270,23,29,23,23,0,0,0.0,0,0.0,0,0,0,Pathfinder #166: Despair on Danger Island,15,Hana's Hundreds
968,4,2,4,1,3,0,26,210,20,21,17,20,0,22,17.0,0,0.0,0,0,0,Pathfinder #166: Despair on Danger Island,9,Takatorra (Level 9)
956,8,3,6,4,2,9,39,295,30,31,26,25,3,31,36.5,0,0.0,8,36,28,Pathfinder #166: Despair on Danger Island,17,Koto Zekora
969,9,5,6,1,4,5,38,295,23,29,27,26,0,32,29.5,0,0.0,0,0,0,Pathfinder #166: Despair on Danger Island,16,Tamikan
972,-5,8,2,-1,4,7,36,190,24,22,27,26,1,0,0.0,27,29.5,2,35,25,Pathfinder #166: Despair on Danger Island,14,Watchtower Poltergeist
926,3,5,3,1,2,3,35,180,25,22,26,21,0,27,16.0,0,0.0,0,0,0,Pathfinder #166: Despair on Danger Island,13,Agile Warrior (Nightmares)
973,-5,7,0,0,4,6,36,190,25,21,29,26,1,30,32.0,0,0.0,5,36,28,Pathfinder #166: Despair on Danger Island,15,Watchtower Shadow
974,-5,6,0,2,5,9,39,285,28,22,28,28,0,32,27.5,0,0.0,0,0,0,Pathfinder #166: Despair on Danger Island,16,Watchtower Wraith
975,5,2,4,2,3,1,33,230,23,26,22,24,0,27,17.0,22,18.0,0,0,0,Pathfinder #166: Despair on Danger Island,13,Weapon Master (Under the Pale Sun Dervishes)
970,3,4,3,0,1,3,28,150,18,18,19,16,3,20,18.0,0,0.0,5,24,16,Pathfinder #166: Despair on Danger Island,9,Tino Tung (Level 9)
977,1,3,4,2,0,4,27,130,18,19,16,15,2,17,14.0,18,0.0,5,27,20,Pathfinder #166: Despair on Danger Island,9,Yabin the Just (Level 9)
971,9,2,5,-4,3,0,35,260,25,27,20,25,0,28,28.5,0,0.0,0,0,0,Pathfinder #166: Despair on Danger Island,14,Tyrannosaurus Imperator
939,5,4,3,2,3,0,33,210,23,23,23,23,3,27,18.0,0,0.0,7,32,24,Pathfinder #166: Despair on Danger Island,13,Golarion's Finest (Han)
940,5,4,3,2,3,0,33,210,23,23,23,23,3,27,18.0,0,0.0,7,32,24,Pathfinder #166: Despair on Danger Island,13,Golarion's Finest (Jun)
941,5,4,3,2,3,0,33,210,23,23,23,23,3,27,18.0,0,0.0,7,32,24,Pathfinder #166: Despair on Danger Island,13,Golarion's Finest (Krankkiss)
942,5,4,3,2,3,0,33,210,23,23,23,23,3,27,18.0,0,0.0,7,32,24,Pathfinder #166: Despair on Danger Island,13,Golarion's Finest (Mingyu)
943,5,4,3,2,3,0,33,210,23,23,23,23,3,27,18.0,0,0.0,7,32,24,Pathfinder #166: Despair on Danger Island,13,Golarion's Finest (Numoriz)
944,5,4,3,2,3,0,33,210,23,23,23,23,3,27,18.0,0,0.0,7,32,24,Pathfinder #166: Despair on Danger Island,13,Golarion's Finest (Paunnima)
945,5,4,3,2,3,0,33,210,23,23,23,23,3,27,18.0,0,0.0,7,32,24,Pathfinder #166: Despair on Danger Island,13,Golarion's Finest (Rajna)
976,5,2,4,2,3,1,33,250,23,26,22,24,0,28,21.5,22,18.0,0,0,0,Pathfinder #166: Despair on Danger Island,13,Weapon Master
947,9,5,7,-4,3,3,30,280,26,23,21,19,0,30,28.5,0,0.0,0,0,0,Pathfinder #166: Despair on Danger Island,15,Grave Spinosaurus
946,5,4,3,0,3,0,33,235,21,26,23,20,0,25,17.0,0,0.0,0,0,0,Pathfinder #166: Despair on Danger Island,12,Gomwai
927,3,5,3,1,2,3,35,180,25,22,26,21,0,27,16.0,0,0.0,0,0,0,Pathfinder #166: Despair on Danger Island,13,Agile Warrior
928,-1,3,1,4,0,3,17,35,12,8,12,7,1,12,6.5,0,0.0,2,20,12,Pathfinder #166: Despair on Danger Island,3,Anugobu Apprentice
929,-1,4,2,6,1,4,23,90,18,13,19,14,1,18,14.0,0,0.0,4,25,17,Pathfinder #166: Despair on Danger Island,7,Anugobu Wondercrafter
930,3,5,4,3,2,0,35,190,26,22,26,19,0,24,9.5,27,20.5,0,0,0,Pathfinder #166: Despair on Danger Island,13,Archery Specialist
931,0,5,5,5,2,1,34,260,28,27,28,22,0,27,13.0,29,13.5,0,0,0,Pathfinder #166: Despair on Danger Island,14,Blue Viper (Level 14)
938,5,4,3,2,3,0,33,210,23,23,23,23,3,27,18.0,0,0.0,7,32,24,Pathfinder #166: Despair on Danger Island,13,Golarion's Finest (Brartork)
933,7,5,5,-4,4,-2,34,235,22,24,23,20,0,27,29.0,0,0.0,0,0,0,Pathfinder #166: Despair on Danger Island,13,Caustic Monitor
934,9,3,7,-4,2,0,36,290,26,28,25,24,0,30,22.0,0,0.0,0,0,0,Pathfinder #166: Despair on Danger Island,15,Dread Roc
935,6,6,4,-4,3,-2,28,150,19,20,21,17,0,22,27.5,0,0.0,0,0,0,Pathfinder #166: Despair on Danger Island,10,Dromornis
936,6,4,7,-3,3,0,36,255,25,28,23,21,0,29,28.0,0,0.0,0,0,0,Pathfinder #166: Despair on Danger Island,14,Elder Cauthooj
932,3,5,3,4,0,3,33,235,23,26,23,20,0,25,20.0,0,0.0,0,0,0,Pathfinder #166: Despair on Danger Island,13,Butterfly Blade Warrior
937,-5,4,0,2,6,6,25,115,18,15,19,21,0,21,21.0,0,0.0,0,0,0,Pathfinder #166: Despair on Danger Island,9,Ghost Monk
4158,-5,4,3,5,4,6,24,100,16,13,15,18,0,15,18.0,0,0.0,4,26,18,Pathfinder Society Scenario #2-22: Breaking the Storm: Excising Ruination,8,Disciple of Urxehl (7-8)
4159,-5,5,3,6,5,7,27,145,19,16,18,21,0,17,22.0,0,0.0,5,29,21,Pathfinder Society Scenario #2-22: Breaking the Storm: Excising Ruination,10,Disciple of Urxehl (9-10)
4160,4,6,4,5,3,4,27,125,19,14,18,15,0,18,15.0,0,0.0,0,0,0,Pathfinder Society Scenario #2-22: Breaking the Storm: Excising Ruination,8,Drandle Dreng (7-8)
4157,2,4,1,-2,5,5,25,140,16,12,15,18,0,16,14.5,0,0.0,0,0,0,Pathfinder Society Scenario #2-22: Breaking the Storm: Excising Ruination,7,Cyclops Bodak
4161,4,6,4,5,3,4,30,160,19,17,21,17,0,21,18.0,0,0.0,0,0,0,Pathfinder Society Scenario #2-22: Breaking the Storm: Excising Ruination,10,Drandle Dreng (9-10)
4155,1,0,2,0,2,1,15,8,5,5,3,7,1,6,3.5,0,0.0,1,16,8,Pathfinder Society Scenario #2-21: In Pursuit of Water,-1,Usij Acolyte
4154,3,-2,2,-5,0,-2,12,20,0,6,0,2,0,7,7.5,0,0.0,0,0,0,Pathfinder Society Scenario #2-21: In Pursuit of Water,0,Unkillable Zombie Shambler
4153,3,4,3,1,3,5,20,85,14,10,13,14,1,15,16.5,0,0.0,4,22,14,Pathfinder Society Scenario #2-21: In Pursuit of Water,5,Sezruth (3-4)
4152,2,2,2,0,1,3,17,55,10,7,7,10,1,12,10.0,0,0.0,4,19,11,Pathfinder Society Scenario #2-21: In Pursuit of Water,3,Sezruth (1-2)
1913,4,3,2,0,2,0,20,60,12,11,11,11,0,12,8.5,0,0.0,0,0,0,Pathfinder One-Shot #2: Dinner at Lionlodge,4,Simulacrum
1912,1,2,0,3,3,0,20,45,10,7,9,10,1,8,3.5,9,4.5,2,20,12,Pathfinder One-Shot #2: Dinner at Lionlodge,3,Cultist of Alocer
1911,2,3,2,4,0,2,24,125,11,15,16,13,1,15,6.5,17,12.0,4,22,14,Pathfinder One-Shot #2: Dinner at Lionlodge,7,Auldegrund Grimcarver
4151,6,4,2,-2,4,2,24,145,15,15,17,17,1,17,23.0,0,0.0,4,25,17,Pathfinder Society Scenario #2-20: Breaking the Storm: Bastion in Embers,7,Yeth Warbeast
4150,5,2,5,-2,2,2,19,80,11,14,10,6,0,13,11.5,13,12.0,0,0,0,Pathfinder Society Scenario #2-20: Breaking the Storm: Bastion in Embers,4,Scorched Cavern Troll
4149,6,2,6,-1,3,5,26,200,18,21,17,18,0,20,18.5,20,19.0,4,26,18,Pathfinder Society Scenario #2-20: Breaking the Storm: Bastion in Embers,9,Clouded Quartz (7-8)
4148,6,2,6,-2,3,4,23,145,16,18,15,16,0,17,17.0,17,17.0,3,23,15,Pathfinder Society Scenario #2-20: Breaking the Storm: Bastion in Embers,7,Clouded Quartz (5-6)
4147,4,4,1,-1,2,0,22,78,15,10,13,9,0,15,8.5,15,10.5,0,0,0,Pathfinder Society Scenario #2-20: Breaking the Storm: Bastion in Embers,5,Ash Archer
4181,4,2,3,-1,1,0,17,34,7,9,8,5,0,10,8.5,0,0.0,0,0,0,Pathfinder Bounty #10: Hillcross Roundup,2,Glorzia
4144,4,1,3,0,1,1,18,32,8,10,8,6,0,11,7.5,0,0.0,2,18,10,Pathfinder Society Scenario #2-19: Enter the Pallid Peak,2,Duergar Raider
4145,3,-3,4,-5,0,-5,17,30,6,10,3,4,0,11,8.5,0,0.0,0,0,0,Pathfinder Society Scenario #2-19: Enter the Pallid Peak,2,Reinforced Animated Guardian
4146,3,-1,2,-2,0,-1,16,17,3,8,4,3,1,8,6.5,0,0.0,2,17,9,Pathfinder Society Scenario #2-19: Enter the Pallid Peak,1,Scorched Earth Mephit
4142,4,-2,5,-5,0,-5,19,35,9,12,5,5,0,11,10.5,0,0.0,0,0,0,Pathfinder Society Scenario #2-19: Enter the Pallid Peak,3,Animated Guardian Warrior
4143,2,-3,4,-5,0,-5,15,15,5,9,2,3,0,9,6.5,0,0.0,0,0,0,Pathfinder Society Scenario #2-19: Enter the Pallid Peak,1,Animated Guardian
4179,3,4,1,-4,2,-3,17,16,7,6,9,7,0,10,6.5,0,0.0,0,0,0,Pathfinder Bounty #9: Fishing in Anthusis,1,Charmed Crab
4137,2,4,1,-5,2,-4,17,16,7,6,9,5,0,9,5.5,7,0.0,0,0,0,Pathfinder Society Scenario #2-18: The Fanciful March of Urwal,1,Hunting Spider (PFS 2-18)
4141,5,2,5,1,2,3,23,80,13,16,13,11,1,17,10.5,0,0.0,1,23,15,Pathfinder Society Scenario #2-18: The Fanciful March of Urwal,6,Vermlek Centaur (5-6)
4140,3,2,5,1,1,3,20,65,10,13,10,7,1,14,8.5,0,0.0,1,20,12,Pathfinder Society Scenario #2-18: The Fanciful March of Urwal,4,Vermlek Centaur (3-4)
4139,6,4,4,-5,2,-4,23,70,7,15,13,9,0,15,17.0,13,0.0,0,0,0,Pathfinder Society Scenario #2-18: The Fanciful March of Urwal,5,Ogre Spider (PFS 2-18)
4138,5,2,4,-4,2,2,22,125,12,17,13,13,0,17,20.0,0,0.0,0,0,0,Pathfinder Society Scenario #2-18: The Fanciful March of Urwal,6,Insidious Dragon Forest Rot
4136,5,2,3,-4,2,2,20,80,8,13,10,10,0,14,14.0,0,0.0,0,0,0,Pathfinder Society Scenario #2-18: The Fanciful March of Urwal,4,Dragon Forest Rot
4130,5,2,3,-5,1,-2,22,80,12,12,11,10,0,13,14.5,0,0.0,0,0,0,Pathfinder Society Scenario #2-17: Lost Maid of Anactoria,5,Flaming Moss Monster
4131,3,4,1,-5,0,0,18,44,12,10,12,9,0,10,8.5,0,0.0,0,0,0,Pathfinder Society Scenario #2-17: Lost Maid of Anactoria,3,Leaded Skeleton
4132,2,4,0,-5,0,0,16,15,4,4,8,4,0,6,4.5,0,0.0,0,0,0,Pathfinder Society Scenario #2-17: Lost Maid of Anactoria,0,Skeletal Reveler
4134,4,5,2,-5,1,1,21,75,15,13,15,12,0,13,11.0,0,0.0,0,0,0,Pathfinder Society Scenario #2-17: Lost Maid of Anactoria,5,Tough Leaded Skeleton
4135,3,5,0,-5,0,0,18,30,6,6,11,6,0,11,8.5,0,0.0,0,0,0,Pathfinder Society Scenario #2-17: Lost Maid of Anactoria,2,Tough Skeletal Reveler
4133,4,1,2,-5,0,-2,19,45,9,9,8,7,0,10,16.5,0,0.0,0,0,0,Pathfinder Society Scenario #2-17: Lost Maid of Anactoria,3,Smoldering Moss Monster
2217,4,2,4,-4,2,0,18,32,8,10,8,6,0,11,7.5,0,0.0,0,0,0,Pathfinder Bestiary 3,2,Giant Porcupine
2218,4,3,4,-4,1,3,19,58,10,11,10,6,0,11,7.5,0,0.0,0,0,0,Pathfinder Bestiary 3,3,Giant Seahorse
2219,3,4,3,-4,1,0,16,21,6,8,9,4,0,8,5.5,0,0.0,0,0,0,Pathfinder Bestiary 3,1,Giant Skunk
2263,-1,4,2,2,0,3,16,17,4,6,8,4,0,8,2.5,8,3.5,1,17,9,Pathfinder Bestiary 3,0,Melixie
2221,-5,6,4,2,3,5,27,160,18,19,21,16,0,19,20.5,19,18.0,5,28,20,Pathfinder Bestiary 3,9,Gliminal
5373,4,1,2,3,1,-1,18,48,8,9,6,8,0,11,9.5,0,0.0,0,0,0,Pathfinder Bestiary 3,3,Gurglegut
2220,3,2,4,-4,1,-1,18,50,12,13,9,6,0,10,9.5,0,0.0,0,0,0,Pathfinder Bestiary 3,3,Giant Vulture
2216,5,0,3,-4,2,0,21,63,12,11,8,10,0,13,10.5,0,0.0,0,0,0,Pathfinder Bestiary 3,4,Giant Pangolin
2208,0,4,0,1,3,2,17,17,8,5,9,8,0,7,5.0,0,0.0,0,0,0,Pathfinder Bestiary 3,1,Flumph
2214,2,4,3,-4,2,0,18,30,8,7,10,6,0,11,7.5,0,0.0,0,0,0,Pathfinder Bestiary 3,2,Giant Flying Squirrel
2213,0,1,3,0,2,4,18,45,9,8,8,11,0,8,5.5,8,5.5,1,20,12,Pathfinder Bestiary 3,3,Ghoran Manipulator
2212,2,4,0,0,1,2,17,14,6,5,9,6,0,9,4.5,9,3.5,0,0,0,Pathfinder Bestiary 3,1,Gathlain Wanderer
2211,4,6,3,-2,4,-1,27,158,17,18,21,15,0,21,17.0,0,0.0,0,0,0,Pathfinder Bestiary 3,9,Galvo
2210,7,2,6,-5,0,-5,33,195,20,26,20,18,0,26,29.5,0,0.0,0,0,0,Pathfinder Bestiary 3,12,Fossil Golem
2209,-5,6,0,2,2,4,25,100,13,15,17,13,0,17,15.0,17,13.0,0,0,0,Pathfinder Bestiary 3,7,Fortune Eater
2222,6,4,3,4,3,3,27,110,15,17,16,15,0,20,17.0,0,0.0,4,26,18,Pathfinder Bestiary 3,8,Guecubu
2215,6,2,4,-4,2,0,21,114,13,15,9,9,0,15,13.0,0,0.0,0,0,0,Pathfinder Bestiary 3,5,Giant Hermit Crab
2223,5,2,4,3,4,2,23,120,14,14,12,16,0,18,14.5,14,8.5,0,0,0,Pathfinder Bestiary 3,6,Gurgist Mauler
2231,-5,2,3,0,-1,-3,14,14,3,7,6,3,0,6,2.5,0,0.0,0,14,6,Pathfinder Bestiary 3,0,Ioton
2225,4,4,2,-5,0,4,22,60,9,11,15,9,0,15,10.5,0,0.0,0,0,0,Pathfinder Bestiary 3,5,Harpy Skeleton
2240,3,3,1,0,4,-1,18,40,11,8,8,11,0,12,9.5,12,7.5,3,21,13,Pathfinder Bestiary 3,3,Kovintus Geomancer
2262,7,2,4,-4,2,-1,21,85,13,15,9,11,0,15,15.0,0,0.0,0,0,0,Pathfinder Bestiary 3,5,Megatherium
2238,7,5,7,1,5,5,33,215,25,25,19,21,0,26,20.5,0,0.0,0,0,0,Pathfinder Bestiary 3,12,Kokogiak
2237,6,4,1,1,2,5,25,138,14,13,18,17,0,20,18.0,0,0.0,1,27,19,Pathfinder Bestiary 3,8,Kishi
2236,5,6,2,2,4,6,25,115,17,13,17,15,0,18,17.0,0,0.0,4,25,17,Pathfinder Bestiary 3,7,Kirin
2235,2,4,1,3,5,3,20,65,13,9,12,13,0,14,12.0,0,0.0,0,0,0,Pathfinder Bestiary 3,4,Kasa-Obake
2234,3,2,3,-4,1,1,15,18,7,7,6,3,0,7,6.5,0,0.0,0,0,0,Pathfinder Bestiary 3,0,Kangaroo
2233,5,7,4,2,4,5,33,235,22,20,25,20,0,23,29.0,26,29.5,4,32,24,Pathfinder Bestiary 3,12,Japalisura
2232,2,4,2,0,1,0,20,20,7,8,10,5,0,10,6.5,0,0.0,0,0,0,Pathfinder Bestiary 3,2,Ittan-Momen
2207,0,4,7,-5,3,4,32,160,21,25,22,19,0,0,0.0,0,0.0,0,0,0,Pathfinder Bestiary 3,12,Feral Skull Swarm
2230,-1,3,4,-5,1,-4,20,60,12,15,12,8,0,0,0.0,0,0.0,0,0,0,Pathfinder Bestiary 3,5,Ice Worm Swarm
2229,5,4,1,1,3,5,21,70,13,9,14,11,0,14,12.0,0,0.0,0,0,0,Pathfinder Bestiary 3,4,Huldra
2228,4,4,3,-2,3,0,22,70,14,12,15,10,0,15,13.0,0,0.0,0,0,0,Pathfinder Bestiary 3,5,Hieracosphinx
2227,0,4,6,-3,2,-2,24,95,16,18,16,14,0,0,0.0,0,0.0,0,0,0,Pathfinder Bestiary 3,8,Hellwasp Swarm
2226,9,6,4,4,7,6,42,240,33,28,30,33,0,35,33.5,0,0.0,4,40,32,Pathfinder Bestiary 3,18,Hatred Siktempora
2224,0,6,3,5,7,5,30,190,24,18,21,24,0,23,20.0,23,19.0,0,30,22,Pathfinder Bestiary 3,11,Harmona
2206,0,4,7,-5,3,4,32,160,21,25,22,19,0,0,0.0,0,0.0,0,0,0,Pathfinder Bestiary 3,12,Feral Sea Skull Swarm
2197,8,5,6,8,9,6,38,300,31,28,25,31,1,32,29.5,0,0.0,7,37,29,Pathfinder Bestiary 3,16,Elder Sphinx
2204,4,5,4,3,2,3,22,78,11,13,14,11,0,14,15.0,0,0.0,2,20,12,Pathfinder Bestiary 3,5,Eunemvro
2182,2,4,3,6,5,4,24,105,18,12,15,18,0,17,13.0,0,0.0,7,25,17,Pathfinder Bestiary 3,7,Caulborn
2181,3,2,4,-1,3,0,18,30,9,10,6,7,0,11,7.5,11,7.5,4,18,10,Pathfinder Bestiary 3,2,Cactus Leshy
2180,4,1,2,3,1,-1,18,48,8,9,6,8,0,11,9.5,0,0.0,0,0,0,Pathfinder Bestiary 3,3,Buso Farmer
2179,-1,3,4,-5,1,-4,20,60,12,15,12,8,0,0,0.0,0,0.0,0,0,0,Pathfinder Bestiary 3,5,Bore Worm Swarm
2178,9,5,9,1,6,5,42,415,32,33,27,30,0,35,38.5,35,36.0,0,0,0,Pathfinder Bestiary 3,18,Bone Ship
2177,6,4,5,0,4,1,27,200,19,20,19,15,0,21,20.0,21,15.0,0,0,0,Pathfinder Bestiary 3,9,Baykok
2176,4,4,3,1,3,4,23,100,13,15,12,15,0,16,12.5,16,12.5,0,0,0,Pathfinder Bestiary 3,6,Bauble Beast
2175,4,1,2,0,0,3,18,30,8,10,7,6,0,10,8.5,0,0.0,0,0,0,Pathfinder Bestiary 3,2,Azarketi Explorer
2174,3,4,3,2,1,1,18,30,7,9,10,5,0,10,9.5,10,6.5,0,0,0,Pathfinder Bestiary 3,2,Angheuvore Flesh-Gnawer
2173,6,4,5,-1,4,3,26,180,18,19,16,14,0,20,22.0,0,0.0,6,24,16,Pathfinder Bestiary 3,8,Angazhani
2172,2,4,2,3,0,-1,18,28,6,8,10,4,0,10,4.5,10,3.5,0,0,0,Pathfinder Bestiary 3,2,Android Infiltrator
2170,6,2,5,5,5,8,34,225,22,24,21,26,1,27,30.5,27,27.5,7,33,25,Pathfinder Bestiary 3,13,Adachros
2169,-5,4,0,2,2,4,22,75,14,10,14,16,0,16,15.0,0,0.0,6,24,16,Pathfinder Bestiary 3,6,Abandoned Zealot
5336,5,4,2,1,4,2,24,90,14,12,16,14,0,18,17.0,0,0.0,0,0,0,Pathfinder Bestiary 3,6,The Chewer
2184,2,4,4,3,5,0,24,75,15,12,16,15,0,16,16.0,16,12.0,0,0,0,Pathfinder Bestiary 3,6,Chouchin-Obake
2185,7,3,4,2,7,3,30,135,21,18,15,23,0,21,18.0,0,0.0,5,29,21,Pathfinder Bestiary 3,10,Chyzaedu
2186,-3,3,4,-5,2,4,29,120,18,20,19,16,0,0,0.0,0,0.0,0,0,0,Pathfinder Bestiary 3,10,Clacking Sea Skull Swarm
2187,-3,3,4,-5,2,4,29,120,18,20,19,16,0,0,0.0,0,0.0,0,0,0,Pathfinder Bestiary 3,10,Clacking Skull Swarm
2203,3,5,3,3,5,7,29,150,19,19,21,17,0,21,19.0,0,0.0,5,29,21,Pathfinder Bestiary 3,10,Etioling Blightmage
2202,6,3,5,-5,2,-4,23,140,13,18,14,11,0,17,19.5,0,0.0,0,0,0,Pathfinder Bestiary 3,7,Empress Necral Worm
2201,6,3,5,-5,2,-4,23,140,13,18,14,11,0,17,19.5,0,0.0,0,0,0,Pathfinder Bestiary 3,7,Empress Mage-Eater Worm
2200,6,3,5,-5,2,-4,23,140,13,18,14,11,0,17,19.5,0,0.0,0,0,0,Pathfinder Bestiary 3,7,Empress Lava Worm
2199,6,3,5,-5,2,-4,23,140,13,18,14,11,0,17,19.5,0,0.0,0,0,0,Pathfinder Bestiary 3,7,Empress Ice Worm
2198,6,3,5,-5,2,-4,23,140,13,18,14,11,0,17,19.5,0,0.0,0,0,0,Pathfinder Bestiary 3,7,Empress Bore Worm
2241,10,7,10,6,6,10,46,380,38,39,34,35,0,42,31.5,0,0.0,6,42,34,Pathfinder Bestiary 3,21,Krampus
2205,-1,4,1,-4,3,0,21,25,11,7,10,7,0,10,4.5,0,0.0,0,0,0,Pathfinder Bestiary 3,2,Fading Fox
2196,1,3,2,1,3,4,17,35,7,6,9,9,0,10,6.5,0,0.0,3,18,10,Pathfinder Bestiary 3,2,Duende
2194,5,-2,4,-5,0,-5,22,60,11,15,9,11,1,14,12.0,0,0.0,1,19,11,Pathfinder Bestiary 3,5,Divine Warden Of Nethys
2193,5,4,3,5,6,7,25,115,19,14,13,19,1,18,21.0,0,0.0,7,25,17,Pathfinder Bestiary 3,7,Crossroads Guardian
2192,-5,3,0,1,1,4,19,50,9,6,11,11,0,14,10.0,14,6.5,0,0,0,Pathfinder Bestiary 3,4,Corrupted Relic
2191,0,4,1,-2,3,1,16,20,8,4,9,8,0,9,4.5,0,0.0,0,0,0,Pathfinder Bestiary 3,1,Coral Capuchin
2190,0,5,8,-2,2,6,32,200,23,27,22,21,0,0,0.0,26,28.0,0,0,0,Pathfinder Bestiary 3,13,Consonite Choir
2189,2,0,3,-5,0,-3,15,9,2,7,4,2,0,6,4.5,0,0.0,0,0,0,Pathfinder Bestiary 3,-1,Common Eurypterid
2188,2,4,2,-3,3,0,16,20,9,8,10,7,0,0,0.0,0,0.0,0,0,0,Pathfinder Bestiary 3,2,Cobbleswarm
2195,3,6,4,1,8,7,35,290,28,22,26,30,0,27,26.5,0,0.0,8,36,28,Pathfinder Bestiary 3,14,Dramofir
2239,7,3,5,-1,2,3,30,190,19,22,20,19,0,24,22.0,0,0.0,0,0,0,Pathfinder Bestiary 3,11,Kongamato
2244,3,5,2,0,4,3,21,40,12,8,13,12,0,14,12.0,0,0.0,2,21,13,Pathfinder Bestiary 3,4,Kushtaka
2289,3,2,2,-5,2,0,16,15,6,6,6,4,0,7,5.5,0,0.0,0,0,0,Pathfinder Bestiary 3,0,Ringhorn Ram
2290,4,4,6,-5,0,-5,25,155,15,19,17,15,0,19,23.0,19,21.0,4,30,20,Pathfinder Bestiary 3,9,Roiling Incant (Evocation)
2291,3,4,3,2,3,4,18,30,9,7,8,9,0,10,7.5,0,0.0,0,0,0,Pathfinder Bestiary 3,2,Rokurokubi
2292,3,4,3,-5,2,1,18,30,8,9,10,6,0,11,8.5,0,0.0,0,0,0,Pathfinder Bestiary 3,2,Rosethorn Ram
2293,5,1,3,-1,2,1,17,36,8,11,7,6,0,11,10.5,9,8.5,0,0,0,Pathfinder Bestiary 3,2,Sasquatch
2294,-2,3,1,4,4,0,18,45,11,6,10,11,0,10,5.5,10,10.5,3,20,12,Pathfinder Bestiary 3,3,Scalescribe
2295,2,4,3,0,3,1,19,45,10,8,11,8,0,11,8.5,11,8.5,4,20,12,Pathfinder Bestiary 3,3,Seaweed Leshy
2296,-5,6,0,2,-2,7,29,145,15,17,23,21,0,22,26.5,0,0.0,5,32,24,Pathfinder Bestiary 3,11,Seething Spirit
2297,4,1,3,0,0,3,24,75,8,14,8,11,2,14,9.5,0,0.0,1,19,11,Pathfinder Bestiary 3,4,Shabti Redeemer
2298,6,3,4,-1,4,0,27,115,18,18,13,16,0,20,18.0,0,0.0,0,0,0,Pathfinder Bestiary 3,8,Shantak
2299,5,3,4,4,2,5,22,80,11,13,12,11,0,15,16.0,0,0.0,3,22,14,Pathfinder Bestiary 3,5,Shrine Skelm
2300,2,4,0,1,3,1,19,35,10,7,11,10,0,9,9.5,11,7.5,1,18,10,Pathfinder Bestiary 3,3,Shulsaga
2301,6,3,5,-5,0,0,22,95,12,16,14,7,0,15,17.0,0,0.0,0,0,0,Pathfinder Bestiary 3,5,Skinstitch
2302,0,3,2,-4,1,0,15,7,5,4,7,3,0,7,4.5,0,0.0,0,0,0,Pathfinder Bestiary 3,-1,Skunk
2303,-3,6,4,8,4,5,34,190,24,22,26,26,0,0,0.0,0,0.0,7,36,26,Pathfinder Bestiary 3,14,Sorcerous Sea Skull Swarm
2304,-3,6,4,8,4,5,34,190,24,22,26,26,0,0,0.0,0,0.0,7,36,26,Pathfinder Bestiary 3,14,Sorcerous Skull Swarm
2243,5,4,2,1,4,2,24,90,14,12,16,14,0,17,14.0,0,0.0,0,0,0,Pathfinder Bestiary 3,6,Kurobozu
2306,4,2,5,-5,1,-3,22,70,10,16,11,10,0,15,11.0,0,0.0,0,0,0,Pathfinder Bestiary 3,5,Spiny Eurypterid
2287,-2,3,0,-4,2,0,17,5,7,5,6,3,0,9,1.5,0,0.0,0,0,0,Pathfinder Bestiary 3,-1,Red Fox
2286,3,6,6,7,3,3,28,180,17,22,20,21,0,22,20.0,0,0.0,5,29,21,Pathfinder Bestiary 3,10,Quintessivore
2285,2,0,2,-5,1,-2,12,12,4,5,3,2,0,6,4.5,0,0.0,0,0,0,Pathfinder Bestiary 3,-1,Pufferfish
2284,7,5,5,3,4,6,37,270,25,26,24,27,0,30,31.5,0,0.0,6,36,28,Pathfinder Bestiary 3,15,Popobawa
2264,8,6,5,4,5,5,31,260,25,25,28,23,0,30,33.5,28,0.0,0,0,0,Pathfinder Bestiary 3,14,Mezlan
2267,7,4,6,-4,2,0,27,172,15,21,15,17,0,22,19.0,0,0.0,0,0,0,Pathfinder Bestiary 3,9,Mokele-Mbembe
2268,0,4,0,-4,2,0,16,20,8,6,10,6,0,0,0.0,0,0.0,0,0,0,Pathfinder Bestiary 3,2,Monkey Swarm
2269,0,3,0,-4,2,0,14,9,6,2,7,4,0,7,3.5,0,0.0,0,0,0,Pathfinder Bestiary 3,-1,Monkey
2270,2,5,4,2,4,5,26,90,15,13,18,15,0,16,13.0,0,0.0,4,25,17,Pathfinder Bestiary 3,7,Mothman
2271,7,6,6,3,5,6,31,165,24,23,21,20,1,24,29.5,23,18.5,4,27,19,Pathfinder Bestiary 3,11,Munagola
2272,4,5,3,3,2,0,22,85,11,12,14,11,0,15,13.0,14,10.5,0,0,0,Pathfinder Bestiary 3,5,Namorrodor
2307,-1,3,3,-5,0,-4,17,28,6,11,9,6,0,9,8.0,9,7.0,0,0,0,Pathfinder Bestiary 3,2,Squirming Swill
2273,5,3,4,-4,3,0,18,50,10,9,10,8,0,12,9.5,0,0.0,0,0,0,Pathfinder Bestiary 3,3,Narwhal
2275,-5,6,0,4,8,6,36,255,31,23,27,29,0,29,30.5,29,27.5,7,36,28,Pathfinder Bestiary 3,15,Nemhaith
2276,-5,5,4,5,5,5,30,240,27,24,19,25,0,0,0.0,0,0.0,4,31,23,Pathfinder Bestiary 3,14,Nightmarchers
2277,8,3,2,1,5,8,35,315,25,22,25,27,0,29,31.5,0,0.0,7,34,26,Pathfinder Bestiary 3,14,Nikaramsa
2278,-3,3,0,0,2,3,15,10,6,2,7,6,0,7,0.5,7,2.5,1,17,9,Pathfinder Bestiary 3,-1,Nyktera
2279,10,5,7,-4,4,8,45,500,33,38,34,33,0,39,44.0,0,0.0,0,0,0,Pathfinder Bestiary 3,21,Ouroboros
2280,6,4,3,4,3,5,27,155,15,17,16,15,1,20,22.0,0,0.0,5,26,18,Pathfinder Bestiary 3,8,Palace Skelm
2281,7,7,4,5,4,8,36,255,26,22,27,26,0,29,29.5,29,28.0,4,34,26,Pathfinder Bestiary 3,14,Peri
2282,1,3,2,-5,2,-2,16,40,9,9,10,7,0,0,0.0,0,0.0,0,0,0,Pathfinder Bestiary 3,3,Piranha Swarm
2283,8,6,7,3,5,4,35,285,25,27,24,23,0,31,31.5,28,27.5,5,34,26,Pathfinder Bestiary 3,14,Plague Giant
2274,-1,3,4,-5,1,-4,20,60,12,15,12,8,0,0,0.0,0,0.0,0,0,0,Pathfinder Bestiary 3,5,Necral Worm Swarm
2308,-1,3,2,-4,1,0,16,16,6,5,8,4,0,0,0.0,0,0.0,0,0,0,Pathfinder Bestiary 3,1,Squirrel Swarm
2305,6,3,5,3,5,7,29,170,19,19,17,21,0,23,21.0,0,0.0,7,29,21,Pathfinder Bestiary 3,10,Soul Skelm
2310,4,2,3,3,1,4,18,55,8,10,9,8,0,13,9.5,9,9.5,0,0,0,Pathfinder Bestiary 3,3,Street Skelm
2335,4,3,4,-5,1,2,16,25,6,9,6,4,0,7,6.5,0,0.0,0,0,0,Pathfinder Bestiary 3,1,Yzobu
2309,0,2,3,1,-1,4,16,19,4,8,7,4,0,7,2.5,7,3.5,1,17,9,Pathfinder Bestiary 3,1,Stheno Harpist
2261,3,4,3,-4,1,0,19,42,10,8,11,6,0,11,10.5,0,0.0,0,0,0,Pathfinder Bestiary 3,3,Megalictis
2260,6,5,3,-1,5,-2,26,110,18,14,18,16,3,18,15.0,16,10.5,2,24,16,Pathfinder Bestiary 3,7,Manticore Paaridar
2259,8,9,7,7,7,10,45,320,37,31,33,35,0,38,43.0,0,0.0,10,47,39,Pathfinder Bestiary 3,20,Maharaja
2258,-1,3,4,-5,1,-4,20,60,12,15,12,8,0,0,0.0,0,0.0,0,0,0,Pathfinder Bestiary 3,5,Mage-Eater Worm Swarm
2257,4,9,5,4,6,9,38,210,28,25,31,28,3,0,0.0,31,32.0,4,37,29,Pathfinder Bestiary 3,16,Love Siktempora
2256,1,6,1,8,8,5,34,245,25,20,23,27,0,0,0.0,25,26.0,7,35,27,Pathfinder Bestiary 3,13,Living Rune (Primal)
2255,1,6,1,8,8,5,34,245,25,20,23,27,0,0,0.0,25,26.0,7,35,27,Pathfinder Bestiary 3,13,Living Rune (Occult)
2254,1,6,1,8,8,5,34,245,25,20,23,27,0,0,0.0,25,26.0,7,35,27,Pathfinder Bestiary 3,13,Living Rune (Divine)
2253,1,6,1,8,8,5,34,245,25,20,23,27,0,0,0.0,25,26.0,7,35,27,Pathfinder Bestiary 3,13,Living Rune (Arcane)
2252,2,4,1,-2,2,1,19,50,9,8,11,7,0,11,9.0,11,6.5,0,0,0,Pathfinder Bestiary 3,3,Living Graffiti (Oil)
2251,2,4,1,-2,2,1,19,60,9,8,11,7,0,11,9.0,11,11.0,0,0,0,Pathfinder Bestiary 3,3,Living Graffiti (Ink)
2250,2,4,1,-2,2,1,19,50,9,8,11,7,0,11,9.0,11,6.5,0,0,0,Pathfinder Bestiary 3,3,Living Graffiti (Chalk)
2249,2,4,1,-2,2,1,19,50,9,8,11,7,0,11,9.0,11,6.5,0,0,0,Pathfinder Bestiary 3,3,Living Graffiti (Blood)
2248,6,4,6,3,3,4,25,165,15,20,16,13,0,20,18.5,19,10.0,0,0,0,Pathfinder Bestiary 3,8,Lifeleecher Brawler
2247,5,7,5,3,5,6,29,180,19,18,21,19,0,23,15.0,0,0.0,0,0,0,Pathfinder Bestiary 3,10,Leng Ghoul
2246,4,3,2,0,2,1,17,40,8,8,9,6,0,10,7.5,0,0.0,0,0,0,Pathfinder Bestiary 3,2,Ledalusca
2245,-1,3,4,-5,1,-4,20,60,12,15,12,8,0,0,0.0,0,0.0,0,0,0,Pathfinder Bestiary 3,5,Lava Worm Swarm
2334,4,1,4,6,5,1,27,112,21,19,14,20,0,19,20.0,0,0.0,7,28,20,Pathfinder Bestiary 3,9,Yithian
2333,3,4,4,-4,1,2,19,55,9,10,12,5,0,10,9.5,12,6.5,0,0,0,Pathfinder Bestiary 3,3,Wolliped
2336,5,1,5,-4,2,-1,22,90,15,18,14,13,0,18,18.0,0,0.0,0,0,0,Pathfinder Bestiary 3,7,Zetogeki
2331,3,4,5,-5,1,-3,20,65,10,14,13,8,0,0,0.0,0,0.0,0,0,0,Pathfinder Bestiary 3,5,Wizard Sponge (Underwater)
2311,8,10,8,-1,6,2,41,280,33,33,35,29,0,0,0.0,0,0.0,8,41,33,Pathfinder Bestiary 3,19,Sturzstromer
2312,3,4,1,-5,1,2,19,50,8,8,11,6,0,10,11.5,0,0.0,0,0,0,Pathfinder Bestiary 3,3,Tattoo Guardian
2313,7,2,6,2,3,4,27,240,22,25,19,20,0,0,0.0,0,0.0,0,0,0,Pathfinder Bestiary 3,13,Terra-Cotta Garrison
2314,5,4,5,1,2,3,24,120,14,17,14,10,0,17,17.0,16,15.0,0,0,0,Pathfinder Bestiary 3,6,Terra-Cotta Soldier
2315,2,1,3,-4,2,0,14,10,5,7,5,3,0,6,5.5,0,0.0,0,0,0,Pathfinder Bestiary 3,-1,Three-Toed Sloth
2316,6,2,6,-2,4,0,22,155,15,19,11,15,0,19,20.0,15,20.0,0,0,0,Pathfinder Bestiary 3,7,Tiddalik
2332,3,4,5,-5,1,-3,20,65,10,14,13,8,0,0,0.0,0,0.0,0,0,0,Pathfinder Bestiary 3,5,Wizard Sponge
2318,8,6,7,5,6,-3,36,245,27,30,25,25,0,31,36.0,0,0.0,8,37,29,Pathfinder Bestiary 3,15,Tolokand
2319,5,7,6,2,7,8,35,370,30,25,28,30,0,30,18.0,0,0.0,9,36,28,Pathfinder Bestiary 3,15,Toshigami
2320,4,1,3,1,3,-1,19,45,10,12,6,8,0,12,10.5,0,0.0,0,0,0,Pathfinder Bestiary 3,3,Trailgaunt
2317,5,7,5,4,6,4,32,213,24,21,25,22,0,26,24.5,26,24.5,5,32,24,Pathfinder Bestiary 3,12,Tidehawk
2322,5,3,4,1,2,1,23,99,12,16,11,12,0,17,11.5,16,1.0,0,0,0,Pathfinder Bestiary 3,6,Umasi
2321,8,4,5,4,4,5,35,190,24,25,24,26,0,30,35.5,0,0.0,4,32,24,Pathfinder Bestiary 3,14,Triumph Siktempora
2329,3,4,5,-5,1,-3,20,65,10,14,13,8,0,0,0.0,0,0.0,0,0,0,Pathfinder Bestiary 3,5,Wizard Sponge (Fiendish Temple)
2328,3,4,5,-5,1,-3,20,65,10,14,13,8,0,0,0.0,0,0.0,0,0,0,Pathfinder Bestiary 3,5,Wizard Sponge (Fey Domain)
2327,3,4,5,-5,1,-3,20,65,10,14,13,8,0,0,0.0,0,0.0,0,0,0,Pathfinder Bestiary 3,5,Wizard Sponge (Crypt)
2330,3,4,5,-5,1,-3,20,65,10,14,13,8,0,0,0.0,0,0.0,0,0,0,Pathfinder Bestiary 3,5,Wizard Sponge (Toxic Lair)
2325,2,4,3,1,3,0,18,35,9,9,10,7,0,10,6.5,0,0.0,0,0,0,Pathfinder Bestiary 3,2,Werebat
2324,2,3,2,-4,0,1,15,7,4,4,7,2,0,7,4.5,0,0.0,0,0,0,Pathfinder Bestiary 3,-1,Weasel
2323,2,1,1,-1,2,3,15,13,6,3,5,8,0,6,5.5,0,0.0,4,15,7,Pathfinder Bestiary 3,0,Vine Leshy
2326,4,1,3,0,3,1,16,55,7,9,5,9,0,10,7.5,0,0.0,0,0,0,Pathfinder Bestiary 3,2,Werecrocodile
2183,4,4,3,-1,2,0,24,53,11,10,15,11,0,15,12.0,0,0.0,0,0,0,Pathfinder Bestiary 3,5,Cecaelia Trapper
7,7,3,6,0,3,0,30,175,19,22,17,19,0,23,22.0,0,0.0,0,0,0,Pathfinder Abomination Vaults Hardcover Compilation,10,Urthagul
6,3,4,2,0,3,1,25,115,16,15,15,14,1,16,11.5,18,11.5,2,23,15,Pathfinder Abomination Vaults Hardcover Compilation,7,Nyzuros
5,2,5,4,-5,-5,-5,25,105,10,15,16,8,0,18,11.5,19,10.5,0,0,0,Pathfinder Abomination Vaults Hardcover Compilation,7,Murmur
4,2,4,0,-5,0,0,16,4,2,2,8,2,0,6,4.5,0,0.0,0,0,0,Pathfinder Abomination Vaults Hardcover Compilation,-1,Deadtide Skeleton Guard
3,5,2,0,0,1,0,21,85,12,13,9,14,0,14,12.0,0,0.0,0,0,0,Pathfinder Abomination Vaults Hardcover Compilation,5,Child of Belcorra
2,7,4,4,2,3,5,31,175,19,21,19,18,0,24,26.5,21,18.5,0,0,0,Pathfinder Abomination Vaults Hardcover Compilation,10,Caliddo Haruvex
1,7,0,4,-5,2,4,24,105,16,17,13,13,0,18,18.0,0,0.0,0,0,0,Pathfinder Abomination Vaults Hardcover Compilation,7,Bone Gladiator
0,7,3,5,5,4,5,31,175,22,20,18,24,1,24,24.0,0,0.0,6,31,21,Pathfinder Abomination Vaults Hardcover Compilation,11,Beluthus
73,7,3,4,-4,4,0,28,155,18,19,18,17,0,21,20.0,0,0.0,0,0,0,Pathfinder #165: Eyes of Empty Death,9,Deepwater Dhuthorex
85,5,4,3,0,5,4,28,200,19,20,19,22,1,24,20.0,22,5.5,4,28,20,Pathfinder #165: Eyes of Empty Death,10,Khurfel
84,2,5,0,1,3,5,30,195,18,18,21,22,1,22,11.5,0,0.0,6,28,20,Pathfinder #165: Eyes of Empty Death,11,Galudu
83,6,3,0,0,3,0,28,155,18,15,18,20,1,21,19.0,0,0.0,4,28,18,Pathfinder #165: Eyes of Empty Death,9,Elder Child of Belcorra
82,4,3,0,1,3,5,28,155,18,15,18,20,1,21,19.0,0,0.0,4,28,20,Pathfinder #165: Eyes of Empty Death,9,Dulac
81,4,3,1,0,3,0,21,60,11,11,11,9,1,14,10.5,13,5.5,2,19,11,Pathfinder #165: Eyes of Empty Death,4,Drow Warden
79,3,4,2,0,3,1,25,115,16,15,15,14,1,16,11.5,18,11.5,2,23,15,Pathfinder #165: Eyes of Empty Death,7,Drow Hunter
86,3,5,3,4,8,4,31,195,25,18,20,25,1,23,18.0,0,0.0,6,30,22,Pathfinder #165: Eyes of Empty Death,11,Lady's Whisper
78,2,4,0,1,3,4,27,110,18,15,19,18,1,19,6.5,0,0.0,6,28,18,Pathfinder #165: Eyes of Empty Death,9,Drow Cavern Seer
76,8,3,5,-1,4,0,31,195,22,24,18,21,1,24,25.5,0,0.0,5,27,19,Pathfinder #165: Eyes of Empty Death,11,Dread Dhuthorex
75,6,1,4,-5,0,-2,24,170,12,20,15,12,0,18,22.5,18,13.5,0,0,0,Pathfinder #165: Eyes of Empty Death,8,Dragon's Blood Puffball
74,8,3,5,3,4,0,31,195,22,24,18,21,1,24,25.5,0,0.0,5,27,19,Pathfinder #165: Eyes of Empty Death,11,Dhuthorex Sage
72,4,5,1,-1,2,2,28,125,16,13,19,16,1,19,11.5,19,11.5,2,24,14,Pathfinder #165: Eyes of Empty Death,8,Caligni Defender
71,-5,6,0,0,4,3,26,115,19,15,21,19,0,21,20.0,21,18.0,0,0,0,Pathfinder #165: Eyes of Empty Death,9,Bright Walker
70,-5,4,0,5,4,7,30,175,22,16,22,20,2,24,25.5,0,0.0,7,33,25,Pathfinder #165: Eyes of Empty Death,12,Belcorra Haruvex
77,-5,6,0,2,4,2,31,90,20,14,21,18,0,17,21.5,0,0.0,0,0,0,Pathfinder #165: Eyes of Empty Death,9,Dread Wisp
87,5,4,5,-5,0,-5,26,135,14,17,16,14,0,20,18.5,0,0.0,0,0,0,Pathfinder #165: Eyes of Empty Death,8,Nhimbaloth's Cutter
80,2,5,1,0,4,2,27,120,16,15,17,16,1,18,12.5,20,12.5,2,24,16,Pathfinder #165: Eyes of Empty Death,8,Drow Shootist
89,-5,6,4,0,4,4,25,95,15,13,17,15,0,16,17.0,18,21.0,0,0,0,Pathfinder #165: Eyes of Empty Death,7,Poisoning Room Specter
90,3,5,0,1,2,5,30,190,21,16,22,21,1,24,16.0,24,16.0,2,28,18,Pathfinder #165: Eyes of Empty Death,11,Quara Orshendiel
91,4,6,3,-5,2,-2,25,195,15,18,21,15,0,21,21.0,0,0.0,0,0,0,Pathfinder #165: Eyes of Empty Death,9,Reaper Skull Puffball
92,5,4,3,0,3,1,31,200,22,20,21,22,1,24,21.5,22,11.5,2,28,18,Pathfinder #165: Eyes of Empty Death,11,Salaisa Malthulas
93,4,2,4,6,3,2,26,140,15,18,14,17,1,16,15.0,0,0.0,4,26,18,Pathfinder #165: Eyes of Empty Death,8,Urdefhan Blood Mage
94,2,4,3,0,3,1,24,92,15,15,16,11,1,17,11.0,16,9.0,2,21,13,Pathfinder #165: Eyes of Empty Death,6,Urdefhan Death Scout
95,5,3,4,0,3,2,24,120,16,17,14,16,1,18,16.0,0,0.0,3,22,14,Pathfinder #165: Eyes of Empty Death,7,Urdefhan Lasher
96,6,4,4,0,3,0,31,140,18,21,18,15,0,22,21.0,0,0.0,0,0,0,Pathfinder #165: Eyes of Empty Death,9,Voidbracken Chuul
88,2,5,1,-1,1,5,26,160,16,16,20,18,1,15,9.5,0,0.0,4,26,18,Pathfinder #165: Eyes of Empty Death,9,Padli
4110,5,-2,3,-5,0,-2,16,82,5,8,5,5,0,12,11.5,0,0.0,0,0,0,Pathfinder Society Scenario #2-15: A Dirge for Sarkoris,3,Demonplague Zombie
4111,0,5,2,3,3,5,20,74,12,8,13,11,1,14,10.5,0,0.0,5,22,14,Pathfinder Society Scenario #2-15: A Dirge for Sarkoris,4,Iverri (3-4)
4112,1,5,1,2,3,5,23,116,15,11,15,13,1,17,14.0,0,0.0,5,25,17,Pathfinder Society Scenario #2-15: A Dirge for Sarkoris,6,Iverri (5-6)
4113,4,-2,3,-5,0,-2,13,50,3,6,3,4,0,9,10.5,0,0.0,0,0,0,Pathfinder Society Scenario #2-15: A Dirge for Sarkoris,1,Plague Zombie (PFS 2-15)
4114,5,2,5,1,3,3,20,72,11,13,8,11,0,13,10.0,0,0.0,0,0,0,Pathfinder Society Scenario #2-15: A Dirge for Sarkoris,4,Ragewight (3-4)
4115,5,2,5,1,4,3,23,115,15,16,11,15,0,17,12.0,0,0.0,0,0,0,Pathfinder Society Scenario #2-15: A Dirge for Sarkoris,6,Ragewight (5-6)
4108,3,4,2,-1,2,0,20,50,7,9,11,7,1,11,7.5,11,7.5,4,18,10,Pathfinder Society Scenario #2-15: A Dirge for Sarkoris,3,Blighted Fungus Leshy
4107,0,5,0,1,2,2,20,54,9,6,12,9,1,12,9.5,0,0.0,4,20,12,Pathfinder Society Scenario #2-15: A Dirge for Sarkoris,3,Barrow Quasit
4109,1,3,3,-1,2,2,18,20,5,7,7,6,1,7,5.5,7,4.5,4,15,7,Pathfinder Society Scenario #2-15: A Dirge for Sarkoris,1,Blighted Leaf Leshy
4129,5,5,2,1,5,0,22,73,14,12,14,13,0,15,15.0,0,0.0,0,0,0,Pathfinder Society Scenario #2-16: Freedom for Wishes,5,Wishbound Mist Stalker (7-8)
4122,4,4,3,1,2,2,24,85,12,14,17,13,1,17,15.0,0,0.0,5,24,16,Pathfinder Society Scenario #2-16: Freedom for Wishes,6,Perizia (5-6)
4121,1,3,3,-2,1,1,21,50,12,10,12,10,0,0,0.0,0,0.0,0,0,0,Pathfinder Society Scenario #2-16: Freedom for Wishes,5,Mephit Swarm (7-8)
4120,1,3,3,-2,1,1,18,30,8,8,10,8,0,0,0.0,0,0.0,0,0,0,Pathfinder Society Scenario #2-16: Freedom for Wishes,3,Mephit Swarm (5-6)
4119,3,4,2,0,2,5,22,75,11,11,15,11,1,13,12.0,0,0.0,2,22,14,Pathfinder Society Scenario #2-16: Freedom for Wishes,5,Joyful Planar Nixie
4118,1,1,0,3,2,4,23,85,17,11,11,17,1,14,14.0,0,0.0,0,24,16,Pathfinder Society Scenario #2-16: Freedom for Wishes,6,Corvius Vayn (7-8)
4117,1,1,0,3,2,4,20,55,14,8,8,14,1,12,8.5,0,0.0,0,21,13,Pathfinder Society Scenario #2-16: Freedom for Wishes,4,Corvius Vayn (5-6)
4116,3,2,3,0,1,3,19,55,8,9,8,12,1,12,12.0,0,0.0,7,20,12,Pathfinder Society Scenario #2-16: Freedom for Wishes,3,Burned-Out Efreet
4126,2,5,3,-2,4,0,23,60,12,11,15,10,0,15,12.0,0,0.0,0,0,0,Pathfinder Society Scenario #2-16: Freedom for Wishes,5,Wishbound Belker (5-6)
4125,4,3,3,0,1,3,22,75,11,12,12,12,1,14,12.0,0,0.0,7,22,14,Pathfinder Society Scenario #2-16: Freedom for Wishes,5,Run-Down Efreet
4124,0,3,1,0,1,4,19,55,8,8,12,8,1,10,9.0,0,0.0,2,20,12,Pathfinder Society Scenario #2-16: Freedom for Wishes,3,Planar Nixie
4123,5,5,4,1,2,3,27,120,16,16,19,15,1,20,20.0,0,0.0,5,26,18,Pathfinder Society Scenario #2-16: Freedom for Wishes,8,Perizia (7-8)
4127,4,6,3,-2,4,0,26,95,15,14,18,13,0,18,15.0,0,0.0,0,0,0,Pathfinder Society Scenario #2-16: Freedom for Wishes,7,Wishbound Belker (7-8)
4128,4,4,2,1,5,0,18,43,11,8,10,9,0,12,11.0,0,0.0,0,0,0,Pathfinder Society Scenario #2-16: Freedom for Wishes,3,Wishbound Mist Stalker (5-6)
1921,7,2,4,-5,2,2,26,125,18,17,15,14,0,20,21.0,0,0.0,0,0,0,Pathfinder One-Shot #1: Sundered Waves,8,Giant Pirate Skeleton
4106,5,3,5,-1,3,3,20,68,10,14,10,10,0,17,9.0,0,0.0,0,0,0,Pathfinder Society Scenario #2-14: Lost in Flames,4,Young Ahuizotl
4105,1,4,2,-2,2,1,18,35,8,6,10,8,0,10,8.0,0,0.0,0,0,0,Pathfinder Society Scenario #2-14: Lost in Flames,2,Ember Fox (PFS 2-14)
4104,3,4,4,-2,3,-2,21,85,10,15,11,10,0,15,15.5,15,12.5,0,0,0,Pathfinder Society Scenario #2-14: Lost in Flames,5,Corrupted Wildfire (5-6)
4103,3,4,4,-2,3,-2,18,51,7,12,9,8,0,12,12.0,12,9.0,0,0,0,Pathfinder Society Scenario #2-14: Lost in Flames,3,Corrupted Wildfire (3-4)
4102,4,3,2,-4,2,-2,17,30,9,7,8,5,0,9,8.5,0,0.0,0,0,0,Pathfinder Society Scenario #2-13: A Gilded Test,3,Weak Lion
4101,2,2,1,4,1,0,18,28,8,8,7,8,1,7,5.5,0,0.0,2,19,9,Pathfinder Society Scenario #2-13: A Gilded Test,3,Mercenary Wizard (3-4)
4100,2,2,1,3,1,0,16,12,6,6,5,6,1,5,5.5,0,0.0,1,16,6,Pathfinder Society Scenario #2-13: A Gilded Test,1,Mercenary Wizard (1-2)
4099,1,4,1,0,3,0,18,19,8,6,9,6,0,7,4.5,0,0.0,0,0,0,Pathfinder Society Scenario #2-13: A Gilded Test,1,Mercenary Trapper (3-4)
4098,1,3,1,0,2,0,16,7,7,5,7,4,0,5,4.5,0,0.0,0,0,0,Pathfinder Society Scenario #2-13: A Gilded Test,-1,Mercenary Trapper (1-2)
4096,3,1,2,0,1,0,13,10,3,6,3,3,0,5,4.5,0,0.0,0,0,0,Pathfinder Society Scenario #2-13: A Gilded Test,-1,Commoner (PFS 2-13)
4095,0,3,1,3,1,2,18,39,8,6,10,8,0,9,6.5,0,0.0,0,0,0,Pathfinder Society Scenario #2-13: A Gilded Test,3,Archis Peers (3-4)
4094,0,3,1,2,1,2,16,18,6,4,8,6,0,6,5.5,0,0.0,0,0,0,Pathfinder Society Scenario #2-13: A Gilded Test,1,Archis Peers (1-2)
4097,4,3,2,-4,2,-2,19,45,9,9,10,7,0,11,10.5,0,0.0,0,0,0,Pathfinder Society Scenario #2-13: A Gilded Test,3,Lion (PFS 2-13)
4084,2,5,3,1,2,3,22,80,15,12,15,10,0,15,13.5,14,8.5,0,0,0,Pathfinder Society Scenario #2-12: Snakes in the Grass,5,Artennod Raike (3-4)
4085,3,6,3,1,2,3,25,125,18,15,18,13,0,18,16.5,17,10.5,0,0,0,Pathfinder Society Scenario #2-12: Snakes in the Grass,7,Artennod Raike (5-6)
4086,3,3,1,0,2,1,19,30,6,7,9,6,0,9,8.5,9,6.5,0,0,0,Pathfinder Society Scenario #2-12: Snakes in the Grass,2,Aspis Guard
4087,3,4,1,0,4,1,21,60,14,9,12,12,0,13,11.5,14,10.5,0,0,0,Pathfinder Society Scenario #2-12: Snakes in the Grass,4,Aspis Veteran Guard
4088,7,2,6,-4,1,-2,26,80,14,18,14,11,0,17,14.0,0,0.0,0,0,0,Pathfinder Society Scenario #2-12: Snakes in the Grass,6,Debilitated Bulette
4089,4,1,1,-5,1,-4,16,25,7,9,7,4,0,9,6.5,0,0.0,0,0,0,Pathfinder Society Scenario #2-12: Snakes in the Grass,1,Giant Worker Ant
4090,2,3,2,4,3,-1,18,36,8,7,9,9,1,8,5.5,0,0.0,2,18,10,Pathfinder Society Scenario #2-12: Snakes in the Grass,3,Greeleep (3-4)
4091,2,3,2,4,3,-1,21,58,10,9,12,12,1,11,9.5,0,0.0,3,21,13,Pathfinder Society Scenario #2-12: Snakes in the Grass,5,Greeleep (5-6)
4092,4,3,4,0,1,1,22,85,14,15,12,9,0,16,14.5,15,12.5,0,0,0,Pathfinder Society Scenario #2-12: Snakes in the Grass,5,Master Sergeant Morgroar (3-4)
4093,6,4,5,0,1,1,25,105,14,18,15,11,0,19,18.5,18,16.5,0,0,0,Pathfinder Society Scenario #2-12: Snakes in the Grass,7,Master Sergeant Morgroar (5-6)
4083,-1,4,0,1,2,2,17,63,7,5,9,7,1,9,4.0,0,0.0,4,17,9,Pathfinder Society Scenario #2-11: The Pathfinder Trials,1,Ygracix
4082,0,3,0,2,1,4,19,38,8,5,10,8,2,12,6.5,12,7.5,2,21,13,Pathfinder Society Scenario #2-11: The Pathfinder Trials,3,Solvatar Caryg
4079,5,3,2,-5,2,0,14,23,6,4,7,6,0,7,7.5,0,0.0,0,0,0,Pathfinder Society Scenario #2-11: The Pathfinder Trials,1,Brittle Skeletal Horse
4081,1,3,0,0,1,-1,16,8,3,4,7,3,0,5,4.5,5,2.5,0,0,0,Pathfinder Society Scenario #2-11: The Pathfinder Trials,-1,Kobold Warrior (PFS 2-11)
4080,4,1,3,0,1,0,18,60,7,9,7,7,0,12,11.0,0,0.0,0,0,0,Pathfinder Society Scenario #2-11: The Pathfinder Trials,3,Famished Mimic
36,4,5,2,-2,3,2,20,72,11,10,13,11,0,13,11.0,13,11.5,0,0,0,Pathfinder #164: Hands of the Devil,4,Dreshkan
35,6,3,4,2,4,3,27,120,18,18,13,16,1,20,21.5,0,0.0,5,23,18,Pathfinder #164: Hands of the Devil,8,Deep End Sarglagon
34,4,3,2,0,1,1,24,90,13,15,14,11,0,17,19.5,0,0.0,0,0,0,Pathfinder #164: Hands of the Devil,6,Cratonys
64,6,4,2,0,2,4,25,115,15,15,17,13,1,18,19.0,0,0.0,2,22,14,Pathfinder #164: Hands of the Devil,7,Vischari
30,1,4,1,0,3,1,20,30,12,8,10,8,1,12,12.0,0,0.0,4,17,7,Pathfinder #164: Hands of the Devil,3,Azvalvigander
31,5,5,5,2,4,5,27,120,18,17,19,16,1,20,18.5,19,0.0,6,26,18,Pathfinder #164: Hands of the Devil,8,Barcumbuk
32,4,5,1,0,0,2,24,95,12,13,17,10,0,17,7.5,0,0.0,0,0,0,Pathfinder #164: Hands of the Devil,6,Carman Rajani
65,7,-5,7,-5,0,-5,14,165,9,18,6,11,0,18,23.0,0,0.0,0,0,0,Pathfinder #164: Hands of the Devil,7,Viscous Black Pudding
66,4,3,1,-2,3,1,17,38,7,7,11,9,0,9,6.5,8,6.5,0,0,0,Pathfinder #164: Hands of the Devil,2,Warped Brew Morlock
60,-5,6,0,2,4,2,27,50,16,10,16,14,0,17,13.0,0,0.0,0,0,0,Pathfinder #164: Hands of the Devil,6,Spellvoid
68,-5,6,0,3,3,6,28,125,18,15,21,18,1,21,21.0,21,14.0,8,28,20,Pathfinder #164: Hands of the Devil,9,Witchfire Warden
69,3,3,4,6,3,5,27,100,17,16,19,17,1,18,16.5,0,0.0,4,27,19,Pathfinder #164: Hands of the Devil,8,Ysondkhelir
63,3,4,3,6,4,6,28,135,19,18,17,22,1,21,19.5,0,0.0,6,30,22,Pathfinder #164: Hands of the Devil,9,Urevian
62,4,2,4,-2,2,1,22,60,13,15,11,11,1,15,10.5,0,0.0,4,19,11,Pathfinder #164: Hands of the Devil,5,Torture Chamber Barbazu
61,5,5,5,2,4,5,27,120,18,17,19,16,1,19,16.0,20,16.5,6,26,18,Pathfinder #164: Hands of the Devil,8,Summoning Chamber Erinys
37,4,2,4,-2,2,1,22,60,13,15,11,11,1,15,10.5,0,0.0,4,19,11,Pathfinder #164: Hands of the Devil,5,Drill Field Barbazu
59,-5,5,0,0,2,4,24,75,14,11,18,15,1,18,17.0,0,0.0,2,25,17,Pathfinder #164: Hands of the Devil,7,Siora Fallowglade
58,5,2,3,-4,1,-5,20,55,9,14,11,9,0,14,15.0,11,12.5,0,0,0,Pathfinder #164: Hands of the Devil,4,Shanrigol Heap
57,7,4,3,-4,3,-5,27,140,18,21,18,16,0,21,22.0,18,0.0,0,0,0,Pathfinder #164: Hands of the Devil,9,Shanrigol Behemoth
29,5,5,3,-2,3,4,28,152,18,20,18,16,0,20,20.0,0,0.0,0,0,0,Pathfinder #164: Hands of the Devil,8,Afflicted Irnakurse
67,-5,6,0,2,4,2,27,50,16,10,16,14,0,17,13.0,0,0.0,0,0,0,Pathfinder #164: Hands of the Devil,6,Will-o'-the-Deep
38,-5,6,0,2,4,2,27,50,16,10,16,14,0,17,9.0,0,0.0,0,0,0,Pathfinder #164: Hands of the Devil,6,Dune Candle
40,5,4,2,-3,2,2,22,76,13,13,13,11,0,15,15.0,14,10.5,0,0,0,Pathfinder #164: Hands of the Devil,5,Gibtas Bounder
47,6,0,4,2,4,6,24,115,15,15,11,17,0,18,15.0,0,0.0,0,0,0,Pathfinder #164: Hands of the Devil,7,Mulventok
56,2,5,2,2,4,5,23,75,14,14,17,12,1,17,12.0,0,0.0,3,24,16,Pathfinder #164: Hands of the Devil,6,Seugathi Servant
55,2,5,2,2,4,5,23,75,14,14,17,12,1,17,12.0,0,0.0,3,24,16,Pathfinder #164: Hands of the Devil,6,Seugathi Researcher
54,4,6,3,4,2,5,27,120,17,18,21,15,1,19,20.5,0,0.0,5,28,20,Pathfinder #164: Hands of the Devil,9,Seugathi Reality Warper
53,2,5,2,2,4,5,23,75,14,14,17,12,1,17,12.0,0,0.0,3,24,16,Pathfinder #164: Hands of the Devil,6,Seugathi Guard
52,-5,6,0,3,6,4,30,80,21,16,18,20,1,21,17.0,0,0.0,4,28,20,Pathfinder #164: Hands of the Devil,9,Sacuishu
51,1,3,0,1,2,4,21,60,10,8,13,10,1,13,3.5,0,0.0,2,21,13,Pathfinder #164: Hands of the Devil,4,Ryta
50,2,5,2,2,4,5,23,75,14,14,17,12,1,17,12.0,0,0.0,3,24,16,Pathfinder #164: Hands of the Devil,6,Observation Deck Seugathi Researcher
49,1,3,0,0,3,4,21,60,11,8,13,11,1,14,8.5,14,5.5,2,20,12,Pathfinder #164: Hands of the Devil,4,Nox
48,3,4,3,0,3,1,27,140,16,17,16,15,0,20,14.0,20,9.5,0,0,0,Pathfinder #164: Hands of the Devil,8,Murschen
39,6,3,6,-3,2,3,28,140,16,20,15,16,0,20,23.5,17,14.0,0,0,0,Pathfinder #164: Hands of the Devil,8,Gibtanius
46,3,0,4,2,0,2,21,62,8,14,8,11,1,13,6.5,0,0.0,2,21,13,Pathfinder #164: Hands of the Devil,4,Kragala
33,3,4,3,7,3,4,26,135,17,15,16,17,1,19,14.0,0,0.0,4,26,18,Pathfinder #164: Hands of the Devil,8,Chafkhem
44,4,2,4,-2,2,1,22,60,13,15,11,11,1,16,23.0,0,0.0,4,19,11,Pathfinder #164: Hands of the Devil,5,Hellforge Barbazu
45,3,6,4,4,4,3,26,100,18,14,18,16,1,19,12.0,19,15.0,4,26,18,Pathfinder #164: Hands of the Devil,8,Jafaki
41,-4,5,4,-4,2,2,23,70,14,14,17,12,0,0,0.0,0,0.0,0,0,0,Pathfinder #164: Hands of the Devil,6,Gibtas Spawn Swarm
42,-5,6,0,2,4,2,27,50,16,10,16,14,0,17,13.0,0,0.0,0,0,0,Pathfinder #164: Hands of the Devil,6,Groetan Candle
43,4,2,1,0,2,2,20,72,10,11,10,13,0,14,8.5,0,0.0,0,0,0,Pathfinder #164: Hands of the Devil,4,Gulzash
24,-5,6,0,4,3,4,25,120,18,16,20,17,0,19,16.5,0,0.0,0,0,0,Pathfinder #163: Ruins of Gauntlight,9,Otari Ilvashti
23,4,2,4,2,-1,5,21,75,10,15,12,9,1,14,8.5,0,0.0,3,22,14,Pathfinder #163: Ruins of Gauntlight,5,Nhakazarin
22,2,4,1,-2,3,1,16,20,6,4,9,6,0,9,4.5,0,0.0,0,0,0,Pathfinder #163: Ruins of Gauntlight,1,Morlock Scavenger
21,4,3,2,1,3,0,18,46,8,7,12,10,0,11,8.5,10,9.5,0,0,0,Pathfinder #163: Ruins of Gauntlight,3,Morlock Engineer
20,3,3,1,5,3,0,21,58,11,9,11,11,1,11,7.5,13,8.5,2,21,13,Pathfinder #163: Ruins of Gauntlight,4,Morlock Cultist
19,-2,4,3,0,2,0,22,38,10,9,12,8,1,12,7.5,0,0.0,3,20,12,Pathfinder #163: Ruins of Gauntlight,3,Mister Beak
11,1,4,1,0,2,1,16,24,7,4,9,8,1,9,5.5,9,1.0,2,17,9,Pathfinder #163: Ruins of Gauntlight,1,Boss Skrawng
18,5,3,2,-4,3,0,21,60,11,10,13,9,0,13,14.0,0,0.0,0,0,0,Pathfinder #163: Ruins of Gauntlight,4,Jaul's Wolf
17,5,2,0,-1,4,2,24,120,14,12,14,16,1,0,0.0,0,0.0,3,24,16,Pathfinder #163: Ruins of Gauntlight,6,Jaul Mezmin
16,-5,5,0,2,3,0,21,48,12,9,14,12,0,14,13.5,0,0.0,0,0,0,Pathfinder #163: Ruins of Gauntlight,5,Jarelle Kaldrian
15,-5,4,0,0,3,1,20,18,9,6,10,7,0,11,6.5,0,0.0,0,0,0,Pathfinder #163: Ruins of Gauntlight,2,Flickerwisp
14,3,4,1,1,1,2,17,40,7,5,10,7,0,10,9.5,0,0.0,0,0,0,Pathfinder #163: Ruins of Gauntlight,2,Corpselight
13,-5,5,0,4,3,2,23,64,17,12,17,11,0,16,17.5,0,0.0,0,0,0,Pathfinder #163: Ruins of Gauntlight,6,Chandriu Invisar
9,4,3,1,1,3,1,18,48,8,8,12,10,0,12,10.5,0,0.0,0,0,0,Pathfinder #163: Ruins of Gauntlight,3,Augrael
10,4,1,3,-2,3,-2,19,80,10,11,7,11,0,14,15.0,11,10.5,0,0,0,Pathfinder #163: Ruins of Gauntlight,4,Bloodsiphon
12,4,3,1,1,3,3,19,45,11,7,9,12,1,12,8.5,0,0.0,1,20,12,Pathfinder #163: Ruins of Gauntlight,3,Canker Cultist
8,5,2,4,4,2,2,22,75,15,14,12,10,0,15,14.0,0,0.0,0,0,0,Pathfinder #163: Ruins of Gauntlight,5,Aller Rosk
26,0,6,3,6,4,3,30,90,18,13,18,16,1,20,19.5,20,0.0,2,26,18,Pathfinder #163: Ruins of Gauntlight,8,Voidglutton
28,0,3,0,2,3,4,20,75,12,9,15,12,1,12,2.5,0,0.0,3,22,14,Pathfinder #163: Ruins of Gauntlight,5,Wrin Sivinxi
25,3,5,3,-2,3,0,21,60,11,11,13,9,0,13,14.0,13,10.0,0,0,0,Pathfinder #163: Ruins of Gauntlight,4,Scalathrax
27,4,6,2,6,4,2,25,85,15,13,17,15,1,18,17.0,0,0.0,4,25,17,Pathfinder #163: Ruins of Gauntlight,7,Volluk Azrinae
4078,4,4,2,3,1,2,27,130,13,16,18,14,0,20,19.0,19,21.0,0,0,0,Pathfinder Society Scenario #2-10: In Burning Dawn,8,Strak (7-8)
4077,4,4,2,2,1,2,24,92,11,13,15,12,0,16,14.5,15,20.0,0,0,0,Pathfinder Society Scenario #2-10: In Burning Dawn,6,Strak (5-6)
4076,5,4,3,2,2,3,25,119,16,17,15,12,0,17,16.0,0,0.0,0,0,0,Pathfinder Society Scenario #2-10: In Burning Dawn,7,Scorched Earth Orc (Sharpshooter) (7-8)
4075,4,3,2,1,1,2,21,78,15,14,12,9,0,13,11.5,0,0.0,0,0,0,Pathfinder Society Scenario #2-10: In Burning Dawn,5,Scorched Earth Orc (Sharpshooter) (5-6)
4074,5,4,4,1,1,2,24,95,15,11,14,9,0,15,14.5,0,0.0,0,0,0,Pathfinder Society Scenario #2-10: In Burning Dawn,6,Scorched Earth Orc (Scout) (7-8)
4073,3,2,2,1,1,2,21,55,12,11,14,9,0,12,10.5,0,0.0,0,0,0,Pathfinder Society Scenario #2-10: In Burning Dawn,4,Scorched Earth Orc (Scout) (5-6)
4072,5,4,3,2,2,3,25,119,16,17,15,12,0,17,16.0,0,0.0,0,0,0,Pathfinder Society Scenario #2-10: In Burning Dawn,7,Scorched Earth Orc (Clipper) (7-8)
4069,3,2,2,1,1,2,21,63,12,14,11,9,0,12,14.5,0,0.0,0,0,0,Pathfinder Society Scenario #2-10: In Burning Dawn,4,Burning Sun Orc (5-6)
4071,4,3,2,1,1,2,21,78,15,14,12,9,0,13,11.5,0,0.0,0,0,0,Pathfinder Society Scenario #2-10: In Burning Dawn,5,Scorched Earth Orc (Clipper) (5-6)
4070,4,2,2,0,2,2,23,99,13,16,14,12,0,15,18.5,0,0.0,0,0,0,Pathfinder Society Scenario #2-10: In Burning Dawn,6,Burning Sun Orc (7-8)
4068,4,2,3,-4,2,0,17,35,8,9,6,5,0,10,8.5,0,0.0,0,0,0,Pathfinder Society Scenario #2-09: The Seven Secrets of Dacilane Academy,2,Tough Small Opossum
4067,4,5,2,5,3,2,22,69,12,9,14,12,1,15,18.0,0,0.0,4,22,14,Pathfinder Society Scenario #2-09: The Seven Secrets of Dacilane Academy,5,The Scholar of Sorts (3-4)
4066,3,4,1,4,3,1,19,42,8,6,11,10,1,11,12.0,0,0.0,4,20,12,Pathfinder Society Scenario #2-09: The Seven Secrets of Dacilane Academy,3,The Scholar of Sorts (1-2)
4065,2,3,4,-4,1,0,15,25,6,9,6,3,0,9,7.5,0,0.0,0,0,0,Pathfinder Society Scenario #2-09: The Seven Secrets of Dacilane Academy,1,Small Opossum
4063,5,3,3,-5,1,0,21,58,15,12,12,8,0,14,12.0,12,0.0,0,0,0,Pathfinder Society Scenario #2-09: The Seven Secrets of Dacilane Academy,4,Anatomical Model (3-4)
4062,4,2,3,-5,1,0,17,32,11,8,8,4,0,11,8.5,9,0.0,0,0,0,Pathfinder Society Scenario #2-09: The Seven Secrets of Dacilane Academy,2,Anatomical Model (1-2)
4064,5,3,3,-5,1,0,23,78,17,14,14,10,0,16,14.0,14,0.0,0,0,0,Pathfinder Society Scenario #2-09: The Seven Secrets of Dacilane Academy,4,Elite Anatomical Model (3-4)
4180,1,4,2,-3,3,0,17,20,9,10,12,7,0,0,0.0,0,0.0,0,0,0,Pathfinder Bounty #5: Witch's Winter Holiday,2,Cobbleswarm (B5)
346,10,6,7,6,6,8,42,355,35,34,33,31,1,38,33.5,0,0.0,9,39,33,Pathfinder #162: Ruins of the Radiant Siege,19,Ulressia The Blessed
345,9,-2,7,-5,0,-5,31,535,30,33,20,26,0,35,40.0,0,0.0,0,0,0,Pathfinder #162: Ruins of the Radiant Siege,18,Slithering Rift
344,10,8,6,6,8,11,48,400,42,33,39,36,1,43,42.0,0,0.0,10,45,37,Pathfinder #162: Ruins of the Radiant Siege,21,Rhevanna
343,5,5,8,6,6,8,37,205,27,29,24,27,1,0,0.0,0,0.0,8,36,28,Pathfinder #162: Ruins of the Radiant Siege,15,Penqual
342,9,6,6,9,5,6,40,315,29,31,29,27,1,33,36.0,0,0.0,9,38,30,Pathfinder #162: Ruins of the Radiant Siege,17,Overdrive Imentesh
341,7,10,8,8,8,9,48,500,43,39,43,39,1,41,35.5,0,0.0,10,47,37,Pathfinder #162: Ruins of the Radiant Siege,21,Olansa Terimor
340,5,8,6,10,6,8,43,355,33,31,29,37,1,35,48.5,36,43.5,9,41,33,Pathfinder #162: Ruins of the Radiant Siege,19,Nenchuuj
339,6,10,5,-2,2,1,43,100,32,31,34,30,0,37,33.0,35,17.5,0,0,0,Pathfinder #162: Ruins of the Radiant Siege,19,Living Mural
338,0,4,2,6,1,7,40,300,25,30,32,25,1,30,23.0,0,0.0,9,39,33,Pathfinder #162: Ruins of the Radiant Siege,19,Il'setsya Wyrmtouched
337,9,6,7,4,6,8,41,300,30,27,30,33,1,33,33.5,0,0.0,9,40,35,Pathfinder #162: Ruins of the Radiant Siege,18,Hundun Chaos Mage
336,11,8,8,7,9,9,48,400,40,38,36,41,1,41,40.5,0,0.0,9,45,39,Pathfinder #162: Ruins of the Radiant Siege,21,Hestriviniaas
335,8,6,7,4,6,6,37,250,29,26,23,29,1,30,26.5,0,0.0,8,38,30,Pathfinder #162: Ruins of the Radiant Siege,15,Hegessik
334,9,1,7,3,6,8,40,260,30,32,24,29,0,33,42.0,0,0.0,0,0,0,Pathfinder #162: Ruins of the Radiant Siege,17,Graveknight Of Kharnas
333,8,5,6,4,5,7,40,315,32,33,26,28,1,33,35.5,31,19.5,8,38,30,Pathfinder #162: Ruins of the Radiant Siege,17,Ghaele Of Kharnas
332,6,8,7,-3,4,0,41,300,30,31,32,26,0,34,27.5,34,24.5,0,0,0,Pathfinder #162: Ruins of the Radiant Siege,18,Excorion Paragon
331,10,6,9,3,6,6,43,450,36,39,34,32,1,38,48.5,0,0.0,6,38,30,Pathfinder #162: Ruins of the Radiant Siege,20,Daemonic Skinner
330,6,9,4,8,8,7,48,350,41,34,39,36,1,41,42.0,39,31.0,7,45,37,Pathfinder #162: Ruins of the Radiant Siege,21,Daemonic Rumormonger
329,6,9,10,7,10,8,45,475,40,40,39,40,3,36,35.5,0,0.0,10,46,38,Pathfinder #162: Ruins of the Radiant Siege,21,Daemonic Infector
320,5,6,7,2,4,7,43,290,32,31,35,30,1,36,30.5,0,0.0,9,41,33,Pathfinder #162: Ruins of the Radiant Siege,19,Agent of the Gray Queen
321,6,10,5,6,5,10,45,400,31,31,36,31,1,35,41.0,35,33.0,9,41,33,Pathfinder #162: Ruins of the Radiant Siege,19,Agradaemon
322,10,5,9,-3,0,0,46,400,35,37,32,27,0,39,43.0,0,0.0,0,0,0,Pathfinder #162: Ruins of the Radiant Siege,21,Alchemical Horror
323,11,7,9,6,8,10,50,400,41,40,36,41,1,42,47.0,40,43.0,10,47,39,Pathfinder #162: Ruins of the Radiant Siege,21,Avsheros the Betrayer
324,6,9,5,6,10,6,42,350,39,32,36,39,1,36,39.0,0,0.0,10,44,36,Pathfinder #162: Ruins of the Radiant Siege,21,Baatamidar
325,1,6,3,7,2,3,43,375,36,29,34,32,1,34,25.0,0,0.0,8,42,38,Pathfinder #162: Ruins of the Radiant Siege,20,Blune Bandersworth
326,-5,7,5,-3,4,8,36,150,27,25,27,22,1,35,25.5,0,0.0,6,36,28,Pathfinder #162: Ruins of the Radiant Siege,16,Blune's Illusory Toady
327,10,5,6,6,6,9,40,320,27,31,26,29,1,35,34.5,0,0.0,9,43,35,Pathfinder #162: Ruins of the Radiant Siege,17,Camarach
347,10,5,7,6,8,6,45,375,36,38,33,35,1,38,40.0,0,0.0,10,42,34,Pathfinder #162: Ruins of the Radiant Siege,20,Veksciralenix
328,11,0,10,-5,0,-5,46,400,35,39,29,29,0,40,40.5,29,42.5,0,0,0,Pathfinder #162: Ruins of the Radiant Siege,21,Chaos Gulgamodh
6003,2,4,1,4,3,1,19,28,6,7,10,5,0,10,5.5,0,0.0,0,0,0,Pathfinder Adventure: Troubles in Otari,2,Kobold Trapmaster
6011,2,4,3,-2,2,0,18,30,8,7,10,8,0,11,6.5,11,7.0,0,0,0,Pathfinder Adventure: Troubles in Otari,2,Stinkweed Shambler
6010,1,4,0,0,3,3,19,45,12,8,12,11,1,10,6.0,0,0.0,2,20,12,Pathfinder Adventure: Troubles in Otari,3,Scalliwing
6007,2,4,2,1,2,0,18,30,12,8,10,8,0,11,7.5,11,5.5,0,0,0,Pathfinder Adventure: Troubles in Otari,2,Omblin Leadbuster
6006,3,2,2,4,1,-1,19,50,11,11,9,14,1,14,4.5,0,0.0,2,21,13,Pathfinder Adventure: Troubles in Otari,4,Morgrym Leadbuster
6005,4,5,4,1,3,0,23,98,17,14,17,11,1,15,12.0,0,0.0,3,21,13,Pathfinder Adventure: Troubles in Otari,6,Kurnugian Jackal
6004,4,1,3,0,2,1,21,60,12,13,9,10,0,14,14.5,0,0.0,0,0,0,Pathfinder Adventure: Troubles in Otari,4,Kotgar Leadbuster
6002,2,0,3,0,4,2,20,65,16,11,8,14,1,14,12.0,0,0.0,2,21,13,Pathfinder Adventure: Troubles in Otari,4,Hargrit Leadbuster
6001,4,2,3,-1,1,0,17,34,7,9,8,5,0,10,6.5,0,0.0,0,0,0,Pathfinder Adventure: Troubles in Otari,2,Bugbear Marauder
6000,1,3,2,-4,1,-3,15,8,5,6,7,3,0,7,4.5,0,0.0,0,0,0,Pathfinder Adventure: Troubles in Otari,-1,Brimstone Rat
4055,3,4,2,0,2,0,21,52,12,11,13,9,0,13,8.5,0,0.0,0,0,0,Pathfinder Society Scenario #2-08: A Frosty Mug,4,Ogthup (5-6)
4061,2,4,2,0,2,1,19,50,9,9,11,7,0,11,9.5,11,7.5,0,0,0,Pathfinder Society Scenario #2-08: A Frosty Mug,3,Twigjack (PFS 2-08)
4060,4,3,3,0,1,1,24,135,14,15,12,12,0,16,16.5,15,13.5,0,0,0,Pathfinder Society Scenario #2-08: A Frosty Mug,6,Semyon (7-8)
4059,3,3,3,0,1,1,20,99,12,12,9,9,0,16,12.0,15,10.5,0,0,0,Pathfinder Society Scenario #2-08: A Frosty Mug,4,Semyon (5-6)
4058,4,3,3,0,1,1,24,115,14,15,12,12,0,16,16.5,15,13.5,0,0,0,Pathfinder Society Scenario #2-08: A Frosty Mug,6,Russian Soldier (7-8)
4057,3,3,3,0,1,1,20,74,12,12,9,9,0,16,12.0,15,10.5,0,0,0,Pathfinder Society Scenario #2-08: A Frosty Mug,4,Russian Soldier (5-6)
4056,3,5,2,0,2,0,24,84,16,14,17,12,0,16,12.0,0,0.0,0,0,0,Pathfinder Society Scenario #2-08: A Frosty Mug,6,Ogthup (7-8)
4054,7,1,6,-4,2,-1,27,157,21,21,15,18,0,21,19.0,19,30.0,0,0,0,Pathfinder Society Scenario #2-08: A Frosty Mug,9,Mishka The Bear (7-8)
4051,1,4,2,5,2,4,21,60,13,9,12,15,1,11,8.5,0,0.0,3,22,14,Pathfinder Society Scenario #2-08: A Frosty Mug,5,Chesjilawa Jadwiga Karina (5-6)
4052,1,4,2,5,2,4,24,90,12,12,15,18,1,13,9.0,0,0.0,4,25,17,Pathfinder Society Scenario #2-08: A Frosty Mug,7,Chesjilawa Jadwiga Karina (7-8)
4053,7,1,5,-4,2,-1,24,118,18,18,12,15,0,18,16.0,16,25.0,0,0,0,Pathfinder Society Scenario #2-08: A Frosty Mug,7,Mishka The Bear (5-6)
4050,4,4,2,2,4,2,24,95,17,14,17,17,1,18,14.5,18,1.0,3,24,16,Pathfinder Society Scenario #2-07: The Blackros Deception,6,Onyx Alliance Agent (7-8)
4049,4,4,1,1,3,1,21,60,14,11,14,14,1,14,12.5,0,0.0,2,21,13,Pathfinder Society Scenario #2-07: The Blackros Deception,4,Onyx Alliance Agent (5-6)
301,9,5,9,0,6,5,40,320,31,32,26,29,1,35,33.5,0,0.0,9,38,0,Pathfinder #161: Belly of the Black Whale,17,Lusca
305,8,-1,4,-5,0,-5,36,210,23,28,23,24,0,30,30.5,0,0.0,0,0,0,Pathfinder #161: Belly of the Black Whale,14,Mr. Snips
302,8,0,6,5,2,8,42,440,30,30,27,33,1,37,32.5,0,0.0,5,40,30,Pathfinder #161: Belly of the Black Whale,18,Minchgorm
303,5,4,0,3,5,8,40,310,31,26,30,31,1,32,37.5,0,0.0,8,41,33,Pathfinder #161: Belly of the Black Whale,17,Miogimo
304,7,6,9,3,4,8,38,400,33,32,29,28,0,30,25.5,31,0.0,9,39,30,Pathfinder #161: Belly of the Black Whale,17,Mother Venom
314,0,5,3,5,4,0,34,190,27,22,26,25,0,24,10.0,0,0.0,7,34,26,Pathfinder #161: Belly of the Black Whale,13,Tiderunner Aquamancer
315,3,6,5,1,4,5,41,240,32,30,33,26,0,33,18.5,0,0.0,0,0,0,Pathfinder #161: Belly of the Black Whale,17,Twisted Jack
316,8,8,8,0,0,0,40,225,28,30,28,22,1,30,31.5,0,0.0,8,38,30,Pathfinder #161: Belly of the Black Whale,16,Water Elemental Vessel (I2)
317,8,8,8,0,0,0,40,225,28,30,28,22,1,30,31.5,0,0.0,8,38,30,Pathfinder #161: Belly of the Black Whale,16,Water Elemental Vessel
318,4,6,3,0,3,2,29,175,21,19,22,19,0,22,20.0,0,0.0,0,0,0,Pathfinder #161: Belly of the Black Whale,10,Zeal-damned Ghoul
319,5,4,0,1,5,7,33,210,23,18,22,24,1,24,30.0,24,23.5,6,33,23,Pathfinder #161: Belly of the Black Whale,12,Zealborn
298,1,5,4,5,4,-1,34,220,28,26,27,28,0,24,10.0,0,0.0,7,37,27,Pathfinder #161: Belly of the Black Whale,14,Kapral
299,7,2,7,3,3,7,34,320,24,26,19,24,1,29,38.0,0,0.0,7,36,26,Pathfinder #161: Belly of the Black Whale,14,Lie-Master
297,4,6,4,9,6,4,36,275,29,23,25,29,1,27,26.5,0,0.0,8,40,32,Pathfinder #161: Belly of the Black Whale,15,Ixusoth
300,6,5,5,2,2,1,41,450,37,34,34,31,0,37,24.5,0,0.0,0,0,0,Pathfinder #161: Belly of the Black Whale,19,Lord Guirden
296,9,6,9,5,6,5,39,300,29,31,28,28,0,31,32.5,0,0.0,8,37,29,Pathfinder #161: Belly of the Black Whale,16,Grinlowe
294,9,6,9,5,6,5,39,300,29,31,28,28,0,31,32.5,0,0.0,8,37,29,Pathfinder #161: Belly of the Black Whale,16,Graem
293,5,6,3,1,4,0,38,300,30,26,31,27,0,32,16.0,30,15.0,0,0,0,Pathfinder #161: Belly of the Black Whale,16,Garrote Master Assassin
292,6,8,4,-5,0,-5,34,250,23,23,29,19,0,29,30.5,29,22.0,0,0,0,Pathfinder #161: Belly of the Black Whale,14,Clockwork Injector
291,6,8,4,-5,0,-5,36,250,25,25,31,21,0,29,29.5,29,22.0,0,0,0,Pathfinder #161: Belly of the Black Whale,14,Clockwork Chopper
290,10,7,6,-5,0,-5,43,455,36,34,35,28,0,38,36.0,35,34.0,0,0,0,Pathfinder #161: Belly of the Black Whale,20,Clockwork Amalgam
289,5,8,5,0,3,0,31,300,23,24,27,20,0,28,26.5,27,24.5,0,0,0,Pathfinder #161: Belly of the Black Whale,13,Child Of Venom
288,5,0,5,2,3,4,39,290,28,29,22,25,0,31,20.5,25,19.0,0,0,0,Pathfinder #161: Belly of the Black Whale,16,Calennia
287,5,5,5,-2,2,1,32,210,25,23,25,18,0,25,16.0,0,0.0,0,0,0,Pathfinder #161: Belly of the Black Whale,12,Bloody Barber Goon
286,5,3,5,-1,0,4,32,230,23,23,21,18,0,25,18.0,22,9.5,0,0,0,Pathfinder #161: Belly of the Black Whale,12,Black Whale Guard
285,5,3,5,-1,0,4,32,230,23,23,21,18,0,25,18.0,22,9.5,0,0,0,Pathfinder #161: Belly of the Black Whale,12,Black Whale Guard (F3)
284,6,8,4,-5,0,-5,34,270,25,23,29,19,0,29,24.5,29,23.0,0,0,0,Pathfinder #161: Belly of the Black Whale,14,Barrel Launcher
295,6,2,2,4,4,0,36,270,27,26,24,26,0,28,25.5,24,10.5,0,0,0,Pathfinder #161: Belly of the Black Whale,14,Grimwold
306,8,7,9,6,8,5,39,340,30,31,27,30,1,32,39.5,0,0.0,9,41,31,Pathfinder #161: Belly of the Black Whale,16,Myrna Rath
307,9,6,6,5,3,6,41,340,33,32,28,30,1,34,31.5,0,0.0,9,40,32,Pathfinder #161: Belly of the Black Whale,18,Myrucarx
309,8,-1,4,-5,0,-5,36,230,23,28,23,24,0,30,30.5,0,0.0,0,0,0,Pathfinder #161: Belly of the Black Whale,14,Pulping Golem
310,6,3,0,5,2,8,42,350,33,26,29,28,0,34,33.5,0,0.0,0,0,0,Pathfinder #161: Belly of the Black Whale,18,Reginald Vancaskerkin
311,3,6,5,1,4,5,41,240,32,30,33,26,0,33,18.5,0,0.0,0,0,0,Pathfinder #161: Belly of the Black Whale,17,Sad Liza
313,9,5,7,0,6,3,39,350,30,32,26,27,1,33,40.0,0,0.0,7,36,26,Pathfinder #161: Belly of the Black Whale,16,The Inkmaster
312,4,3,5,1,2,1,31,195,24,22,20,19,0,24,19.0,23,15.0,0,0,0,Pathfinder #161: Belly of the Black Whale,11,Starwatch Commando
1781,2,2,-1,2,1,4,16,20,5,5,6,7,1,6,6.5,0,0.0,1,18,8,Pathfinder Beginner Box,2,"Kobold Mage (Blue, BB)"
1775,1,4,0,-1,1,4,21,75,12,9,15,12,0,15,13.0,0,0.0,0,0,0,Pathfinder Beginner Box,5,Harpy (BB)
1776,4,3,2,-2,2,-2,17,40,9,9,10,7,0,13,12.0,0,0.0,0,0,0,Pathfinder Beginner Box,3,Hell Hound (BB)
1777,3,3,2,0,2,-1,18,20,7,5,6,5,0,8,7.5,8,3.5,0,0,0,Pathfinder Beginner Box,1,Hobgoblin Soldier (BB)
1785,0,4,1,0,3,1,16,16,8,5,9,6,0,9,3.5,9,4.5,0,0,0,Pathfinder Beginner Box,1,Kobold Scout (BB)
1751,4,-1,5,-3,2,1,22,75,11,14,8,11,0,15,13.0,0,0.0,0,0,0,Pathfinder Beginner Box,5,Basilisk (BB)
1771,3,4,3,-4,1,-2,17,26,7,8,11,6,0,11,7.5,0,0.0,0,0,0,Pathfinder Beginner Box,2,Giant Viper (BB)
1774,0,3,1,0,-1,1,16,6,2,5,7,3,0,7,3.5,7,3.5,0,0,0,Pathfinder Beginner Box,-1,Goblin Warrior (BB)
1772,3,3,2,-1,0,2,17,18,5,7,8,5,0,8,9.5,8,3.5,0,0,0,Pathfinder Beginner Box,1,Goblin Commando (BB)
1773,0,4,2,0,-1,3,17,15,4,5,9,4,1,7,3.5,0,0.0,1,16,6,Pathfinder Beginner Box,1,Goblin Igniter (BB)
1784,2,2,-1,2,1,4,16,20,5,5,6,7,1,6,6.5,0,0.0,1,18,8,Pathfinder Beginner Box,2,"Kobold Mage (White, BB)"
1791,5,-1,4,-2,0,-2,17,50,5,11,6,5,0,12,13.5,0,0.0,0,0,0,Pathfinder Beginner Box,3,Ogre Warrior (BB)
1790,6,0,3,-2,2,-1,20,70,12,13,8,10,0,14,12.5,0,0.0,0,0,0,Pathfinder Beginner Box,4,Minotaur Hunter (BB)
1783,2,2,-1,2,1,4,16,20,5,5,6,7,1,6,6.5,0,0.0,1,18,8,Pathfinder Beginner Box,2,"Kobold Mage (Red, BB)"
1788,3,4,2,-4,1,-2,18,30,7,8,10,5,0,10,6.5,0,0.0,0,0,0,Pathfinder Beginner Box,2,Leopard (BB)
1787,1,3,0,0,1,-1,16,7,3,4,7,3,0,5,4.5,0,0.0,0,0,0,Pathfinder Beginner Box,-1,Kobold Warrior (BB)
1786,2,4,1,4,3,1,19,28,6,7,10,5,0,10,5.5,0,0.0,0,0,0,Pathfinder Beginner Box,2,Kobold Trapmaster (BB)
1778,4,1,3,1,1,3,20,60,11,11,11,9,0,14,11.0,0,0.0,0,0,0,Pathfinder Beginner Box,4,"Horned Dragon (Juvenile, BB)"
1779,-1,3,0,2,1,4,17,25,5,4,7,7,1,7,2.5,0,0.0,1,20,12,Pathfinder Beginner Box,2,Kobold Boss Zolgran (BB)
1780,2,2,-1,2,1,4,16,20,5,5,6,7,1,6,6.5,0,0.0,1,18,8,Pathfinder Beginner Box,2,"Kobold Mage (Black, BB)"
1782,2,2,-1,2,1,4,16,20,5,5,6,7,1,6,6.5,0,0.0,1,18,8,Pathfinder Beginner Box,2,"Kobold Mage (Green, BB)"
1789,4,1,3,0,1,0,20,75,9,11,9,9,0,14,13.0,0,0.0,0,0,0,Pathfinder Beginner Box,4,Mimic (BB)
1750,3,-3,4,-5,0,-5,17,20,6,10,3,4,0,11,8.5,0,0.0,0,0,0,Pathfinder Beginner Box,2,Animated Armor (BB)
1799,-5,4,0,-2,2,3,20,40,10,8,14,12,0,15,10.0,0,0.0,0,0,0,Pathfinder Beginner Box,4,Shadow (BB)
1752,4,1,4,-4,2,-3,15,40,8,10,5,8,0,10,11.0,0,0.0,0,0,0,Pathfinder Beginner Box,2,Boar (BB)
1801,2,4,0,-5,0,0,16,4,2,2,8,2,0,6,4.5,6,3.5,0,0,0,Pathfinder Beginner Box,-1,Skeleton Guard (BB)
1802,4,-1,3,-4,2,-1,19,44,9,12,6,7,0,11,11.5,0,0.0,0,0,0,Pathfinder Beginner Box,3,Sod Hound (BB)
1798,2,-5,4,-5,0,-5,8,40,3,9,1,3,0,9,7.0,0,0.0,0,0,0,Pathfinder Beginner Box,1,Sewer Ooze (BB)
1797,1,4,2,-3,1,1,20,17,8,7,9,4,0,9,4.5,0,0.0,0,0,0,Pathfinder Beginner Box,1,Reefclaw (BB)
1803,-3,4,0,-4,1,-2,14,8,5,2,7,5,0,6,1.5,0,0.0,0,0,0,Pathfinder Beginner Box,-1,Viper (BB)
1753,3,2,2,-4,1,0,19,45,8,9,11,6,0,11,13.5,0,0.0,0,0,0,Pathfinder Beginner Box,3,Brine Shark (BB)
1800,5,1,3,-5,0,2,17,50,7,10,8,7,0,12,10.5,0,0.0,0,0,0,Pathfinder Beginner Box,3,Skeletal Giant (BB)
1754,4,2,3,-1,1,0,17,34,7,9,8,5,0,10,6.5,0,0.0,0,0,0,Pathfinder Beginner Box,2,Bugbear Prowler (BB)
1755,0,4,2,-1,1,3,17,18,6,7,9,4,0,9,2.5,0,0.0,0,0,0,Pathfinder Beginner Box,1,Caligni Dancer (BB)
1756,2,5,2,-1,2,1,21,60,10,10,13,8,0,13,10.5,0,0.0,2,19,11,Pathfinder Beginner Box,4,Caligni Hunter (BB)
1757,0,4,3,-1,2,1,19,30,8,9,10,6,0,10,6.5,0,0.0,0,0,0,Pathfinder Beginner Box,2,Caligni Skulker (BB)
1758,2,3,2,-4,2,0,18,45,9,9,12,6,0,10,11.0,0,0.0,0,0,0,Pathfinder Beginner Box,3,Cinder Rat (BB)
1796,-3,3,0,0,2,-2,14,17,6,5,8,6,1,8,2.5,8,2.5,0,0,0,Pathfinder Beginner Box,0,Pugwampi (BB)
1795,6,1,5,-4,3,0,21,70,13,13,7,11,0,14,12.5,0,0.0,0,0,0,Pathfinder Beginner Box,4,Owlbear (BB)
1794,4,2,3,-1,1,0,18,23,6,8,7,4,0,7,6.5,0,0.0,0,0,0,Pathfinder Beginner Box,1,Orc Veteran (BB)
1793,3,2,2,0,1,0,14,18,5,5,4,2,0,7,5.5,0,0.0,0,0,0,Pathfinder Beginner Box,0,Orc Scrapper (BB)
1759,3,3,0,1,2,4,18,50,7,5,10,11,1,10,12.0,0,0.0,0,0,0,Pathfinder Beginner Box,3,Doppelganger (BB)
1811,3,-2,2,-5,0,-2,12,20,0,6,0,2,0,7,7.5,0,0.0,0,0,0,Pathfinder Beginner Box,-1,Zombie Shambler (BB)
1760,1,2,1,0,4,1,20,39,9,8,7,11,1,9,5.5,9,3.5,2,21,13,Pathfinder Beginner Box,3,Drow Priestess (BB)
1762,2,4,2,0,1,0,18,18,6,7,9,4,1,9,4.5,9,4.5,0,0,0,Pathfinder Beginner Box,1,Drow Warrior (BB)
1810,2,4,1,-4,0,0,18,36,7,6,13,7,0,11,8.5,0,0.0,0,0,0,Pathfinder Beginner Box,3,Zephyr Hawk (BB)
1809,4,2,3,-1,1,0,14,21,6,8,7,4,0,9,6.5,0,0.0,0,0,0,Pathfinder Beginner Box,1,Xulgath Warrior (BB)
1808,4,1,2,-1,2,1,18,44,9,9,6,9,0,11,8.5,0,0.0,0,0,0,Pathfinder Beginner Box,3,Xulgath Leader (BB)
1807,2,4,1,-4,2,-2,15,24,7,6,9,5,0,9,5.5,0,0.0,0,0,0,Pathfinder Beginner Box,1,Wolf (BB)
1806,4,1,4,0,3,2,18,40,10,11,6,10,0,12,8.5,0,0.0,0,0,0,Pathfinder Beginner Box,3,Wight (BB)
1805,4,4,3,1,3,-1,19,45,10,10,11,8,0,11,0.0,0,0.0,0,0,0,Pathfinder Beginner Box,3,Web Lurker (BB)
1761,2,4,2,0,0,1,19,26,6,6,10,6,1,10,7.5,10,3.5,0,0,0,Pathfinder Beginner Box,2,Drow Sneak (BB)
1804,4,3,3,-1,2,2,17,36,8,11,9,6,0,11,8.5,0,0.0,0,0,0,Pathfinder Beginner Box,2,Warg (BB)
1769,1,3,2,-4,1,-3,15,8,5,6,7,3,0,7,4.5,0,0.0,0,0,0,Pathfinder Beginner Box,-1,Giant Rat (BB)
1768,-1,3,1,-5,1,-4,15,8,6,7,6,2,0,6,1.5,0,0.0,0,0,0,Pathfinder Beginner Box,-1,Giant Centipede (BB)
1767,4,1,4,-5,-1,-4,18,30,7,10,7,5,0,9,7.5,0,0.0,0,0,0,Pathfinder Beginner Box,2,Giant Ant (BB)
1766,1,4,1,1,2,2,17,16,7,4,9,5,0,9,4.5,0,0.0,0,0,0,Pathfinder Beginner Box,1,Ghoul Stalker (BB)
1765,-5,3,0,0,2,2,20,30,10,8,11,8,0,13,9.0,0,0.0,0,0,0,Pathfinder Beginner Box,4,Ghost Commoner (BB)
1764,3,2,3,-2,2,-2,21,40,10,13,10,10,0,13,10.0,0,0.0,0,0,0,Pathfinder Beginner Box,4,Gargoyle (BB)
1763,5,2,6,-2,0,-2,20,125,11,17,11,7,0,14,14.0,0,0.0,0,0,0,Pathfinder Beginner Box,5,Forest Troll (BB)
1770,2,4,1,-5,2,-4,17,16,7,6,9,5,0,9,5.5,7,0.0,0,0,0,Pathfinder Beginner Box,1,Giant Spider (BB)
1792,4,2,1,-1,1,2,19,32,8,7,6,7,0,10,6.5,0,0.0,0,0,0,Pathfinder Beginner Box,2,Orc Commander (BB)
4182,3,2,3,0,1,0,15,25,7,8,7,6,0,7,6.5,0,0.0,0,0,0,Pathfinder Bounty #3: Shadows and Scarecrows,1,Kareida
4184,0,1,2,0,3,4,16,28,8,7,6,10,1,7,2.5,0,0.0,1,18,10,Pathfinder Bounty #3: Shadows and Scarecrows,2,Teflar
4039,3,2,2,0,1,2,19,40,7,9,11,6,0,11,12.0,0,0.0,0,0,0,Pathfinder Society Scenario #2-06: The Crashing Wave,3,Silaqui (3-4)
4047,6,-1,4,0,2,0,26,110,15,16,12,13,0,18,15.0,0,0.0,0,0,0,Pathfinder Society Scenario #2-06: The Crashing Wave,7,Wounded Dragon Turtle (5-6)
4032,5,2,3,0,3,2,21,60,10,13,11,10,0,14,12.5,0,0.0,0,0,0,Pathfinder Society Scenario #2-06: The Crashing Wave,4,Baron Utomo (3-4)
4033,5,2,4,0,3,2,24,95,13,16,14,13,0,17,15.5,0,0.0,0,0,0,Pathfinder Society Scenario #2-06: The Crashing Wave,6,Baron Utomo (5-6)
4034,5,1,4,-4,0,-4,19,45,9,10,8,7,0,12,10.5,0,0.0,0,0,0,Pathfinder Society Scenario #2-06: The Crashing Wave,3,Bloodthirsty Razortoothed Shark
4035,3,3,3,-5,1,-1,15,60,7,9,5,5,0,10,9.5,0,0.0,0,0,0,Pathfinder Society Scenario #2-06: The Crashing Wave,2,Ferocious Zombie Grindylow
4036,3,1,4,-4,0,-4,16,20,7,8,6,5,0,9,6.5,0,0.0,0,0,0,Pathfinder Society Scenario #2-06: The Crashing Wave,1,Razortoothed Shark
4037,4,3,4,-4,1,-1,19,45,10,9,12,6,0,11,8.5,0,0.0,0,0,0,Pathfinder Society Scenario #2-06: The Crashing Wave,3,Saddleback Bunyip
4048,2,2,2,-5,0,-2,13,30,5,6,2,2,0,7,4.5,0,0.0,0,0,0,Pathfinder Society Scenario #2-06: The Crashing Wave,0,Zombie Grindylow
4038,4,1,3,0,1,0,21,60,7,13,11,9,0,14,10.5,0,0.0,0,0,0,Pathfinder Society Scenario #2-06: The Crashing Wave,4,Sea Devil Impaler
4041,1,4,2,0,2,3,19,48,9,6,10,9,0,12,8.0,0,0.0,0,0,0,Pathfinder Society Scenario #2-06: The Crashing Wave,3,The Saboteur (3-4)
4042,2,5,3,1,3,4,22,75,12,9,13,12,0,15,12.0,0,0.0,0,0,0,Pathfinder Society Scenario #2-06: The Crashing Wave,5,The Saboteur (5-6)
4043,4,4,2,1,5,0,18,43,13,8,10,9,0,12,11.0,0,0.0,0,0,0,Pathfinder Society Scenario #2-06: The Crashing Wave,4,Weak Mist Stalker
4044,4,0,3,-2,3,0,14,30,9,9,2,7,0,8,6.5,0,0.0,0,0,0,Pathfinder Society Scenario #2-06: The Crashing Wave,1,Weak Mudwretch
4045,3,4,1,0,3,-1,16,20,9,5,8,5,0,10,4.5,0,0.0,0,0,0,Pathfinder Society Scenario #2-06: The Crashing Wave,1,Weak Sea Devil Scout
4046,5,-1,4,0,2,0,23,70,12,13,9,10,0,15,12.0,0,0.0,0,0,0,Pathfinder Society Scenario #2-06: The Crashing Wave,5,Wounded Dragon Turtle (3-4)
4040,4,3,3,1,2,3,22,70,9,12,14,9,0,14,16.0,0,0.0,0,0,0,Pathfinder Society Scenario #2-06: The Crashing Wave,5,Silaqui (5-6)
4022,4,1,3,-5,0,1,16,12,5,8,6,3,0,9,6.5,0,0.0,0,0,0,Pathfinder Society Scenario #2-05: Balancing the Scales,1,Ash Skeleton (1-2)
4029,0,3,3,-1,1,1,16,22,6,6,10,4,0,8,3.5,0,0.0,0,0,0,Pathfinder Society Scenario #2-05: Balancing the Scales,1,Spark Troll (3-4)
4028,0,3,2,-1,1,0,15,8,3,4,7,3,0,7,2.5,0,0.0,0,0,0,Pathfinder Society Scenario #2-05: Balancing the Scales,-1,Spark Troll (1-2)
4024,5,-1,3,-5,0,-2,16,93,5,12,4,5,0,12,11.5,12,12.0,0,0,0,Pathfinder Society Scenario #2-05: Balancing the Scales,3,Fire-Eye Cyclops Zombie (1-2)
4025,6,-1,3,-5,0,-2,18,120,7,14,6,9,0,15,17.0,15,13.0,0,0,0,Pathfinder Society Scenario #2-05: Balancing the Scales,5,Fire-Eye Cyclops Zombie (3-4)
4026,0,3,2,-5,0,-2,15,8,4,4,7,2,0,7,2.5,7,3.5,0,0,0,Pathfinder Society Scenario #2-05: Balancing the Scales,-1,Flaming Eye (1-2)
4027,0,4,3,-5,0,-2,16,20,7,6,9,3,0,8,5.5,8,4.5,0,0,0,Pathfinder Society Scenario #2-05: Balancing the Scales,1,Flaming Eye (3-4)
4030,3,2,3,-3,1,0,18,30,7,11,8,5,0,11,6.5,0,0.0,0,0,0,Pathfinder Society Scenario #2-05: Balancing the Scales,2,Storm Bear (1-2)
4031,4,3,3,-3,1,0,21,60,11,13,11,7,0,14,11.0,0,0.0,0,0,0,Pathfinder Society Scenario #2-05: Balancing the Scales,4,Storm Bear (3-4)
4023,5,1,3,-5,0,1,18,30,7,10,8,5,0,12,9.5,0,0.0,0,0,0,Pathfinder Society Scenario #2-05: Balancing the Scales,3,Ash Skeleton (3-4)
278,5,8,4,0,4,3,36,305,26,24,30,26,0,27,28.5,27,21.5,0,0,0,Pathfinder #160: Assault on Hunting Lodge Seven,14,Shatterling
266,2,4,2,5,2,0,30,175,16,20,18,20,0,21,15.0,22,0.0,0,0,0,Pathfinder #160: Assault on Hunting Lodge Seven,10,Alchemist Aspirant
267,0,4,2,4,2,0,22,75,13,13,15,11,0,13,11.5,14,9.0,0,0,0,Pathfinder #160: Assault on Hunting Lodge Seven,5,Amateur Chemist
268,1,4,1,0,4,2,24,95,16,11,16,16,1,15,8.5,14,3.5,3,24,17,Pathfinder #160: Assault on Hunting Lodge Seven,6,Blackfingers Acolyte
269,6,8,4,-5,0,-5,34,230,23,23,29,19,0,27,22.5,27,20.0,0,0,0,Pathfinder #160: Assault on Hunting Lodge Seven,13,Clockwork Assassin
279,4,2,4,0,2,1,24,120,17,16,11,14,0,17,11.5,14,7.5,0,0,0,Pathfinder #160: Assault on Hunting Lodge Seven,6,Sleepless Sun Veteran
272,1,3,4,5,4,0,32,285,25,25,22,23,2,22,14.0,0,0.0,7,33,27,Pathfinder #160: Assault on Hunting Lodge Seven,13,Grabble Forden
271,-5,8,2,2,6,4,37,110,25,19,27,23,0,27,31.0,0,0.0,0,0,0,Pathfinder #160: Assault on Hunting Lodge Seven,13,Gloaming Will-o'-Wisp
280,1,7,2,1,5,4,40,315,31,27,34,26,1,34,20.5,0,0.0,9,38,28,Pathfinder #160: Assault on Hunting Lodge Seven,17,The Rabbit Prince
281,6,8,4,3,4,3,38,275,27,27,29,27,1,30,29.5,29,27.5,6,36,28,Pathfinder #160: Assault on Hunting Lodge Seven,15,The Stabbing Beast
282,2,4,1,0,2,4,28,155,19,16,19,17,1,19,8.5,0,0.0,5,28,18,Pathfinder #160: Assault on Hunting Lodge Seven,9,Venom Mage
283,5,1,3,2,3,6,38,340,32,28,26,28,0,32,26.5,0,0.0,0,0,0,Pathfinder #160: Assault on Hunting Lodge Seven,17,Wynsal Starborn
270,6,3,5,-5,2,-4,24,200,17,19,17,14,0,20,19.0,17,0.0,0,0,0,Pathfinder #160: Assault on Hunting Lodge Seven,8,Giant Joro Spider
276,3,4,2,0,5,2,33,215,25,22,23,25,1,24,15.0,24,8.0,6,34,0,Pathfinder #160: Assault on Hunting Lodge Seven,12,Priest of Blackfingers
275,4,3,4,0,1,1,25,150,15,19,15,13,0,19,12.5,0,0.0,0,0,0,Pathfinder #160: Assault on Hunting Lodge Seven,8,Poison Eater
274,4,5,1,3,3,0,31,195,22,18,24,18,0,23,16.0,0,0.0,0,0,0,Pathfinder #160: Assault on Hunting Lodge Seven,11,Norgorberite Poisoner
277,6,3,1,0,5,3,36,240,29,21,23,27,1,27,17.0,0,0.0,7,34,24,Pathfinder #160: Assault on Hunting Lodge Seven,14,Secret-Keeper
273,0,4,2,3,6,3,36,300,29,25,27,31,1,28,15.0,0,0.0,8,37,27,Pathfinder #160: Assault on Hunting Lodge Seven,15,Jonis Flakfatter
4013,5,2,6,-4,1,-2,20,110,9,17,11,9,0,11,10.5,0,0.0,0,0,0,Pathfinder Society Scenario #2-03: Catastrophe's Spark,5,Mutated Trollhound
4012,5,1,3,-5,0,2,17,22,4,8,6,5,0,9,7.5,0,0.0,0,0,0,Pathfinder Society Scenario #2-03: Catastrophe's Spark,1,Lesser Skeletal Cyclops
4014,5,1,3,-5,0,2,17,50,7,10,8,7,0,12,10.5,0,0.0,0,0,0,Pathfinder Society Scenario #2-03: Catastrophe's Spark,3,Skeletal Cyclops
4009,3,1,2,-4,2,0,19,45,9,10,8,7,0,12,10.5,0,0.0,0,0,0,Pathfinder Society Scenario #2-03: Catastrophe's Spark,3,Desiccated Giant Crawling Hand
4008,2,5,3,-1,2,0,19,45,9,9,11,7,0,12,7.0,0,0.0,0,0,0,Pathfinder Society Scenario #2-03: Catastrophe's Spark,4,Bruorsivi Mandragora
4011,1,4,3,-1,2,0,16,20,7,7,9,4,0,9,4.5,0,0.0,0,0,0,Pathfinder Society Scenario #2-03: Catastrophe's Spark,1,Lesser Bruorsivi Mandragora
4010,2,4,0,-5,0,0,16,4,2,2,8,2,0,6,4.5,6,3.5,0,0,0,Pathfinder Society Scenario #2-03: Catastrophe's Spark,-1,Exploding Skeleton Guard
4015,5,3,3,-1,1,1,20,70,10,14,9,10,0,13,8.5,0,0.0,0,0,0,Pathfinder Society Scenario #2-04: Path of Kings,4,Draugr Raider
4016,6,2,5,0,2,4,22,140,15,16,13,11,0,15,14.0,0,0.0,0,0,0,Pathfinder Society Scenario #2-04: Path of Kings,6,Frost Troll Hunter
4017,4,1,5,-4,1,-2,15,50,4,12,6,4,0,9,8.5,0,0.0,0,0,0,Pathfinder Society Scenario #2-04: Path of Kings,2,Frostbitten Trollhound
4018,4,2,4,0,0,2,22,80,12,15,12,9,0,13,12.5,0,0.0,0,0,0,Pathfinder Society Scenario #2-04: Path of Kings,5,Murta Kronniksdottir (3-4)
4019,4,2,4,0,0,3,24,130,15,18,15,12,0,16,19.0,0,0.0,0,0,0,Pathfinder Society Scenario #2-04: Path of Kings,7,Murta Kronniksdottir (5-6)
4020,3,1,2,1,3,0,18,30,11,8,7,11,0,9,9.5,7,4.5,0,0,0,Pathfinder Society Scenario #2-04: Path of Kings,2,Tewakam Nekotek (3-4)
4021,4,1,2,1,3,0,21,60,14,12,11,14,0,12,12.5,9,5.5,0,0,0,Pathfinder Society Scenario #2-04: Path of Kings,4,Tewakam Nekotek (5-6)
249,5,2,4,1,1,3,30,245,24,23,21,20,0,24,22.0,19,5.5,0,0,0,Pathfinder #159: All or Nothing,11,Bloody Berleth
259,6,7,5,-5,4,3,31,210,18,18,24,17,0,24,26.0,0,0.0,0,0,0,Pathfinder #159: All or Nothing,11,Iroran Skeleton
253,2,4,3,4,0,1,27,155,21,20,21,15,0,20,13.0,22,13.0,0,0,0,Pathfinder #159: All or Nothing,9,Diobel Sweeper Chemist
254,4,4,4,0,2,0,24,125,17,17,17,13,0,18,11.5,19,9.0,0,0,0,Pathfinder #159: All or Nothing,7,Diobel Sweeper Tough
255,7,4,5,2,3,3,30,275,19,22,19,16,0,23,20.5,21,0.0,0,0,0,Pathfinder #159: All or Nothing,10,Eberark
256,3,5,3,1,2,3,35,195,26,22,26,19,0,27,16.0,27,9.0,0,0,0,Pathfinder #159: All or Nothing,13,Franca Laurentz
257,0,2,1,4,5,5,24,120,24,18,21,24,0,22,10.5,22,10.5,0,0,0,Pathfinder #159: All or Nothing,11,Gage Carlyle
258,4,4,4,0,2,0,25,125,17,17,16,13,0,18,11.5,0,0.0,0,0,0,Pathfinder #159: All or Nothing,7,Gang Tough
250,6,4,4,-4,3,-3,27,180,18,20,18,17,0,21,17.0,0,0.0,0,0,0,Pathfinder #159: All or Nothing,9,Bregdi
260,4,3,4,0,2,2,29,230,20,20,19,18,0,22,17.0,0,0.0,0,0,0,Pathfinder #159: All or Nothing,10,Maurrisa Jonne
261,8,4,5,-1,1,0,24,306,25,29,26,23,0,29,21.5,0,0.0,0,0,0,Pathfinder #159: All or Nothing,14,Ravenile Rager
262,1,4,0,5,4,2,31,210,23,16,22,24,1,23,6.0,0,0.0,6,33,25,Pathfinder #159: All or Nothing,12,Scathka
263,4,4,3,1,2,0,27,155,18,20,19,15,0,20,17.0,0,0.0,0,0,0,Pathfinder #159: All or Nothing,9,Shikwashim Mercenary
264,1,6,2,4,2,3,27,135,16,11,19,16,1,21,14.0,20,8.5,2,26,18,Pathfinder #159: All or Nothing,8,Svartalfar Killer
252,6,4,3,-5,0,-5,27,150,15,20,19,15,0,22,17.0,0,0.0,0,0,0,Pathfinder #159: All or Nothing,9,Chalky
265,4,3,4,0,2,0,25,125,17,17,16,13,0,18,8.5,16,5.5,0,0,0,Pathfinder #159: All or Nothing,7,Washboard Dog Tough
247,2,5,4,3,4,3,26,150,16,16,19,16,1,20,9.0,0,0.0,4,30,22,Pathfinder #159: All or Nothing,8,Avarek
251,4,2,5,0,2,1,27,150,20,19,13,13,0,21,13.0,0,0.0,0,0,0,Pathfinder #159: All or Nothing,8,Casino Bouncer
248,6,6,3,1,4,4,28,155,17,16,21,17,0,21,17.0,21,17.0,0,0,0,Pathfinder #159: All or Nothing,9,Barnacle Ghoul
4002,4,1,1,-4,2,-3,20,45,10,12,7,10,0,12,13.0,0,0.0,0,0,0,Pathfinder Society Scenario #2-02: Mountain of Sea and Sky,3,Kayajima Boar
4006,4,2,5,-4,0,0,19,50,7,6,11,7,0,11,10.5,0,0.0,0,0,0,Pathfinder Society Scenario #2-02: Mountain of Sea and Sky,3,Wind Malevolent (3-4)
4005,6,-1,6,-5,0,-5,26,130,14,17,11,10,0,19,19.0,14,24.0,0,0,0,Pathfinder Society Scenario #2-02: Mountain of Sea and Sky,7,Kayajima Guardian Dogu (5-6)
4004,5,-1,5,-5,0,-5,23,85,11,14,8,7,0,16,16.0,12,19.5,0,0,0,Pathfinder Society Scenario #2-02: Mountain of Sea and Sky,5,Kayajima Guardian Dogu (3-4)
4003,6,0,3,-4,2,-1,23,75,14,15,11,12,0,16,17.0,0,0.0,0,0,0,Pathfinder Society Scenario #2-02: Mountain of Sea and Sky,5,Kayajima Daeodon
4007,5,3,6,-4,1,0,22,50,10,9,14,9,0,14,16.0,0,0.0,0,0,0,Pathfinder Society Scenario #2-02: Mountain of Sea and Sky,5,Wind Malevolent (5-6)
4001,1,2,2,-2,2,0,16,25,5,7,7,5,0,9,5.5,7,4.5,0,0,0,Pathfinder Society Scenario #2-01: Citadel of Corruption,1,Weakened Abyssal Fungi
4000,5,-1,5,2,4,2,20,75,15,14,9,13,0,15,11.0,0,0.0,0,0,0,Pathfinder Society Scenario #2-01: Citadel of Corruption,5,Valgomorus (3-4)
3999,3,-2,4,2,3,2,17,50,12,11,6,10,0,12,9.5,0,0.0,0,0,0,Pathfinder Society Scenario #2-01: Citadel of Corruption,3,Valgomorus (1-2)
3996,3,3,2,-2,2,0,18,45,6,8,9,6,1,11,7.5,9,5.5,2,16,8,Pathfinder Society Scenario #2-01: Citadel of Corruption,2,Abyssal Fungi
3997,0,5,0,-5,0,0,17,4,2,2,9,2,0,8,2.5,0,0.0,0,0,0,Pathfinder Society Scenario #2-01: Citadel of Corruption,-1,Goblin Skeleton
3998,3,3,0,-5,0,0,17,15,6,5,8,3,0,7,7.5,0,0.0,0,0,0,Pathfinder Society Scenario #2-01: Citadel of Corruption,1,Hobgoblin Skeleton
234,3,5,2,2,2,0,28,150,18,14,21,16,0,20,13.5,22,13.0,0,0,0,Pathfinder #158: Sixty Feet Under,9,Mobana
232,4,6,4,-5,2,-5,25,115,17,15,17,15,0,18,17.0,0,0.0,0,0,0,Pathfinder #158: Sixty Feet Under,7,Giant Bone Skipper
231,6,3,3,3,4,6,30,125,18,14,16,19,0,21,21.0,0,0.0,0,0,0,Pathfinder #158: Sixty Feet Under,9,Frefferth
230,1,6,1,0,2,4,27,150,19,15,18,16,0,20,7.5,0,0.0,0,0,0,Pathfinder #158: Sixty Feet Under,8,Fayati Alummur
228,4,6,3,4,3,6,27,160,13,13,19,16,1,20,19.0,0,0.0,4,23,15,Pathfinder #158: Sixty Feet Under,8,Dreadsong Dancer
227,2,4,2,0,2,1,21,60,13,12,14,10,0,14,8.5,14,3.5,0,0,0,Pathfinder #158: Sixty Feet Under,4,Copper Hand Rogue
226,2,4,1,4,1,0,22,70,15,8,13,12,1,13,7.5,0,0.0,3,23,15,Pathfinder #158: Sixty Feet Under,5,Copper Hand Illusionist
233,0,3,1,1,0,4,18,30,8,5,11,8,0,11,5.5,0,0.0,0,0,0,Pathfinder #158: Sixty Feet Under,2,Kolo Harvan
235,-1,4,2,-1,3,2,21,60,11,10,12,11,0,14,7.0,14,2.5,0,0,0,Pathfinder #158: Sixty Feet Under,4,Najra Lizard
239,2,5,4,0,1,0,22,120,17,14,17,9,0,17,7.5,0,0.0,0,0,0,Pathfinder #158: Sixty Feet Under,6,Skinsaw Murderer
237,6,-1,6,-5,0,-5,26,100,13,17,10,9,0,19,19.0,0,0.0,0,0,0,Pathfinder #158: Sixty Feet Under,7,Prospecti Statue
225,5,-1,3,-5,0,-5,26,140,14,18,14,15,0,20,18.0,0,0.0,0,0,0,Pathfinder #158: Sixty Feet Under,8,Carvey
246,6,4,4,-2,1,2,30,180,22,22,20,17,0,24,17.0,0,0.0,0,0,0,Pathfinder #158: Sixty Feet Under,10,Wrent Dicaspiron
245,4,2,7,-5,0,-5,13,150,10,17,10,8,0,17,19.5,0,0.0,0,0,0,Pathfinder #158: Sixty Feet Under,6,Vaultbreaker Ooze
244,7,2,5,-3,3,4,27,320,16,21,14,19,0,23,27.5,0,0.0,0,0,0,Pathfinder #158: Sixty Feet Under,10,Tyrroicese
243,7,1,5,-2,3,3,27,175,18,20,14,18,0,20,25.5,0,0.0,0,0,0,Pathfinder #158: Sixty Feet Under,9,Teraphant
238,4,3,2,0,3,1,26,100,18,13,18,16,0,17,11.0,0,0.0,0,0,0,Pathfinder #158: Sixty Feet Under,7,Shristi Melipdra
242,4,5,3,0,0,2,21,60,14,13,15,12,0,14,11.0,0,0.0,0,0,0,Pathfinder #158: Sixty Feet Under,4,Tenome
241,6,3,5,-5,0,0,24,115,14,18,16,9,0,17,19.0,0,0.0,0,0,0,Pathfinder #158: Sixty Feet Under,6,Skitterstitch
240,3,4,0,2,3,2,26,130,18,16,18,17,0,20,9.5,0,0.0,0,0,0,Pathfinder #158: Sixty Feet Under,8,Skinsaw Seamer
236,7,3,6,-5,0,2,22,190,15,18,11,13,0,18,20.0,17,18.0,0,0,0,Pathfinder #158: Sixty Feet Under,7,Ofalth Zombie
224,-4,5,4,-5,2,-5,24,120,17,14,17,12,0,0,0.0,0,0.0,0,0,0,Pathfinder #158: Sixty Feet Under,6,Bone Skipper Swarm
3925,4,4,1,2,2,0,21,75,13,10,15,11,0,15,10.5,15,10.5,0,0,0,"Pathfinder Society Scenario #1-24: Lightning Strikes, Stars Fall",5,Blue Streak Ambushers (7-8)
3926,2,4,1,1,2,1,21,60,10,7,12,10,0,14,9.5,14,7.0,0,0,0,"Pathfinder Society Scenario #1-24: Lightning Strikes, Stars Fall",4,Blue Streak Burglar
3927,0,2,1,4,1,1,17,31,7,8,9,10,1,7,2.5,7,3.5,2,20,12,"Pathfinder Society Scenario #1-24: Lightning Strikes, Stars Fall",3,Blue Streak Mage (5-6)
3928,2,3,2,4,3,-1,20,58,10,9,12,12,1,12,6.5,12,3.5,3,21,13,"Pathfinder Society Scenario #1-24: Lightning Strikes, Stars Fall",5,Blue Streak Mage (7-8)
3929,2,4,1,0,3,0,19,30,11,7,10,7,0,10,6.5,10,7.0,0,0,0,"Pathfinder Society Scenario #1-24: Lightning Strikes, Stars Fall",2,Blue Streak Sentry
3930,5,2,5,-4,2,0,23,110,16,17,14,12,0,17,14.0,0,0.0,0,0,0,"Pathfinder Society Scenario #1-24: Lightning Strikes, Stars Fall",6,Dehydrated Krooth
3931,3,1,2,-4,0,1,19,30,6,9,8,6,0,0,0.0,0,0.0,0,0,0,"Pathfinder Society Scenario #1-24: Lightning Strikes, Stars Fall",3,Krooth Hatchlings
3924,3,4,1,0,4,1,21,60,14,9,12,12,0,13,11.5,14,10.5,0,0,0,"Pathfinder Society Scenario #1-24: Lightning Strikes, Stars Fall",4,Blue Streak Ambushers (5-6)
3932,5,2,4,1,2,0,24,70,12,16,10,14,0,17,15.5,12,14.0,0,0,0,"Pathfinder Society Scenario #1-24: Lightning Strikes, Stars Fall",6,Synthetic Khismar (5-6)
3933,6,2,5,2,3,0,27,120,14,19,12,16,0,20,20.0,16,17.5,0,0,0,"Pathfinder Society Scenario #1-24: Lightning Strikes, Stars Fall",8,Synthetic Khismar (7-8)
209,4,1,5,2,1,3,24,140,17,18,12,16,0,19,16.5,16,3.5,0,0,0,Pathfinder #157: Devil at the Dreaming Palace,7,Grospek Lavarsus
201,2,0,1,0,2,2,15,9,4,5,2,8,1,5,5.5,0,0.0,1,16,8,Pathfinder #157: Devil at the Dreaming Palace,-1,Antaro Boldblade
202,3,2,4,-1,1,1,17,40,10,12,8,5,0,12,8.5,10,4.5,0,0,0,Pathfinder #157: Devil at the Dreaming Palace,2,Battle Leader Rekarek
203,-4,4,3,0,1,0,19,25,10,9,12,8,0,12,8.5,0,0.0,0,0,0,Pathfinder #157: Devil at the Dreaming Palace,3,Binumir
204,4,2,3,-1,1,-2,14,13,3,7,6,3,0,6,8.5,0,0.0,0,0,0,Pathfinder #157: Devil at the Dreaming Palace,-1,Bolar Of Stonemoor
205,1,4,2,-3,3,0,17,20,9,10,12,7,0,0,0.0,0,0.0,0,0,0,Pathfinder #157: Devil at the Dreaming Palace,2,Cobbleswarm (AoE)
221,0,3,1,1,2,0,15,7,4,3,7,4,0,8,2.5,0,0.0,0,0,0,Pathfinder #157: Devil at the Dreaming Palace,-1,Skebs
220,2,3,2,-4,2,-4,19,37,9,12,6,9,1,11,8.5,0,0.0,3,20,12,Pathfinder #157: Devil at the Dreaming Palace,3,Siege Shard
218,3,4,2,-1,1,2,22,55,14,8,14,9,0,14,9.5,0,0.0,0,0,0,Pathfinder #157: Devil at the Dreaming Palace,4,Ralso
217,2,4,3,-3,0,-3,16,20,8,8,9,3,0,9,3.5,0,0.0,0,0,0,Pathfinder #157: Devil at the Dreaming Palace,1,Pickled Punk
216,0,3,1,0,-1,1,16,6,2,5,7,3,0,8,6.5,0,0.0,0,0,0,Pathfinder #157: Devil at the Dreaming Palace,-1,Pelmo
223,3,4,3,1,-1,-1,18,30,7,9,10,5,0,11,6.5,0,0.0,0,0,0,Pathfinder #157: Devil at the Dreaming Palace,2,Zrukbat
215,0,3,-1,3,0,2,13,5,2,1,7,4,1,2,2.5,5,4.5,1,15,7,Pathfinder #157: Devil at the Dreaming Palace,-1,Miriel Grayleaf
213,0,4,-2,4,3,1,14,20,9,3,8,11,1,6,2.5,0,0.0,1,18,12,Pathfinder #157: Devil at the Dreaming Palace,2,Kemeneles
212,2,4,2,-1,2,0,17,40,9,9,12,4,0,10,4.5,10,4.5,0,0,0,Pathfinder #157: Devil at the Dreaming Palace,2,Kekker
211,3,4,0,2,1,5,24,100,17,12,16,15,1,17,12.0,0,0.0,1,22,14,Pathfinder #157: Devil at the Dreaming Palace,6,Hendrid Pratchett
210,0,3,1,0,-1,1,16,6,2,5,7,3,0,8,6.5,0,0.0,0,0,0,Pathfinder #157: Devil at the Dreaming Palace,-1,Grunka
207,2,4,2,-1,2,0,17,40,9,9,12,4,0,10,4.5,10,4.5,0,0,0,Pathfinder #157: Devil at the Dreaming Palace,2,Gref
206,0,4,0,4,-1,-1,15,20,7,4,8,10,1,8,2.5,0,0.0,1,16,9,Pathfinder #157: Devil at the Dreaming Palace,0,Eunice
214,3,4,1,-1,3,0,14,30,11,7,10,9,0,11,10.5,0,0.0,0,0,0,Pathfinder #157: Devil at the Dreaming Palace,2,Lyrma Swampwalker
5922,4,1,1,0,3,2,21,60,11,13,9,11,1,14,9.5,0,0.0,2,21,13,Pathfinder Adventure: The Slithering,4,Angazhani Cultist
5921,6,2,4,0,4,2,25,160,18,18,12,15,1,18,12.5,0,0.0,4,23,15,Pathfinder Adventure: The Slithering,7,Ahvothian
5924,1,4,2,4,2,0,25,115,15,13,17,15,0,18,15.0,18,19.0,0,0,0,Pathfinder Adventure: The Slithering,7,Aspis Technician
5925,5,2,3,-1,2,2,21,85,13,14,9,13,0,15,16.0,0,0.0,0,0,0,Pathfinder Adventure: The Slithering,5,Croakchief Globblit Skink-eater
5926,6,0,4,-5,3,-5,27,140,18,21,17,20,0,21,21.0,0,0.0,4,0,0,Pathfinder Adventure: The Slithering,9,Cursebreaker
5927,6,-3,5,-5,0,-5,16,160,11,18,8,11,0,17,21.5,17,21.0,0,0,0,Pathfinder Adventure: The Slithering,7,Fuming Sludge
5928,2,1,1,1,4,3,23,90,16,13,11,16,2,17,11.0,0,0.0,3,24,16,Pathfinder Adventure: The Slithering,6,Nyamat Mshwe
5929,0,4,1,1,3,5,28,155,19,16,21,18,2,21,15.0,0,0.0,5,28,21,Pathfinder Adventure: The Slithering,9,Paga Nikohian
3982,4,-2,2,-5,0,-5,20,60,7,13,9,7,0,14,13.0,0,0.0,0,0,0,Pathfinder Society Quest #12: Putrid Seeds,4,'Zombie' Flesh Golem (5-6)
3981,3,-2,1,-5,0,-5,17,28,4,10,6,7,0,11,8.0,0,0.0,0,0,0,Pathfinder Society Quest #12: Putrid Seeds,2,'Zombie' Flesh Golem (3-4)
3940,7,-1,4,-5,0,-2,21,160,8,16,9,12,0,17,16.0,0,0.0,0,0,0,Pathfinder Society Scenario #1-25: Grim Symphony,6,Zombie Minihulk
3936,5,-1,3,-5,0,-5,26,140,12,18,14,15,0,20,18.0,0,0.0,0,0,0,Pathfinder Society Scenario #1-25: Grim Symphony,8,Flesh Golem (PFS 1-25)
3937,-2,2,0,-4,1,-1,15,8,6,5,8,2,0,6,2.5,0,0.0,0,0,0,Pathfinder Society Scenario #1-25: Grim Symphony,-1,House Cat
3938,4,4,0,5,2,2,21,65,9,15,15,12,0,15,12.0,0,0.0,0,0,0,Pathfinder Society Scenario #1-25: Grim Symphony,5,Iloise (5-6)
3939,4,4,0,6,2,2,24,101,12,18,18,15,0,18,15.0,0,0.0,0,0,0,Pathfinder Society Scenario #1-25: Grim Symphony,7,Iloise (7-8)
3934,2,2,4,4,2,5,23,91,13,14,14,17,1,12,12.0,0,0.0,3,26,18,Pathfinder Society Scenario #1-25: Grim Symphony,6,Doctor Velshun (5-6)
3935,2,2,4,4,3,6,27,131,15,16,16,19,1,15,15.0,0,0.0,4,29,21,Pathfinder Society Scenario #1-25: Grim Symphony,8,Doctor Velshun (7-8)
1916,2,2,2,-5,2,-1,16,17,7,7,5,3,0,7,5.5,0,0.0,0,0,0,Pathfinder Adventure: Little Trouble in Big Absalom,1,Taxidermic Dog
1915,3,0,4,-5,0,-5,17,20,6,9,5,3,0,8,6.5,0,0.0,0,0,0,Pathfinder Adventure: Little Trouble in Big Absalom,2,Princess Sunset
1914,1,4,2,-3,1,1,20,17,8,7,9,4,0,9,4.5,0,0.0,0,0,0,Pathfinder Adventure: Little Trouble in Big Absalom,1,Lawn Crawfish
3968,3,2,3,-1,2,0,18,32,8,9,8,6,0,9,8.5,8,8.5,0,0,0,Pathfinder Society Quest #11: A Parchment Tree,2,Ruffian (Q11)
897,9,2,6,2,6,4,48,430,39,37,34,36,0,41,45.0,0,0.0,10,45,37,Pathfinder #156: The Apocalypse Prophet,21,Sarvel Ever-Hunger
898,8,5,6,4,6,4,39,340,31,26,25,28,0,32,26.5,0,0.0,4,37,29,Pathfinder #156: The Apocalypse Prophet,16,Saurian Warmonger
904,4,6,4,8,5,6,36,280,30,23,26,30,0,30,17.0,0,0.0,7,36,28,Pathfinder #156: The Apocalypse Prophet,15,Xulgath Thoughtmaw
894,2,6,4,-4,3,-1,25,140,18,15,18,12,0,16,15.5,0,0.0,0,0,0,Pathfinder #156: The Apocalypse Prophet,7,Elysian Sheep
893,9,6,8,-1,0,4,42,420,30,34,30,26,0,35,33.5,34,41.5,8,38,30,Pathfinder #156: The Apocalypse Prophet,18,Deghuun (Child of Mhar)
892,6,5,9,2,4,2,39,315,28,30,28,25,0,31,21.0,29,13.5,0,0,0,Pathfinder #156: The Apocalypse Prophet,16,Convergent Soldier
891,5,0,4,3,3,6,41,440,35,33,29,32,0,34,24.5,29,24.5,4,39,31,Pathfinder #156: The Apocalypse Prophet,19,Convergent Kendley Nathrael
890,6,8,3,2,4,2,37,290,29,25,27,21,0,30,17.0,0,0.0,0,0,0,Pathfinder #156: The Apocalypse Prophet,15,Convergent Giant Eagle
889,8,5,4,-4,5,1,34,245,28,21,26,23,0,16,25.5,0,0.0,0,0,0,Pathfinder #156: The Apocalypse Prophet,13,Barking Stag
899,7,9,6,5,8,6,43,330,34,30,33,32,0,35,22.5,0,0.0,7,40,32,Pathfinder #156: The Apocalypse Prophet,18,Saurian Worldwatcher
900,4,6,4,8,5,6,36,280,30,23,26,30,0,30,17.0,0,0.0,7,36,28,Pathfinder #156: The Apocalypse Prophet,15,Shanchek
901,8,6,6,4,4,7,45,410,32,34,32,30,1,38,36.0,0,0.0,6,40,32,Pathfinder #156: The Apocalypse Prophet,18,Urushil
902,9,4,6,4,6,6,42,350,32,32,28,30,0,36,39.0,0,0.0,9,40,32,Pathfinder #156: The Apocalypse Prophet,18,Vavakia
903,8,6,4,-3,4,-1,37,275,27,25,27,23,0,30,30.5,0,0.0,0,0,0,Pathfinder #156: The Apocalypse Prophet,15,Viskithrel
896,3,3,1,4,4,7,45,375,36,31,33,36,0,34,30.0,0,0.0,10,42,34,Pathfinder #156: The Apocalypse Prophet,20,Kirosthrek
895,8,2,9,4,3,8,40,380,30,32,25,30,0,33,40.5,0,0.0,9,38,30,Pathfinder #156: The Apocalypse Prophet,17,Kimilekki
3920,4,2,2,0,2,-1,18,20,7,7,5,5,0,9,7.5,7,4.5,0,0,0,Pathfinder Society Scenario #1-22: Doom of Cassomir,1,Ptiro Valner (1-2)
3913,4,3,3,1,1,4,19,55,8,9,9,10,1,12,9.5,0,0.0,5,19,13,Pathfinder Society Scenario #1-22: Doom of Cassomir,3,Ahksiva (1-2)
3918,4,2,4,-4,0,0,15,24,5,9,5,3,0,9,5.5,7,0.0,0,0,0,Pathfinder Society Scenario #1-22: Doom of Cassomir,1,Little Zura (1-2)
3923,4,1,1,0,3,2,22,58,9,9,7,11,1,12,9.5,9,5.5,2,19,11,Pathfinder Society Scenario #1-22: Doom of Cassomir,4,Reast Mycer (3-4)
3914,5,4,4,2,2,5,22,90,11,12,12,13,1,15,12.5,0,0.0,5,21,15,Pathfinder Society Scenario #1-22: Doom of Cassomir,5,Ahksiva (3-4)
3922,2,1,0,1,3,4,17,24,10,8,7,11,1,9,5.5,0,0.0,1,18,10,Pathfinder Society Scenario #1-22: Doom of Cassomir,2,Reast Mycer (1-2)
3921,4,3,1,0,2,0,20,45,9,8,10,7,0,11,11.5,10,8.5,0,0,0,Pathfinder Society Scenario #1-22: Doom of Cassomir,3,Ptiro Valner (3-4)
3919,4,2,4,-4,0,0,18,52,7,11,7,5,0,12,10.5,10,0.0,0,0,0,Pathfinder Society Scenario #1-22: Doom of Cassomir,3,Little Zura (3-4)
3916,2,3,2,1,-1,0,15,20,2,5,6,2,0,6,4.5,0,0.0,0,0,0,Pathfinder Society Scenario #1-22: Doom of Cassomir,-1,Groetus's Chosen (1-2)
3917,4,3,2,1,-1,0,17,20,4,7,8,4,0,7,6.5,0,0.0,0,0,0,Pathfinder Society Scenario #1-22: Doom of Cassomir,1,Groetus's Chosen (3-4)
3915,3,1,3,0,1,1,14,20,3,7,5,3,0,7,5.5,0,0.0,0,0,0,Pathfinder Society Scenario #1-22: Doom of Cassomir,0,Dockhand Cultist
2018,7,4,5,-2,3,4,27,140,17,19,16,15,0,18,17.0,0,0.0,0,0,0,Pathfinder Bestiary 2,8,Behir
2097,9,4,6,8,6,8,37,345,29,27,23,29,1,28,26.5,0,0.0,8,38,30,Pathfinder Bestiary 2,15,Neothelid
2095,8,2,8,5,5,4,34,365,25,28,22,23,1,29,27.5,0,0.0,6,34,24,Pathfinder Bestiary 2,14,Nalfeshnee
2093,4,0,3,-2,3,0,16,40,9,11,4,9,0,10,8.5,0,0.0,0,0,0,Pathfinder Bestiary 2,2,Mudwretch
2092,6,4,4,4,5,5,30,195,22,21,17,19,1,23,21.5,0,0.0,6,29,19,Pathfinder Bestiary 2,10,Movanic Deva
2108,8,3,6,5,6,6,39,300,28,28,25,28,1,32,35.5,0,0.0,8,37,29,Pathfinder Bestiary 2,16,Planetar
2109,5,1,5,-4,1,-1,22,73,12,14,10,10,0,15,14.0,0,0.0,0,0,0,Pathfinder Bestiary 2,5,Polar Bear
2096,3,4,0,-5,2,-5,19,50,9,7,11,9,0,8,8.5,0,0.0,0,0,0,Pathfinder Bestiary 2,3,Necrophidius
2098,0,7,5,3,5,7,30,175,20,16,22,18,1,23,21.0,0,0.0,6,29,19,Pathfinder Bestiary 2,10,Nereid
2102,6,3,4,3,3,4,27,125,17,18,15,15,1,21,20.0,17,16.0,5,24,14,Pathfinder Bestiary 2,8,Onidoshi
2100,7,5,6,0,5,3,29,175,19,20,19,16,1,23,27.0,0,0.0,5,26,20,Pathfinder Bestiary 2,10,Nyogoth
2101,10,6,7,2,6,8,44,450,33,35,32,34,1,38,38.5,0,0.0,10,42,34,Pathfinder Bestiary 2,20,Olethrodaemon
2110,9,6,7,4,7,7,43,335,33,33,30,29,1,37,51.5,35,40.5,9,37,27,Pathfinder Bestiary 2,18,Purrodaemon
2107,6,4,6,2,3,3,28,200,19,22,16,19,1,23,22.5,0,0.0,5,29,19,Pathfinder Bestiary 2,10,Piscodaemon
2106,4,3,2,0,5,3,21,60,13,8,11,13,0,14,11.5,0,0.0,0,0,0,Pathfinder Bestiary 2,4,Peryton
2105,7,3,5,-2,5,3,30,170,21,21,17,19,0,23,20.0,0,0.0,0,0,0,Pathfinder Bestiary 2,10,Peluda
2104,5,5,4,3,4,4,28,135,21,17,18,17,1,21,20.0,21,15.0,4,25,17,Pathfinder Bestiary 2,9,Osyluth
2103,3,1,2,-2,0,2,14,24,3,7,4,3,1,8,6.5,0,0.0,1,17,7,Pathfinder Bestiary 2,1,Ooze Mephit
2099,1,4,3,-1,-1,1,18,34,5,9,10,5,1,11,4.5,0,0.0,2,18,8,Pathfinder Bestiary 2,2,Nuglub
2111,0,4,1,3,1,3,22,25,9,6,13,8,1,11,5.5,0,0.0,2,20,12,Pathfinder Bestiary 2,3,Quickling
2117,7,2,4,0,2,0,24,105,14,17,8,9,0,18,20.0,0,0.0,0,0,0,Pathfinder Bestiary 2,6,Scythe Tree
2113,6,2,5,-3,5,1,28,155,18,20,17,18,0,21,19.0,0,0.0,0,0,0,Pathfinder Bestiary 2,9,Red Dracolisk
2144,7,5,5,3,6,8,36,285,26,24,24,27,1,29,36.5,0,0.0,7,34,24,Pathfinder Bestiary 2,14,Trumpet Archon
2146,8,3,7,-3,2,3,39,320,25,28,26,23,0,31,29.5,0,0.0,0,0,0,Pathfinder Bestiary 2,15,Umonlee
2147,0,3,0,-4,3,-2,16,15,7,4,8,6,0,7,3.5,0,0.0,0,0,0,Pathfinder Bestiary 2,0,Vampire Squid
2148,-5,5,3,-1,2,0,18,35,9,8,12,9,0,10,10.5,0,0.0,0,0,0,Pathfinder Bestiary 2,3,Vampiric Mist
2149,1,4,2,1,1,0,16,24,6,5,9,6,1,11,4.5,0,0.0,1,17,7,Pathfinder Bestiary 2,1,Vexgit
2150,4,0,3,-5,1,-2,17,60,8,10,7,6,0,11,9.5,0,0.0,0,0,0,Pathfinder Bestiary 2,3,Violet Fungus
2151,3,-2,2,-5,0,-2,13,26,3,7,3,5,0,8,6.5,0,0.0,0,0,0,Pathfinder Bestiary 2,1,Void Zombie
2152,8,5,4,0,4,8,34,250,23,23,24,21,1,27,27.5,0,0.0,7,33,23,Pathfinder Bestiary 2,13,Vrykolakas Ancient
2153,7,5,3,-2,3,5,30,190,19,19,21,17,1,23,22.0,0,0.0,5,29,19,Pathfinder Bestiary 2,10,Vrykolakas Master
2154,5,4,2,-3,2,2,24,99,14,14,16,12,0,17,15.0,0,0.0,0,0,0,Pathfinder Bestiary 2,6,Vrykolakas Spawn
2155,4,1,4,0,2,-1,18,45,8,10,5,8,0,10,8.5,0,0.0,0,0,0,Pathfinder Bestiary 2,2,Wereboar
2156,6,2,5,-3,5,1,28,155,18,20,17,18,0,21,19.0,0,0.0,0,0,0,Pathfinder Bestiary 2,9,White Dracolisk
2157,-5,6,0,3,3,6,28,125,18,15,21,18,1,21,21.0,21,14.0,8,28,20,Pathfinder Bestiary 2,9,Witchfire
2158,3,3,3,-4,0,-2,18,34,8,9,7,6,0,11,8.5,0,0.0,0,0,0,Pathfinder Bestiary 2,2,Wolverine
2159,5,5,4,2,3,1,24,120,15,17,14,13,1,17,14.5,18,12.5,4,23,15,Pathfinder Bestiary 2,6,Wood Giant
2160,5,4,3,-5,0,-5,23,95,12,15,16,12,0,17,17.0,16,13.0,0,0,0,Pathfinder Bestiary 2,6,Wood Golem
2161,5,8,5,5,4,8,36,200,25,23,28,26,1,29,32.0,0,0.0,7,34,26,Pathfinder Bestiary 2,14,Worm That Walks Cultist
2162,4,5,3,0,3,0,24,100,15,15,17,11,1,16,16.0,17,9.0,7,24,14,Pathfinder Bestiary 2,6,Xill
2163,5,-3,4,-5,0,-2,15,45,4,10,3,6,0,11,11.5,0,0.0,0,0,0,Pathfinder Bestiary 2,2,Yellow Musk Brute
2164,3,2,4,-5,0,-1,18,34,4,10,6,4,0,9,8.5,0,0.0,0,0,0,Pathfinder Bestiary 2,2,Yellow Musk Creeper
2165,3,-2,2,-5,0,-2,14,12,0,6,0,2,0,7,5.5,0,0.0,0,0,0,Pathfinder Bestiary 2,-1,Yellow Musk Thrall
2166,4,3,2,-2,3,1,18,55,9,9,12,12,1,11,14.0,0,0.0,4,20,10,Pathfinder Bestiary 2,3,Yeth Hound
2167,6,5,4,0,3,3,28,160,21,17,20,18,1,21,27.5,0,0.0,6,28,18,Pathfinder Bestiary 2,9,Zelekhut
2168,9,5,9,3,6,6,39,310,28,31,25,28,1,33,33.5,0,0.0,8,34,26,Pathfinder Bestiary 2,16,Zomok
2143,4,3,1,0,2,0,18,30,8,5,11,8,0,10,10.5,0,0.0,0,0,0,Pathfinder Bestiary 2,2,Triton
2142,8,1,5,-5,5,-4,28,155,18,20,16,18,0,21,23.0,0,0.0,0,0,0,Pathfinder Bestiary 2,9,Titan Centipede
2141,1,6,4,-5,3,-5,28,130,18,19,19,14,0,0,0.0,0,0.0,0,0,0,Pathfinder Bestiary 2,9,Tick Swarm
2140,8,3,7,3,5,3,31,200,22,24,20,22,1,24,21.0,23,21.0,8,0,0,Pathfinder Bestiary 2,11,Thunderbird
2114,1,4,1,-4,1,0,17,20,7,6,9,7,0,9,4.5,0,0.0,0,0,0,Pathfinder Bestiary 2,1,Reef Octopus
2115,6,4,5,0,4,3,27,165,16,19,14,16,1,20,19.0,0,0.0,4,23,15,Pathfinder Bestiary 2,8,Sandpoint Devil
2116,10,6,6,2,6,6,43,400,35,35,31,33,1,37,35.5,35,26.0,9,41,31,Pathfinder Bestiary 2,19,Sard
2091,4,3,1,-2,3,1,17,38,7,7,11,9,0,9,6.5,8,7.5,0,0,0,Pathfinder Bestiary 2,2,Morlock
2118,6,2,4,-1,2,0,24,95,14,16,14,12,0,17,16.0,0,0.0,0,0,0,Pathfinder Bestiary 2,6,Sea Drake
2119,1,4,1,-1,0,2,17,28,6,7,10,6,0,11,7.5,0,0.0,0,0,0,Pathfinder Bestiary 2,2,Shadow Drake
2120,8,5,7,-3,6,7,38,295,27,29,25,22,1,31,30.0,0,0.0,7,36,26,Pathfinder Bestiary 2,15,Shoal Linnorm
2121,1,4,3,-4,3,0,18,32,7,7,10,7,0,10,7.5,10,7.0,0,0,0,Pathfinder Bestiary 2,2,Shocker Lizard
2122,6,4,2,4,2,6,25,105,13,16,12,14,1,18,20.5,0,0.0,4,23,13,Pathfinder Bestiary 2,7,Shoggti
2123,4,5,2,-4,4,0,22,130,16,10,17,14,0,17,15.0,0,0.0,0,0,0,Pathfinder Bestiary 2,6,Skrik Nettle
2124,0,3,2,1,2,1,16,21,5,7,8,5,0,8,4.5,0,0.0,0,0,0,Pathfinder Bestiary 2,1,Skulk
2125,1,-1,4,-4,1,-2,16,9,3,8,1,3,0,6,4.5,0,0.0,0,0,0,Pathfinder Bestiary 2,-1,Snapping Turtle
2112,7,6,5,-2,5,0,31,195,22,22,23,18,0,24,23.5,23,20.0,0,0,0,Pathfinder Bestiary 2,11,Quoppopak
2126,10,6,8,5,9,10,49,500,40,40,34,37,1,44,51.5,40,38.5,10,46,36,Pathfinder Bestiary 2,21,Solar
2128,-5,6,4,0,4,4,25,95,15,13,17,15,0,16,17.0,0,0.0,0,0,0,Pathfinder Bestiary 2,7,Specter
2129,3,4,3,1,3,5,28,160,18,15,20,18,1,19,18.0,0,0.0,8,23,15,Pathfinder Bestiary 2,9,Spirit Naga
2130,3,4,2,1,3,1,19,48,10,9,11,8,1,10,9.5,11,4.5,2,20,10,Pathfinder Bestiary 2,3,Spriggan Bully
2131,6,4,4,1,3,4,25,120,14,13,17,14,1,18,16.0,18,9.0,4,25,15,Pathfinder Bestiary 2,7,Spriggan Warlord
2132,8,9,6,9,9,6,43,400,35,31,34,34,1,38,41.0,0,0.0,9,43,33,Pathfinder Bestiary 2,19,Star Archon
2133,1,2,4,-2,0,0,16,19,3,9,7,5,1,7,4.5,0,0.0,2,17,7,Pathfinder Bestiary 2,1,Steam Mephit
2134,1,3,1,-4,1,-4,16,15,6,5,7,5,0,7,4.5,0,0.0,0,0,0,Pathfinder Bestiary 2,0,Stingray
2135,0,3,1,0,2,3,16,20,7,4,10,7,1,6,4.5,6,3.5,4,17,7,Pathfinder Bestiary 2,1,Sunflower Leshy
2136,7,1,5,1,4,2,32,230,23,25,20,22,0,26,24.0,25,26.0,0,0,0,Pathfinder Bestiary 2,12,Taiga Giant
2137,10,6,8,-2,6,7,44,385,33,35,31,29,1,37,35.5,0,0.0,9,41,31,Pathfinder Bestiary 2,19,Taiga Linnorm
2138,7,2,5,-2,3,0,25,120,15,17,12,13,0,18,18.0,0,0.0,0,0,0,Pathfinder Bestiary 2,7,Tendriculos
2139,9,5,9,-3,6,6,40,350,31,35,28,27,1,34,33.5,0,0.0,9,37,27,Pathfinder Bestiary 2,17,Thrasfyr
2127,0,6,4,-1,4,4,26,80,15,13,19,15,0,19,17.0,0,0.0,0,0,0,Pathfinder Bestiary 2,7,Soul Eater
2090,7,0,4,-2,4,3,24,120,16,18,10,16,0,20,19.0,0,0.0,0,0,0,Pathfinder Bestiary 2,8,Moonflower
2017,7,3,6,3,5,5,30,200,21,22,19,19,1,23,22.0,23,0.0,7,29,21,Pathfinder Bestiary 2,10,Bebilith
2075,7,5,7,3,7,5,31,230,24,24,20,18,1,22,24.0,0,0.0,6,30,22,Pathfinder Bestiary 2,11,Isqulug
2044,7,3,5,5,4,5,31,175,22,20,18,24,1,24,24.0,0,0.0,6,31,21,Pathfinder Bestiary 2,11,Devourer
2045,9,7,7,-5,4,-4,42,340,30,31,33,28,0,35,33.5,0,0.0,0,0,0,Pathfinder Bestiary 2,18,Duneshaker Solifugid
2046,1,4,1,-2,0,-1,17,16,3,6,9,5,0,9,4.5,0,0.0,2,17,9,Pathfinder Bestiary 2,1,Dust Mephit
2047,9,5,8,-3,6,7,40,315,28,30,28,24,1,33,25.5,0,0.0,7,37,27,Pathfinder Bestiary 2,16,Fjord Linnorm
2048,4,2,1,0,3,2,20,72,11,9,12,13,1,13,13.0,11,9.5,4,21,11,Pathfinder Bestiary 2,4,Flytrap Leshy
2049,8,6,7,-4,6,4,32,285,25,26,21,23,0,27,25.0,0,0.0,0,0,0,Pathfinder Bestiary 2,13,Froghemoth
2050,7,4,6,-4,4,0,33,225,22,24,22,20,0,25,30.5,0,0.0,0,0,0,Pathfinder Bestiary 2,12,Frost Worm
2051,7,3,6,-2,5,3,30,175,19,22,17,19,0,23,21.0,19,17.5,0,0,0,Pathfinder Bestiary 2,10,Ghonhatine
2052,7,-1,7,-5,2,-4,25,165,14,21,11,14,0,21,19.0,17,14.0,0,0,0,Pathfinder Bestiary 2,8,Giant Slug
2053,7,0,4,-4,4,-2,28,170,17,19,15,19,0,22,23.0,0,0.0,0,0,0,Pathfinder Bestiary 2,9,Giant Snapping Turtle
2054,1,3,3,-5,1,-4,16,20,7,6,8,4,0,8,5.5,0,0.0,0,0,0,Pathfinder Bestiary 2,1,Giant Solifugid
2055,7,3,4,-4,6,-2,28,155,21,15,18,21,0,21,20.0,0,0.0,0,0,0,Pathfinder Bestiary 2,9,Giant Squid
2056,1,3,4,-5,1,-5,16,20,6,9,6,4,0,8,4.5,0,0.0,0,0,0,Pathfinder Bestiary 2,1,Giant Tick
2057,5,2,3,-4,2,-2,17,36,8,9,8,6,0,11,0.0,0,0.0,0,0,0,Pathfinder Bestiary 2,2,Giant Toad
2058,4,2,4,-5,2,-4,19,45,9,11,9,7,0,11,9.5,0,0.0,0,0,0,Pathfinder Bestiary 2,3,Giant Whiptail Centipede
2059,6,3,3,-4,3,0,21,65,9,13,11,9,0,12,13.0,0,0.0,0,0,0,Pathfinder Bestiary 2,4,Giant Wolverine
2060,5,4,5,-5,0,-5,26,135,14,17,16,14,0,20,18.5,0,0.0,0,0,0,Pathfinder Bestiary 2,8,Glass Golem
2061,7,3,6,-4,5,3,28,135,19,18,13,17,0,20,23.0,0,0.0,0,0,0,Pathfinder Bestiary 2,8,Gorgon
2062,5,2,4,-5,0,-5,14,60,8,12,10,8,0,13,12.0,0,0.0,0,0,0,Pathfinder Bestiary 2,4,Gray Ooze
2063,6,2,5,-3,5,1,28,155,18,20,17,18,0,21,19.0,0,0.0,0,0,0,Pathfinder Bestiary 2,9,Green Dracolisk
2064,10,5,7,0,6,5,44,360,35,36,32,31,0,37,40.0,37,31.0,0,0,0,Pathfinder Bestiary 2,19,Grendel
2065,4,4,2,2,3,2,22,60,12,9,15,12,1,15,14.0,0,0.0,3,22,14,Pathfinder Bestiary 2,5,Grimstalker
2066,1,4,2,0,3,-1,18,20,8,7,9,6,0,9,3.5,9,3.5,0,0,0,Pathfinder Bestiary 2,1,Grippli Scout
2067,7,6,5,1,5,4,31,165,24,23,20,20,1,24,30.0,23,25.5,5,27,21,Pathfinder Bestiary 2,11,Hamatula
2068,7,3,6,4,5,4,31,245,21,23,18,22,1,24,25.5,0,0.0,6,27,17,Pathfinder Bestiary 2,11,Hezrou
2069,4,2,4,0,3,2,22,70,13,14,8,11,1,14,13.0,0,0.0,5,19,9,Pathfinder Bestiary 2,4,Hound Archon
2070,4,6,2,6,4,2,25,90,17,13,17,15,1,17,16.0,0,0.0,8,21,11,Pathfinder Bestiary 2,7,Hound Of Tindalos
2071,5,0,4,-5,0,-5,21,80,9,15,11,9,0,15,14.0,0,0.0,0,0,0,Pathfinder Bestiary 2,5,Ice Golem
2072,0,4,0,-2,0,2,17,18,3,5,9,3,1,9,5.0,0,0.0,0,17,9,Pathfinder Bestiary 2,1,Ice Mephit
2043,6,3,4,3,6,3,27,135,20,16,13,18,0,20,19.0,0,0.0,0,0,0,Pathfinder Bestiary 2,8,Destrachan
2042,7,6,5,1,6,6,33,240,24,21,24,22,1,25,27.0,25,23.5,6,32,22,Pathfinder Bestiary 2,12,Derghodaemon
2041,4,5,1,-1,2,4,25,105,15,14,18,13,0,18,18.0,0,0.0,0,0,0,Pathfinder Bestiary 2,7,Culdewen
2040,8,6,7,4,6,6,38,300,28,31,26,26,1,34,36.5,0,0.0,4,36,28,Pathfinder Bestiary 2,16,Cornugon
2016,10,7,10,6,8,6,47,280,37,38,31,34,1,40,45.0,0,0.0,10,42,34,Pathfinder Bestiary 2,20,Bastion Archon
2015,4,4,4,-5,1,-3,22,80,8,13,11,12,0,15,15.0,0,0.0,0,0,0,Pathfinder Bestiary 2,5,Basidirond
2014,3,5,2,2,2,5,24,105,12,12,17,14,1,17,16.5,0,0.0,3,24,14,Pathfinder Bestiary 2,6,Baobhan Sith
2013,4,4,4,2,3,2,24,130,13,14,16,11,1,17,15.0,0,0.0,5,24,14,Pathfinder Bestiary 2,6,Babau
2012,6,2,4,-4,3,0,28,170,18,19,17,16,0,21,21.0,0,0.0,0,0,0,Pathfinder Bestiary 2,9,Aurumvorax
2011,7,3,7,-1,4,3,33,250,22,25,20,21,0,25,26.5,25,26.5,0,0,0,Pathfinder Bestiary 2,12,Athach
2010,4,0,3,-5,3,0,18,68,10,10,7,8,0,12,10.5,0,0.0,0,0,0,Pathfinder Bestiary 2,3,Assassin Vine
2009,7,0,5,-4,2,-2,25,170,16,19,14,16,0,19,24.0,0,0.0,0,0,0,Pathfinder Bestiary 2,8,Anancus
2008,4,2,4,-4,3,0,16,15,6,9,5,6,0,9,7.5,0,0.0,0,0,0,Pathfinder Bestiary 2,1,Akata
2019,3,2,3,-4,1,-2,18,32,8,11,8,5,0,9,8.5,0,0.0,0,0,0,Pathfinder Bestiary 2,2,Black Bear
2020,6,2,5,-3,5,1,28,155,18,20,17,18,0,21,19.0,0,0.0,0,0,0,Pathfinder Bestiary 2,9,Black Dracolisk
2021,9,4,6,-5,6,-4,38,275,27,29,25,25,0,30,28.5,0,0.0,0,0,0,Pathfinder Bestiary 2,15,Black Scorpion
2022,2,3,3,-4,1,-2,18,27,9,9,9,5,0,11,6.5,0,0.0,0,0,0,Pathfinder Bestiary 2,2,Blindheim
2023,1,3,2,1,4,2,18,30,8,8,10,11,1,11,6.5,0,0.0,4,18,8,Pathfinder Bestiary 2,2,Blink Dog
2073,2,4,4,5,4,6,26,130,16,14,16,18,1,18,16.0,0,0.0,4,27,19,Pathfinder Bestiary 2,8,Intellect Devourer
2024,4,5,2,3,2,5,24,105,14,12,17,14,1,14,16.0,17,11.0,4,25,17,Pathfinder Bestiary 2,6,Blodeuwedd
2026,0,3,1,-4,3,0,16,15,6,3,9,6,0,7,3.5,0,0.0,0,0,0,Pathfinder Bestiary 2,0,Blue-Ringed Octopus
2027,3,4,1,-2,5,5,27,160,17,13,16,19,0,18,16.5,0,0.0,0,0,0,Pathfinder Bestiary 2,8,Bodak
2028,5,2,0,0,1,0,21,85,12,13,9,14,0,14,12.0,0,0.0,0,0,0,Pathfinder Bestiary 2,5,Bog Mummy
2029,2,4,2,0,2,0,18,30,8,8,10,8,0,10,6.5,0,0.0,0,0,0,Pathfinder Bestiary 2,2,Bog Strider
2030,5,5,3,2,4,5,24,120,14,13,17,12,1,16,22.0,18,17.5,5,24,14,Pathfinder Bestiary 2,6,Bralani
2031,9,6,8,-2,6,7,43,360,30,34,30,26,1,35,33.5,0,0.0,8,40,30,Pathfinder Bestiary 2,18,Cairn Linnorm
2032,4,2,4,1,3,3,20,67,11,12,10,11,0,14,10.5,0,0.0,0,0,0,Pathfinder Bestiary 2,4,Cairn Wight
2033,2,5,2,-2,2,2,21,75,10,10,13,10,0,13,11.5,0,0.0,0,0,0,Pathfinder Bestiary 2,4,Calathgar
2034,1,4,1,2,0,2,19,45,8,9,12,6,1,11,6.5,0,0.0,2,20,12,Pathfinder Bestiary 2,3,Caligni Slayer
2035,4,-2,3,-5,0,-5,19,60,6,13,8,10,0,14,11.0,0,0.0,0,0,0,Pathfinder Bestiary 2,4,Carrion Golem
2036,4,3,3,-5,1,-3,18,30,7,9,9,7,0,10,11.5,11,0.0,0,0,0,Pathfinder Bestiary 2,2,Cave Fisher
2037,2,4,3,-5,2,-4,16,20,7,6,9,5,0,9,5.5,0,0.0,0,0,0,Pathfinder Bestiary 2,1,Cave Scorpion
2038,7,4,5,4,7,5,33,220,25,23,18,25,1,26,27.0,0,0.0,7,32,22,Pathfinder Bestiary 2,12,Chernobue
2039,3,3,1,-3,1,-2,18,28,7,7,10,7,0,11,6.5,0,0.0,0,0,0,Pathfinder Bestiary 2,2,Choker
2025,6,2,5,-3,5,1,28,155,18,20,17,18,0,21,19.0,0,0.0,0,0,0,Pathfinder Bestiary 2,9,Blue Dracolisk
2094,6,4,6,2,3,4,27,165,17,19,16,16,1,20,21.5,0,0.0,5,26,16,Pathfinder Bestiary 2,8,Nabasu
2076,11,7,10,4,9,8,49,500,40,39,37,40,1,42,41.0,42,49.0,10,43,33,Pathfinder Bestiary 2,21,Jabberwock
2079,10,5,7,2,7,4,46,490,35,38,34,36,1,40,51.0,39,39.0,10,46,36,Pathfinder Bestiary 2,21,Lerritan
2080,6,2,4,0,2,4,21,85,11,15,9,11,0,15,17.0,0,0.0,0,0,0,Pathfinder Bestiary 2,5,Leucrotta
2081,8,7,9,-3,5,5,40,315,30,32,30,28,1,33,35.5,0,0.0,9,38,28,Pathfinder Bestiary 2,17,Leydroth
2082,2,4,4,1,4,3,24,100,16,15,16,17,1,16,15.0,0,0.0,3,24,16,Pathfinder Bestiary 2,6,Lunar Naga
2084,3,3,4,-4,1,-1,16,24,6,6,9,6,0,8,7.5,0,0.0,0,0,0,Pathfinder Bestiary 2,1,Manta Ray
2085,8,4,6,1,5,6,37,230,26,27,25,26,1,30,28.0,0,0.0,8,37,27,Pathfinder Bestiary 2,15,Marut
2083,0,5,2,2,4,2,22,72,13,9,14,13,1,14,9.0,14,7.0,4,22,14,Pathfinder Bestiary 2,5,Lurker In Light
2087,4,6,2,2,5,6,30,170,21,16,22,19,0,23,21.0,23,19.0,0,0,0,Pathfinder Bestiary 2,10,Melody On The Wind
2078,6,7,5,7,5,5,34,235,24,22,26,24,1,28,21.0,0,0.0,7,33,23,Pathfinder Bestiary 2,13,Leng Spider
2088,6,4,4,1,3,5,28,120,17,18,16,13,0,20,0.0,0,0.0,0,0,0,Pathfinder Bestiary 2,8,Mohrg
2089,7,4,5,4,4,5,33,245,25,24,21,20,1,28,25.5,0,0.0,6,31,21,Pathfinder Bestiary 2,12,Monadic Deva
2077,4,3,2,1,2,5,21,65,12,10,13,10,1,14,14.0,14,10.5,6,21,11,Pathfinder Bestiary 2,4,Korred
2086,8,0,5,-4,2,-2,26,175,17,20,13,17,0,21,23.0,0,0.0,0,0,0,Pathfinder Bestiary 2,9,Mastodon
3905,3,0,2,0,4,3,18,65,11,9,7,11,1,10,0.0,0,0.0,2,21,11,Pathfinder Society Scenario #1-20: The Lost Legend,3,"Elite Boggard Swampseer (PFS 1-24, Staff)"
3902,3,0,2,0,4,3,18,40,11,9,7,11,1,10,0.0,0,0.0,2,21,11,Pathfinder Society Scenario #1-20: The Lost Legend,3,Boggard Swampseer (PFS 1-24)
3903,4,1,4,0,3,2,18,50,10,11,6,10,0,12,6.5,0,0.0,0,0,0,Pathfinder Society Scenario #1-20: The Lost Legend,3,Cairn Wight (PFS 1-20)
3904,3,0,2,0,4,3,18,65,11,9,7,11,1,10,0.0,0,0.0,2,21,11,Pathfinder Society Scenario #1-20: The Lost Legend,3,"Elite Boggard Swampseer (PFS 1-24, Animal Staff)"
3906,2,4,1,-4,0,0,19,36,5,4,11,5,0,9,6.5,0,0.0,0,0,0,Pathfinder Society Scenario #1-20: The Lost Legend,2,Weak Zephyr Hawk (PFS 1-24)
3911,1,5,1,0,0,2,23,65,9,10,14,11,0,15,12.0,0,0.0,4,22,14,Pathfinder Society Scenario #1-21: Mistress of the Maze,5,Voidworm Ouroboros
3908,1,5,1,0,0,2,23,65,9,10,14,11,0,15,12.0,0,0.0,4,22,14,Pathfinder Society Scenario #1-21: Mistress of the Maze,5,Mr. Chitters (7-8)
3909,1,4,3,1,1,3,23,60,12,12,13,10,0,15,9.0,0,0.0,4,19,11,Pathfinder Society Scenario #1-21: Mistress of the Maze,5,Nevashi (5-6)
3910,1,4,3,1,1,4,25,124,14,14,15,12,0,17,11.0,0,0.0,4,22,14,Pathfinder Society Scenario #1-21: Mistress of the Maze,7,Nevashi (7-8)
3912,3,3,1,4,3,5,22,110,12,13,13,15,1,16,11.5,0,0.0,5,23,15,Pathfinder Society Scenario #1-21: Mistress of the Maze,6,Witchwyrd (PFS 1-21)
3907,0,4,0,-1,-1,1,20,16,6,7,11,8,0,12,9.0,0,0.0,4,19,11,Pathfinder Society Scenario #1-21: Mistress of the Maze,3,Mr. Chitters (5-6)
3949,2,-5,4,-5,0,-5,10,50,5,11,3,5,0,11,9.0,0,0.0,0,0,0,Pathfinder Society Quest #10: The Broken Scales,2,Elite Sewer Ooze (Q9)
3953,3,1,4,-2,1,-2,17,34,7,9,5,7,0,14,5.5,0,0.0,0,0,0,Pathfinder Society Quest #10: The Broken Scales,2,Injured Weak Otyugh
3952,2,-5,4,-5,0,-5,6,25,1,7,-1,1,0,8,7.0,0,0.0,0,0,0,Pathfinder Society Quest #10: The Broken Scales,0,Injured Sewer Ooze
885,4,6,4,2,5,1,34,190,26,20,26,23,1,24,19.0,26,13.0,2,29,23,Pathfinder #155: Lord of the Black Sands,12,Urdefhan Hunter
878,-5,6,2,0,7,7,39,250,32,25,29,32,0,32,36.0,0,0.0,0,0,0,Pathfinder #155: Lord of the Black Sands,17,Nihiris
875,11,9,10,0,8,7,43,380,38,39,36,35,1,38,48.5,0,0.0,9,42,34,Pathfinder #155: Lord of the Black Sands,21,Iffdahsil
874,6,5,4,5,7,9,41,355,33,31,30,35,1,35,30.5,0,0.0,9,42,34,Pathfinder #155: Lord of the Black Sands,18,Hollow Hush
879,9,6,5,-5,0,-5,40,230,28,29,24,26,0,33,37.0,32,33.0,0,0,0,Pathfinder #155: Lord of the Black Sands,16,Obsidian Golem
880,2,5,3,6,3,1,39,295,29,28,30,26,1,32,21.5,32,31.5,2,35,27,Pathfinder #155: Lord of the Black Sands,16,Qormintur
881,8,5,3,0,3,4,34,240,22,26,23,21,0,27,21.0,24,21.0,0,0,0,Pathfinder #155: Lord of the Black Sands,13,Raptor Guard Wight
882,4,8,4,2,3,6,37,295,26,25,27,26,1,31,21.5,31,24.5,2,36,28,Pathfinder #155: Lord of the Black Sands,15,Shraen Graveknight
883,4,5,3,4,7,6,35,250,26,25,25,29,1,26,24.0,0,0.0,7,35,29,Pathfinder #155: Lord of the Black Sands,14,Urdefhan Dominator
884,5,2,3,1,6,3,30,195,22,19,16,22,1,21,21.5,0,0.0,5,30,22,Pathfinder #155: Lord of the Black Sands,10,Urdefhan High Tormentor
877,7,9,5,5,3,6,39,300,30,25,31,27,1,31,34.5,31,30.0,5,36,28,Pathfinder #155: Lord of the Black Sands,16,Muurfeli
876,6,6,4,1,3,4,38,280,29,28,30,25,1,32,25.5,32,18.0,6,37,29,Pathfinder #155: Lord of the Black Sands,16,Kharostan
887,2,4,2,4,7,5,33,215,26,18,22,25,3,21,11.0,0,0.0,6,33,27,Pathfinder #155: Lord of the Black Sands,12,Xulgath Deepmouth
888,5,7,4,2,7,6,39,240,28,26,27,30,1,32,29.0,32,0.0,7,37,29,Pathfinder #155: Lord of the Black Sands,16,Zinogyvaz
873,9,-1,9,-5,0,-5,42,255,26,33,27,29,0,35,33.5,0,0.0,0,0,0,Pathfinder #155: Lord of the Black Sands,18,Dyzallin's Golem
872,2,6,4,6,3,9,42,380,32,30,32,33,1,34,34.0,36,22.5,10,41,33,Pathfinder #155: Lord of the Black Sands,19,Dyzallin Shraen
871,8,-1,4,-5,0,-5,36,210,23,28,23,24,0,30,30.5,0,0.0,0,0,0,Pathfinder #155: Lord of the Black Sands,14,Drow Bodyguard Golem
870,6,8,4,-1,5,4,34,235,24,24,26,23,0,27,27.0,27,0.0,0,0,0,Pathfinder #155: Lord of the Black Sands,13,Death Drider
869,-5,6,2,0,7,7,39,250,32,25,29,32,0,32,36.0,0,0.0,0,0,0,Pathfinder #155: Lord of the Black Sands,17,Ciza
868,9,6,7,3,7,6,43,280,31,33,30,31,1,35,35.0,32,27.0,6,37,29,Pathfinder #155: Lord of the Black Sands,18,Ararda
867,8,7,9,3,6,7,41,350,33,35,27,28,1,32,35.5,0,0.0,6,37,29,Pathfinder #155: Lord of the Black Sands,18,Ammut
886,7,5,9,-5,0,0,39,425,30,35,25,24,1,33,33.0,33,33.0,6,36,28,Pathfinder #155: Lord of the Black Sands,18,Vitalia
3893,-4,3,0,-5,1,-2,16,6,6,5,8,4,0,8,0.0,0,0.0,0,0,0,Pathfinder Society Scenario #1-18: Lodge of the Living God,-1,Glass River Midge
3898,2,4,0,-5,0,0,1,4,2,2,8,2,0,6,4.5,6,3.5,0,0,0,Pathfinder Society Scenario #1-18: Lodge of the Living God,-1,Skeleton Soldier
3900,3,-2,2,-5,0,-2,12,16,0,6,0,2,0,7,7.5,0,0.0,0,0,0,Pathfinder Society Scenario #1-18: Lodge of the Living God,-1,Zombie Charger
3899,5,-3,4,-5,0,-2,15,70,4,10,3,6,0,11,11.5,0,0.0,0,0,0,Pathfinder Society Scenario #1-18: Lodge of the Living God,2,Zombie Brute (PFS 1-18)
3891,-4,3,0,-5,1,-2,18,16,8,5,8,4,0,10,0.0,0,0.0,0,0,0,Pathfinder Society Scenario #1-18: Lodge of the Living God,1,Elite Glass River Midge
3897,2,4,0,-5,0,0,18,14,4,4,10,4,0,8,6.5,8,3.5,0,0,0,Pathfinder Society Scenario #1-18: Lodge of the Living God,1,Skeleton Corporal
3896,4,4,1,-1,2,1,19,25,8,7,10,6,0,10,7.5,0,0.0,0,0,0,Pathfinder Society Scenario #1-18: Lodge of the Living God,2,Skeleton Captain
3895,5,3,2,-5,2,0,16,33,8,6,9,8,0,9,9.5,0,0.0,0,0,0,Pathfinder Society Scenario #1-18: Lodge of the Living God,2,Skeletal Mount
3894,2,3,1,-4,2,-2,14,10,5,4,8,3,0,6,5.5,0,0.0,0,0,0,Pathfinder Society Scenario #1-18: Lodge of the Living God,0,Immature Giant Gecko
3892,5,1,3,-5,0,2,17,50,7,10,8,7,0,12,10.5,0,0.0,0,0,0,Pathfinder Society Scenario #1-18: Lodge of the Living God,4,Elite Skeletal Giant (PFS 1-18)
3977,2,3,2,-5,0,-3,19,50,9,9,12,6,0,12,10.5,0,0.0,0,0,0,Pathfinder Society Quest #9: Wayfinder Origins,3,Toxic Snapjaw (5-6)
3967,3,4,2,3,0,1,22,85,11,11,15,9,1,15,16.0,0,0.0,5,22,14,Pathfinder Society Quest #9: Wayfinder Origins,5,Prefect (Fist) (5-6)
3966,2,3,2,3,0,1,19,50,8,8,11,6,1,12,10.5,0,0.0,5,20,12,Pathfinder Society Quest #9: Wayfinder Origins,3,Prefect (Fist) (3-4)
3965,3,4,2,3,0,1,22,80,11,11,15,9,0,15,16.0,0,0.0,5,22,14,Pathfinder Society Quest #9: Wayfinder Origins,5,Prefect (Electrowhip) (5-6)
3964,4,3,2,2,0,1,21,44,8,10,11,6,0,12,11.5,0,0.0,5,20,12,Pathfinder Society Quest #9: Wayfinder Origins,3,Prefect (Electrowhip) (3-4)
3948,2,3,2,3,0,1,21,65,10,10,13,8,0,14,11.5,0,0.0,5,22,14,Pathfinder Society Quest #9: Wayfinder Origins,4,Elite Prefect (Fist) (3-4)
3976,2,3,2,-5,0,-3,16,24,7,7,10,4,0,9,5.5,0,0.0,0,0,0,Pathfinder Society Quest #9: Wayfinder Origins,1,Toxic Snapjaw (3-4)
859,7,2,7,-4,4,0,34,220,23,25,20,22,0,24,23.5,0,0.0,0,0,0,Pathfinder #154: Siege of the Dinosaurs,12,War Sauropelta
840,7,0,5,-2,4,2,31,270,22,25,18,22,0,25,31.0,0,0.0,0,0,0,Pathfinder #154: Siege of the Dinosaurs,12,Arskuva the Gnasher
866,6,1,5,0,4,2,36,250,27,29,23,26,0,30,28.5,0,0.0,0,0,0,Pathfinder #154: Siege of the Dinosaurs,15,Zashathal Head-Taker
865,5,4,3,-1,4,1,31,195,21,22,23,19,0,24,22.0,0,0.0,0,0,0,Pathfinder #154: Siege of the Dinosaurs,11,Xulgath Roughrider
864,4,4,2,-1,3,2,27,135,17,18,16,14,0,19,17.0,20,13.0,0,0,0,Pathfinder #154: Siege of the Dinosaurs,8,Xulgath Herd-Tender
863,5,3,4,0,3,1,32,215,21,25,22,19,0,24,20.0,0,0.0,0,0,0,Pathfinder #154: Siege of the Dinosaurs,12,Xulgath Hardscale
862,4,6,7,-2,1,-1,28,190,19,23,22,17,0,23,17.0,23,25.0,0,0,0,Pathfinder #154: Siege of the Dinosaurs,10,Xulgath Gutrager
861,7,5,6,0,5,4,34,215,23,26,21,19,1,27,22.0,0,0.0,6,28,20,Pathfinder #154: Siege of the Dinosaurs,12,Xilvirek
841,4,6,5,-4,1,-2,28,210,18,17,24,13,0,0,0.0,0,0.0,0,0,0,Pathfinder #154: Siege of the Dinosaurs,10,Aukashungi Swarm
842,5,3,4,0,4,6,30,210,19,22,16,20,1,21,20.0,0,0.0,4,28,22,Pathfinder #154: Siege of the Dinosaurs,10,Brughadatch
843,8,3,6,2,5,7,35,250,26,23,18,26,1,27,0.0,0,0.0,6,33,27,Pathfinder #154: Siege of the Dinosaurs,13,Doblagub
844,7,5,6,1,3,5,31,175,21,23,22,20,0,24,18.0,0,0.0,0,0,0,Pathfinder #154: Siege of the Dinosaurs,11,Faceless Butcher
845,4,6,4,-4,1,0,24,140,13,17,19,14,0,17,16.0,0,0.0,0,0,0,Pathfinder #154: Siege of the Dinosaurs,7,Gahlepod
846,7,7,6,-4,3,-2,36,300,24,28,25,21,0,29,32.5,0,0.0,0,0,0,Pathfinder #154: Siege of the Dinosaurs,14,Giant Aukashungi
860,7,4,6,-1,6,4,32,235,22,24,20,22,1,26,24.0,0,0.0,5,29,19,Pathfinder #154: Siege of the Dinosaurs,12,Wight Cultist
848,7,3,4,6,3,0,37,275,26,29,23,26,1,30,26.5,0,0.0,8,36,28,Pathfinder #154: Siege of the Dinosaurs,15,Helg Eats-The-Eaters
847,3,4,2,0,5,5,26,120,14,16,16,17,1,17,19.0,18,15.0,3,27,17,Pathfinder #154: Siege of the Dinosaurs,8,Harrow Doll
857,3,5,0,2,2,3,33,215,20,19,24,19,0,24,14.5,26,18.0,0,0,0,Pathfinder #154: Siege of the Dinosaurs,12,Tashlock Banyan
856,6,-5,5,-5,0,-5,19,270,14,22,10,13,0,23,21.0,0,0.0,0,0,0,Pathfinder #154: Siege of the Dinosaurs,11,Tallow Ooze
855,0,4,3,2,3,5,31,230,21,21,22,21,3,24,8.5,0,0.0,6,32,24,Pathfinder #154: Siege of the Dinosaurs,12,Stirvyn Banyan
854,8,4,5,-3,3,3,32,250,26,24,16,21,0,29,29.5,0,0.0,0,0,0,Pathfinder #154: Siege of the Dinosaurs,14,Starved Staff
853,8,-1,7,-5,0,-2,28,320,15,24,14,19,0,24,29.0,0,0.0,0,0,0,Pathfinder #154: Siege of the Dinosaurs,11,Sodden Sentinel
858,9,5,6,1,4,7,39,265,28,29,28,27,1,32,25.5,0,0.0,2,34,24,Pathfinder #154: Siege of the Dinosaurs,16,The Vanish Man
852,9,7,6,-1,5,6,40,340,33,29,30,28,1,34,36.5,30,21.0,6,35,27,Pathfinder #154: Siege of the Dinosaurs,17,Qurashith
851,-5,7,0,1,6,8,35,280,27,19,28,29,1,28,35.0,0,0.0,6,35,31,Pathfinder #154: Siege of the Dinosaurs,15,Lyrt Cozurn
850,5,4,2,0,2,5,36,260,24,28,26,22,0,29,26.5,27,20.0,0,0,0,Pathfinder #154: Siege of the Dinosaurs,14,Ledorick Banyan
849,5,4,2,0,2,5,36,260,24,28,26,22,0,29,29.5,27,20.0,0,0,0,Pathfinder #154: Siege of the Dinosaurs,14,Ledorick Banyan (Possessed)
3901,5,0,4,-5,1,-4,16,65,9,10,8,6,0,12,10.5,0,0.0,0,0,0,Pathfinder Society Scenario #1-19: Iolite Squad Alpha,3,Elderly Giant Tarantula
4183,4,1,3,-3,2,0,18,30,8,11,5,8,0,10,9.5,0,0.0,0,0,0,Pathfinder Bounty #1: The Whitefang Wyrm,2,Ssalarn
423,4,2,1,0,2,1,20,40,9,8,9,9,0,11,8.5,0,0.0,0,0,0,Pathfinder Blog: April Fool's Bestiary,3,Nonsequitaur
431,6,7,8,6,8,7,37,280,29,29,28,31,0,29,24.5,0,0.0,0,0,0,Pathfinder Blog: April Fool's Bestiary,15,Weredigo
428,6,7,3,0,3,0,32,130,19,15,23,17,0,22,15.0,0,0.0,0,0,0,Pathfinder Blog: April Fool's Bestiary,10,Squirrelwind
427,8,10,7,-4,5,-2,46,400,38,35,38,32,0,38,31.0,0,0.0,0,0,0,Pathfinder Blog: April Fool's Bestiary,21,Psstpsstmitl
406,4,2,2,1,1,3,18,30,10,8,10,7,1,11,7.5,0,0.0,1,18,10,Pathfinder Blog: April Fool's Bestiary,2,Blarghest
407,3,1,4,-2,0,1,16,22,2,10,7,4,0,9,6.5,0,0.0,0,0,0,Pathfinder Blog: April Fool's Bestiary,1,Cacaodaemon
415,3,4,1,1,4,-1,19,50,11,8,10,20,0,10,7.5,0,0.0,0,0,0,Pathfinder Blog: April Fool's Bestiary,1,Floolf
409,3,1,0,0,4,1,19,50,15,12,9,7,0,10,9.0,10,8.5,0,0,0,Pathfinder Blog: April Fool's Bestiary,3,Demom
424,1,3,1,2,0,4,18,30,11,4,6,7,0,10,8.5,0,0.0,0,0,0,Pathfinder Blog: April Fool's Bestiary,2,Nosferotter
816,4,4,3,0,0,2,22,95,12,15,16,10,0,16,9.5,16,11.5,0,0,0,Pathfinder #153: Life's Long Shadows,6,Bitter Truth Bandit
817,3,5,4,4,5,7,31,200,23,22,25,23,1,23,19.5,25,15.0,3,33,25,Pathfinder #153: Life's Long Shadows,12,Bugul Noz
819,5,6,6,-4,2,0,29,220,18,22,20,14,0,21,16.0,0,0.0,0,0,0,Pathfinder #153: Life's Long Shadows,10,Counteflora
818,0,5,2,3,2,5,23,110,14,14,17,14,1,15,12.0,0,0.0,2,23,15,Pathfinder #153: Life's Long Shadows,6,Cat Sith
821,6,4,3,-5,0,-5,29,170,17,22,21,17,0,24,19.0,0,0.0,0,0,0,Pathfinder #153: Life's Long Shadows,10,Darklands Alchemical Golem
839,6,5,5,2,5,7,29,200,20,23,17,21,1,22,18.0,0,0.0,4,29,23,Pathfinder #153: Life's Long Shadows,10,Yaganty
838,5,2,6,1,2,2,26,135,14,20,12,14,1,21,18.0,0,0.0,4,26,18,Pathfinder #153: Life's Long Shadows,8,Xulgath Stoneliege
837,4,4,1,0,3,0,24,95,15,13,16,13,0,16,7.5,0,0.0,0,0,0,Pathfinder #153: Life's Long Shadows,6,Xulgath Skirmisher
836,3,4,1,4,2,0,25,115,15,12,17,15,0,16,10.0,17,19.0,0,0,0,Pathfinder #153: Life's Long Shadows,7,Xulgath Bomber
835,6,1,4,4,2,1,35,255,26,26,19,22,1,28,22.5,27,0.0,4,34,26,Pathfinder #153: Life's Long Shadows,14,Thessekka
834,4,4,1,0,4,1,22,155,19,15,16,10,0,19,13.5,20,17.0,0,0,0,Pathfinder #153: Life's Long Shadows,9,Tanessa Fleer
833,3,4,1,1,0,2,21,65,8,9,14,8,0,12,7.5,0,0.0,0,0,0,Pathfinder #153: Life's Long Shadows,4,Swardlands Delinquent
832,7,5,6,4,6,5,34,260,25,23,22,23,1,26,31.0,0,0.0,9,23,15,Pathfinder #153: Life's Long Shadows,13,Skarja
820,6,4,4,-3,3,5,24,140,16,15,17,16,0,17,20.0,0,0.0,0,0,0,Pathfinder #153: Life's Long Shadows,7,Cu Sith
831,3,1,1,-1,2,2,15,16,6,5,3,6,0,6,5.5,4,1.0,0,0,0,Pathfinder #153: Life's Long Shadows,0,Shoony Tiller
824,6,4,5,1,4,7,30,200,20,19,20,22,2,22,18.5,0,0.0,5,28,20,Pathfinder #153: Life's Long Shadows,10,Herecite of Zevgavizeb
826,0,6,1,2,3,4,29,95,19,15,20,17,1,18,13.5,19,17.0,2,26,18,Pathfinder #153: Life's Long Shadows,8,Pin Tingwheely
829,0,2,-1,3,3,4,19,60,12,9,10,13,0,9,2.5,11,6.5,0,0,0,Pathfinder #153: Life's Long Shadows,4,Shoony Hierarch
822,3,7,3,5,3,2,31,195,22,14,18,12,1,24,20.0,25,24.0,3,30,24,Pathfinder #153: Life's Long Shadows,11,Ginjana Mindkeeper
823,7,3,5,0,3,3,29,195,20,24,20,22,0,22,22.0,0,0.0,0,0,0,Pathfinder #153: Life's Long Shadows,11,Headless Xulgath
828,6,-1,6,-2,0,-5,29,175,16,23,16,17,0,24,23.0,0,0.0,0,0,0,Pathfinder #153: Life's Long Shadows,10,Runkrunk
827,4,5,3,1,3,0,30,195,19,19,23,17,0,21,16.0,0,0.0,0,0,0,Pathfinder #153: Life's Long Shadows,10,Resin-seep Xulgath
830,4,2,1,0,2,1,17,40,8,9,6,8,0,10,8.5,10,7.5,0,0,0,Pathfinder #153: Life's Long Shadows,2,Shoony Militia Member
825,7,5,3,0,2,0,29,190,18,21,21,16,0,22,22.0,0,0.0,0,0,0,Pathfinder #153: Life's Long Shadows,10,Hooklimb Xulgath
3877,0,4,1,2,3,4,19,55,10,6,11,10,1,12,8.5,0,0.0,5,21,11,"Pathfinder Society Scenario #1-16: The Perennial Crown Part 1, Opal of Bhopan",3,Dryad (1-16)
3875,4,4,0,0,3,2,21,58,11,8,13,11,1,14,9.5,14,6.5,1,21,13,"Pathfinder Society Scenario #1-16: The Perennial Crown Part 1, Opal of Bhopan",4,Biloko Veteran (1-16)
3878,2,4,2,2,-1,3,22,70,11,10,14,9,1,13,9.0,0,0.0,0,22,12,"Pathfinder Society Scenario #1-16: The Perennial Crown Part 1, Opal of Bhopan",5,Lelzeshin (Tier 3-4)
3881,2,4,2,-4,-1,0,21,44,8,8,14,8,0,14,7.5,0,0.0,0,0,0,"Pathfinder Society Scenario #1-16: The Perennial Crown Part 1, Opal of Bhopan",4,Mirrored Lelzeshin (Tier 5-6)
3879,2,4,2,2,-1,4,25,110,15,12,18,12,1,16,13.0,0,0.0,0,25,16,"Pathfinder Society Scenario #1-16: The Perennial Crown Part 1, Opal of Bhopan",7,Lelzeshin (Tier 5-6)
3880,1,3,2,-4,-1,0,18,20,5,6,11,5,0,9,5.5,0,0.0,0,0,0,"Pathfinder Society Scenario #1-16: The Perennial Crown Part 1, Opal of Bhopan",2,Mirrored Lelzeshin (Tier 3-4)
3876,3,2,-1,0,2,1,16,19,7,4,7,7,1,8,6.5,0,0.0,1,17,9,"Pathfinder Society Scenario #1-16: The Perennial Crown Part 1, Opal of Bhopan",1,Biloko Warrior (1-16)
3980,1,3,2,1,1,4,24,76,12,10,15,13,2,12,4.5,0,0.0,3,25,15,Pathfinder Society Quest #8: Shadows of the Black Sovereign,6,Zatqualmish (5-6)
3979,0,3,2,1,1,4,21,55,9,8,11,9,2,9,2.5,9,3.5,2,23,13,Pathfinder Society Quest #8: Shadows of the Black Sovereign,4,Zatqualmish (3-4)
3975,5,-3,4,-4,0,-2,16,70,4,11,4,7,0,12,13.0,0,0.0,0,0,0,Pathfinder Society Quest #8: Shadows of the Black Sovereign,3,Technic Zombie (5-6)
3974,4,-3,4,-4,1,-2,12,45,4,9,2,5,0,8,9.5,0,0.0,0,0,0,Pathfinder Society Quest #8: Shadows of the Black Sovereign,1,Technic Zombie (3-4)
3888,3,3,5,-5,0,-1,21,66,7,13,9,7,0,12,12.0,0,0.0,0,0,0,"Pathfinder Society Scenario #1-17: The Perennial Crown Part 2, The Thorned Monarch",4,Thorned Cocoon (5-6)
3882,4,2,2,0,2,-1,16,25,7,8,8,5,0,9,7.5,7,4.5,0,0,0,"Pathfinder Society Scenario #1-17: The Perennial Crown Part 2, The Thorned Monarch",1,Guard (PFS 1-17)
3883,-2,4,0,2,2,2,17,19,7,6,10,7,1,9,1.5,0,0.0,0,17,9,"Pathfinder Society Scenario #1-17: The Perennial Crown Part 2, The Thorned Monarch",1,Jinkin (PFS 1-17)
3884,5,5,4,2,4,4,23,125,17,14,11,17,0,17,18.5,17,12.5,3,21,13,"Pathfinder Society Scenario #1-17: The Perennial Crown Part 2, The Thorned Monarch",6,Manifestation of Qxal (3-4)
3885,6,6,4,2,4,4,26,170,19,16,13,19,0,20,19.5,20,13.5,3,23,18,"Pathfinder Society Scenario #1-17: The Perennial Crown Part 2, The Thorned Monarch",8,Manifestation of Qxal (5-6)
3886,4,2,2,0,2,0,20,45,14,11,8,6,0,12,9.5,10,4.5,0,0,0,"Pathfinder Society Scenario #1-17: The Perennial Crown Part 2, The Thorned Monarch",3,Palace Guard (PFS 1-17)
3887,3,2,4,-5,0,-1,18,34,4,10,6,4,0,9,8.5,0,0.0,0,0,0,"Pathfinder Society Scenario #1-17: The Perennial Crown Part 2, The Thorned Monarch",2,Thorned Cocoon (3-4)
3890,3,1,1,2,2,3,21,75,14,10,12,15,0,15,13.0,0,0.0,3,22,14,"Pathfinder Society Scenario #1-17: The Perennial Crown Part 2, The Thorned Monarch",5,Webhekiz (5-6)
3889,2,1,0,2,2,3,18,45,11,7,9,12,0,12,8.5,0,0.0,2,20,12,"Pathfinder Society Scenario #1-17: The Perennial Crown Part 2, The Thorned Monarch",3,Webhekiz (3-4)
1896,4,1,3,0,1,3,25,75,10,14,10,12,1,15,16.5,0,0.0,1,20,12,Pathfinder Gamemastery Guide,5,Antipaladin
1899,3,3,1,0,4,2,21,80,14,11,11,14,1,13,8.5,0,0.0,3,24,16,Pathfinder Gamemastery Guide,6,Priest of Pharasma
1897,3,0,2,0,1,3,14,25,6,7,3,6,0,6,5.5,0,0.0,0,0,0,Pathfinder Gamemastery Guide,1,Barkeep
1895,1,2,-1,2,4,1,15,16,7,2,5,9,1,4,3.5,5,4.5,1,17,9,Pathfinder Gamemastery Guide,1,Acolyte of Nethys
1900,1,4,0,0,1,2,16,7,3,2,7,5,0,6,3.5,0,0.0,0,0,0,Pathfinder Gamemastery Guide,-1,Server
3960,0,4,1,1,0,4,19,41,12,6,12,9,0,10,7.5,10,3.5,0,0,0,Pathfinder Society Quest #7: A Curious Claim,3,Neidre Fliavazzana (3-4)
3950,3,2,4,-1,1,0,16,20,7,10,7,4,0,9,5.5,8,5.5,0,0,0,Pathfinder Society Quest #7: A Curious Claim,1,Human Bandit (3-4)
3951,4,2,4,-1,1,0,19,45,9,11,9,7,0,12,8.5,10,5.5,0,0,0,Pathfinder Society Quest #7: A Curious Claim,3,Human Bandit (5-6)
3961,0,4,1,3,0,4,22,68,15,9,15,12,0,13,9.5,13,3.5,0,0,0,Pathfinder Society Quest #7: A Curious Claim,5,Neidre Fliavazzana (5-6)
799,3,4,3,-4,1,-1,18,55,9,8,11,10,0,13,8.0,0,0.0,0,0,0,Pathfinder #152: Legacy of the Lost God,3,Chimpanzee Visitant
800,5,1,0,1,3,4,28,122,17,14,15,15,0,21,18.0,16,9.5,0,0,0,Pathfinder #152: Legacy of the Lost God,8,Darricus Stallit
801,1,5,0,2,2,4,24,90,14,11,17,14,0,17,8.5,16,8.5,0,0,0,Pathfinder #152: Legacy of the Lost God,6,Delamar Gianvin
802,5,0,3,1,2,-1,22,115,14,16,11,13,0,18,15.0,0,0.0,0,0,0,Pathfinder #152: Legacy of the Lost God,7,Evora Yarket
803,4,4,4,2,3,2,26,135,15,16,18,15,1,19,15.0,0,0.0,4,26,16,Pathfinder #152: Legacy of the Lost God,7,Gluttondark Babau
804,6,-1,6,-5,0,-5,28,90,15,19,12,11,0,21,21.0,14,15.0,0,0,0,Pathfinder #152: Legacy of the Lost God,8,Guardian of the Faithful
805,7,0,2,-4,2,0,21,110,11,16,9,14,0,16,0.0,0,0.0,0,0,0,Pathfinder #152: Legacy of the Lost God,7,Iridescent Elephant
806,6,2,4,3,3,5,25,105,16,17,15,12,1,17,15.0,0,0.0,4,25,17,Pathfinder #152: Legacy of the Lost God,7,Kalkek
807,6,4,2,-4,2,0,22,95,13,9,11,15,0,15,13.0,0,0.0,0,0,0,Pathfinder #152: Legacy of the Lost God,5,Lion Visitant
796,5,7,4,0,3,6,30,175,19,16,23,19,1,21,22.0,0,0.0,5,27,19,Pathfinder #152: Legacy of the Lost God,10,Bogeyman
808,0,5,1,3,2,7,30,195,19,17,23,20,3,23,17.0,0,0.0,6,30,20,Pathfinder #152: Legacy of the Lost God,11,Mistress Dusklight
809,-5,4,2,0,3,5,21,50,10,9,13,14,1,13,12.0,15,10.0,2,22,14,Pathfinder #152: Legacy of the Lost God,5,Muse Phantom
810,1,3,0,0,1,4,20,66,9,9,13,11,2,11,6.5,11,3.5,2,21,12,Pathfinder #152: Legacy of the Lost God,4,Ruanna Nyamma
811,-5,3,0,4,6,3,24,95,20,13,16,19,0,18,17.0,0,0.0,0,0,0,Pathfinder #152: Legacy of the Lost God,8,Ulthadar
812,4,1,2,0,4,2,22,80,11,11,8,13,1,16,9.0,0,0.0,3,24,14,Pathfinder #152: Legacy of the Lost God,5,Xulgath Demon-Caller
813,1,2,1,0,1,5,23,115,12,12,13,14,3,15,6.5,0,0.0,4,26,16,Pathfinder #152: Legacy of the Lost God,7,Xulgath Mage
814,6,1,4,0,2,0,21,95,11,15,10,9,0,15,13.0,0,0.0,0,0,0,Pathfinder #152: Legacy of the Lost God,5,Xulgath Spinesnapper
815,1,3,3,-2,2,5,20,35,9,10,10,7,0,8,7.0,0,0.0,0,0,0,Pathfinder #152: Legacy of the Lost God,3,Zuipnyrn
798,5,1,2,0,0,2,27,135,14,16,15,13,0,20,21.0,0,0.0,0,0,0,Pathfinder #152: Legacy of the Lost God,8,Celestial Menagerie Bruiser
797,4,5,3,-1,2,4,24,95,14,11,17,14,1,15,15.0,0,0.0,3,22,12,Pathfinder #152: Legacy of the Lost God,6,Bugaboo
792,3,5,1,1,2,7,28,210,16,18,17,14,1,23,13.5,0,0.0,4,29,21,Pathfinder #152: Legacy of the Lost God,10,Adrivallo
794,3,0,5,3,5,5,30,175,21,21,16,21,0,22,18.0,0,0.0,0,0,0,Pathfinder #152: Legacy of the Lost God,10,Andera Paldreen
793,2,4,0,1,0,2,21,56,8,9,14,9,1,13,6.5,0,0.0,2,18,10,Pathfinder #152: Legacy of the Lost God,4,Aives The Smoke Dragon
795,2,3,2,-2,1,3,20,35,9,7,12,8,1,10,7.5,0,0.0,1,18,8,Pathfinder #152: Legacy of the Lost God,3,Bogey
3868,4,4,4,-3,2,1,19,52,12,12,9,8,0,12,13.0,0,0.0,0,0,0,Pathfinder Society Scenario #1-15: The Blooming Catastrophe,3,Farmer Drystan's Scarecrow (3-4)
3867,3,3,3,-3,2,1,16,32,10,10,7,4,0,9,6.5,0,0.0,0,0,0,Pathfinder Society Scenario #1-15: The Blooming Catastrophe,1,Farmer Drystan's Scarecrow (1-2)
3869,1,3,1,0,2,0,16,12,5,8,5,2,0,8,3.5,0,0.0,4,13,5,Pathfinder Society Scenario #1-15: The Blooming Catastrophe,-1,Hogweed Leshy (1-2)
3870,1,4,2,0,3,0,17,20,7,10,7,4,0,10,8.5,0,0.0,4,14,6,Pathfinder Society Scenario #1-15: The Blooming Catastrophe,1,Hogweed Leshy (3-4)
3871,2,2,1,2,1,3,19,51,9,9,12,6,0,11,8.5,0,0.0,4,17,9,Pathfinder Society Scenario #1-15: The Blooming Catastrophe,3,Leshy Crafter (1-2)
3872,3,3,1,3,1,3,22,84,12,12,15,9,0,14,11.0,0,0.0,4,19,11,Pathfinder Society Scenario #1-15: The Blooming Catastrophe,5,Leshy Crafter (3-4)
3873,-1,3,2,-2,2,0,15,10,5,2,8,5,0,4,2.5,8,3.5,4,13,5,Pathfinder Society Scenario #1-15: The Blooming Catastrophe,-1,Plum Leshy (1-2)
3874,2,4,2,0,2,0,17,20,7,4,10,7,0,7,6.5,11,5.5,4,14,6,Pathfinder Society Scenario #1-15: The Blooming Catastrophe,1,Plum Leshy (3-4)
3863,0,4,1,0,3,1,18,16,8,5,9,6,0,9,3.5,9,6.5,0,0,0,Pathfinder Society Scenario #1-14: Lions of Katapesh,1,Kobold Scout (1-14)
3862,-1,3,0,2,1,4,17,25,5,4,7,7,1,7,2.5,3,6.5,1,20,8,Pathfinder Society Scenario #1-14: Lions of Katapesh,2,Kobold Dragon Mage (1-14)
3861,0,1,3,0,4,1,20,48,12,11,7,10,1,7,3.5,0,0.0,2,20,10,Pathfinder Society Scenario #1-14: Lions of Katapesh,4,Kip The Druid (3-4)
3864,1,3,0,0,1,-1,16,8,3,4,7,3,0,5,6.5,5,2.5,0,0,0,Pathfinder Society Scenario #1-14: Lions of Katapesh,-1,Kobold Warrior (1-14)
3858,2,2,2,2,2,2,17,40,9,9,9,7,1,9,7.5,0,0.0,1,17,9,Pathfinder Society Scenario #1-14: Lions of Katapesh,3,Keff The Lion (1-2)
3859,4,3,2,2,2,2,19,50,10,10,11,8,1,12,10.5,0,0.0,1,18,10,Pathfinder Society Scenario #1-14: Lions of Katapesh,4,Keff The Lion (3-4)
3855,2,4,1,-2,2,-2,15,24,7,6,9,5,0,9,7.5,0,0.0,0,0,0,Pathfinder Society Scenario #1-14: Lions of Katapesh,1,Cinder Wolf (3-4)
3865,3,4,2,-2,1,-2,18,30,7,8,10,5,0,10,6.5,0,0.0,0,0,0,Pathfinder Society Scenario #1-14: Lions of Katapesh,2,Leopard (1-14)
3854,2,4,1,-2,2,-2,15,24,7,6,9,5,0,9,7.5,0,0.0,0,0,0,Pathfinder Society Scenario #1-14: Lions of Katapesh,1,Cinder Wolf (1-2)
3853,2,3,2,0,1,0,17,10,5,4,7,5,0,5,5.5,5,3.5,0,0,0,Pathfinder Society Scenario #1-14: Lions of Katapesh,0,Bandit Scout
3852,1,4,1,1,1,1,20,22,8,5,10,5,0,8,4.5,8,3.5,0,0,0,Pathfinder Society Scenario #1-14: Lions of Katapesh,2,Bandit Lieutenant
3856,5,3,4,-2,3,-2,18,50,10,11,8,8,0,12,11.5,0,0.0,0,0,0,Pathfinder Society Scenario #1-14: Lions of Katapesh,3,Dire Cinder Wolf
3860,0,1,3,0,4,1,19,36,11,10,6,9,1,6,3.5,0,0.0,2,16,8,Pathfinder Society Scenario #1-14: Lions of Katapesh,3,Kip The Druid (1-2)
779,3,1,2,-4,1,-2,15,16,5,9,3,5,0,8,6.5,0,0.0,0,0,0,Pathfinder #151: The Show Must Go On,0,Juvenile Boar
776,2,3,3,-5,1,-4,19,50,10,12,12,4,0,10,8.5,0,0.0,0,0,0,Pathfinder #151: The Show Must Go On,3,Giant Flea
782,3,-5,3,-5,0,1,11,80,6,11,3,6,0,13,14.0,0,0.0,0,0,0,Pathfinder #151: The Show Must Go On,4,Luminous Ooze
783,3,1,0,-5,0,2,17,33,6,8,11,4,0,11,9.0,0,0.0,0,0,0,Pathfinder #151: The Show Must Go On,2,Mechanical Carny
778,2,3,1,2,0,1,17,32,7,7,9,6,0,10,4.5,0,0.0,0,0,0,Pathfinder #151: The Show Must Go On,2,Jellico Bounce-Bounce
777,2,2,3,0,2,0,19,30,8,9,6,7,0,11,6.5,0,0.0,0,0,0,Pathfinder #151: The Show Must Go On,2,Horba
784,-1,3,1,1,4,1,19,45,9,8,8,11,1,12,2.5,0,0.0,3,19,9,Pathfinder #151: The Show Must Go On,3,Nemmia Bramblecloak
775,-2,5,4,-5,1,-4,18,55,13,15,16,6,0,0,0.0,0,0.0,0,0,0,Pathfinder #151: The Show Must Go On,5,Flea Swarm
774,3,1,3,-1,2,-1,14,27,4,9,4,7,0,8,5.5,0,0.0,0,0,0,Pathfinder #151: The Show Must Go On,1,Drunken Brawler
773,0,3,1,1,1,3,17,30,7,7,9,7,0,10,7.5,0,0.0,0,0,0,Pathfinder #151: The Show Must Go On,2,Daring Danika
772,2,2,3,0,2,0,19,30,6,9,6,7,0,11,6.5,0,0.0,0,0,0,Pathfinder #151: The Show Must Go On,2,Corrupted Retainer
771,1,0,1,1,4,2,17,45,11,8,5,11,1,10,5.5,0,0.0,2,20,12,Pathfinder #151: The Show Must Go On,3,Corrupted Priest
780,4,1,2,-1,2,1,20,44,9,9,6,9,0,11,8.5,0,0.0,0,0,0,Pathfinder #151: The Show Must Go On,3,Lakkai One-Fang
770,2,2,4,-4,1,-2,18,30,7,10,8,5,0,11,11.0,0,0.0,0,0,0,Pathfinder #151: The Show Must Go On,2,Corrosive Lizard
767,5,3,2,-4,2,-1,18,50,9,11,9,7,0,12,9.5,0,0.0,0,0,0,Pathfinder #151: The Show Must Go On,3,Blood Wolf
766,3,1,2,-1,2,1,13,8,4,5,5,2,0,7,5.5,5,6.5,0,0,0,Pathfinder #151: The Show Must Go On,-1,Abberton Ruffian
785,5,0,4,-4,2,-1,21,70,10,12,8,8,0,13,9.5,0,0.0,0,0,0,Pathfinder #151: The Show Must Go On,4,Pinacosaurus
786,4,0,2,0,2,1,20,46,7,9,8,7,0,9,6.5,0,0.0,0,0,0,Pathfinder #151: The Show Must Go On,3,Pruana Two-punch
787,3,4,2,1,2,4,19,45,12,9,12,8,0,12,9.0,12,7.5,0,0,0,Pathfinder #151: The Show Must Go On,2,Smiler
788,3,4,2,-4,1,-2,19,45,11,9,11,6,0,12,9.0,0,0.0,0,0,0,Pathfinder #151: The Show Must Go On,3,Smoldering Leopard
789,2,3,2,0,0,2,16,40,7,11,8,8,0,10,9.0,10,9.0,0,0,0,Pathfinder #151: The Show Must Go On,2,Viktor Volkano
790,3,2,3,-4,1,-2,16,24,6,10,4,7,0,8,5.5,0,0.0,0,0,0,Pathfinder #151: The Show Must Go On,1,Violet
791,2,4,2,1,0,-1,18,30,6,8,10,4,0,12,6.5,0,0.0,0,0,0,Pathfinder #151: The Show Must Go On,2,Xulgath Bilebearer
769,3,0,2,1,5,2,22,83,12,13,10,15,1,17,16.0,0,0.0,3,22,14,Pathfinder #151: The Show Must Go On,5,Cavnakash
781,3,2,3,-4,2,1,18,30,8,8,8,5,0,9,7.5,0,0.0,0,0,0,Pathfinder #151: The Show Must Go On,2,Leandrus
3843,0,2,1,4,1,1,17,31,7,8,9,10,1,12,3.5,0,0.0,2,20,12,Pathfinder Society Scenario #1-12: The Burden of Envy,3,Barralbus (1-2)
3848,1,4,2,-3,1,1,20,17,8,7,9,4,0,9,6.5,0,0.0,0,0,0,Pathfinder Society Scenario #1-12: The Burden of Envy,1,Reefclaw (PFS 1-12)
3847,3,4,1,0,1,0,17,17,6,4,9,6,0,8,3.5,0,0.0,0,0,0,Pathfinder Society Scenario #1-12: The Burden of Envy,1,Hungry Blade Recruit
3846,3,4,1,0,1,0,20,40,8,6,12,9,0,11,3.5,0,0.0,0,0,0,Pathfinder Society Scenario #1-12: The Burden of Envy,2,Hungry Blade Apprentice
3845,6,2,4,-4,1,-4,21,60,11,12,10,9,0,14,14.5,0,0.0,0,0,0,Pathfinder Society Scenario #1-12: The Burden of Envy,4,Great White Shark (PFS 1-12)
3844,0,3,1,5,2,1,20,53,9,11,12,14,1,9,4.5,0,0.0,3,22,14,Pathfinder Society Scenario #1-12: The Burden of Envy,5,Barralbus (3-4)
3947,4,0,2,-5,0,-5,19,48,6,11,7,6,0,14,8.5,0,0.0,0,0,0,Pathfinder Society Quest #6: Archaeology In Aspenthar,3,Dilapidated Alchemical Golem
3946,5,1,2,-5,0,-5,22,78,8,14,9,8,0,16,11.0,0,0.0,0,0,0,Pathfinder Society Quest #6: Archaeology In Aspenthar,5,Damaged Alchemical Golem
3850,6,3,4,5,6,5,27,165,19,16,13,19,1,20,23.0,17,14.5,6,23,13,Pathfinder Society Scenario #1-13: Devil at the Crossroads,8,The Ascendant (5-6)
3851,5,-3,4,-5,0,-2,15,70,4,10,3,6,0,11,11.5,0,0.0,0,0,0,Pathfinder Society Scenario #1-13: Devil at the Crossroads,3,Unkillable Zombie Brute (PFS 1-13)
3849,5,2,3,4,5,4,24,115,17,14,11,17,1,17,19.5,14,11.0,6,21,11,Pathfinder Society Scenario #1-13: Devil at the Crossroads,6,The Ascendant (3-4)
3830,5,2,6,-4,2,-2,23,96,14,16,10,12,0,15,13.5,0,0.0,0,0,0,Pathfinder Society Scenario #1-10: Tarnbreaker's Trail,6,Giant Short-faced Bear
3831,4,1,5,-4,1,-2,20,60,11,13,7,9,0,12,10.5,0,0.0,0,0,0,Pathfinder Society Scenario #1-10: Tarnbreaker's Trail,4,Lesser Giant Short-faced Bear
3842,-1,3,1,-5,1,-4,17,15,6,6,8,4,0,8,4.5,0,0.0,0,0,0,Pathfinder Society Scenario #1-11: Flames of Rebellion,1,Ravenous Giant Centipede
3838,0,4,1,0,3,1,18,16,8,5,9,6,0,9,3.5,9,4.5,0,0,0,Pathfinder Society Scenario #1-11: Flames of Rebellion,1,Kobold Scout (PFS 1-11)
3837,-1,4,0,2,2,4,20,52,10,8,12,12,1,10,2.5,0,0.0,2,21,13,Pathfinder Society Scenario #1-11: Flames of Rebellion,4,Kobold Dragon Spellweaver
3836,-1,3,0,2,1,4,17,25,5,4,7,7,1,7,2.5,0,0.0,1,20,12,Pathfinder Society Scenario #1-11: Flames of Rebellion,2,Kobold Dragon Mage (PFS 1-11)
3834,-5,3,0,0,2,2,20,30,10,8,11,8,0,13,9.0,0,0.0,0,0,0,Pathfinder Society Scenario #1-11: Flames of Rebellion,4,Ghost Of Diggen Thrune (1-2)
3839,1,3,0,0,1,-1,16,8,3,4,7,3,0,5,4.5,5,2.5,0,0,0,Pathfinder Society Scenario #1-11: Flames of Rebellion,-1,Kobold Warrior (PFS 1-11)
3835,-5,3,0,0,2,2,20,30,10,8,11,8,0,13,9.0,0,0.0,0,0,0,Pathfinder Society Scenario #1-11: Flames of Rebellion,4,Ghost Of Diggen Thrune (3-4)
3832,3,4,1,-1,2,1,19,20,8,7,10,6,0,10,8.0,0,0.0,0,0,0,Pathfinder Society Scenario #1-11: Flames of Rebellion,2,Flaming Skull Skeletal Champion
3840,4,2,4,-2,2,1,22,60,13,15,11,11,1,15,10.5,0,0.0,4,19,11,Pathfinder Society Scenario #1-11: Flames of Rebellion,5,Nashaxian The Angered
3833,0,4,0,-5,0,0,16,4,2,2,8,2,0,6,5.0,6,3.5,0,0,0,Pathfinder Society Scenario #1-11: Flames of Rebellion,-1,Flaming Skull Skeleton Guard
3841,3,2,4,-2,2,1,19,35,9,11,9,9,1,12,7.5,0,0.0,4,17,9,Pathfinder Society Scenario #1-11: Flames of Rebellion,3,Nashaxian The Bored
3942,4,3,4,0,3,-1,21,70,11,13,11,8,0,13,13.0,0,0.0,0,0,0,Pathfinder Society Quest #5: The Dragon who Stole Evoking Day,4,Ahrkinos (3-4)
3943,5,3,5,0,3,-1,24,120,15,17,14,11,0,17,15.0,0,0.0,0,0,0,Pathfinder Society Quest #5: The Dragon who Stole Evoking Day,6,Ahrkinos (5-6)
3958,1,3,1,-2,0,0,16,20,3,7,11,4,1,8,4.5,0,0.0,2,17,9,Pathfinder Society Quest #5: The Dragon who Stole Evoking Day,1,Muraxi (3-4)
3959,2,4,2,-2,0,0,19,43,5,9,13,6,1,11,11.0,0,0.0,2,20,12,Pathfinder Society Quest #5: The Dragon who Stole Evoking Day,3,Muraxi (5-6)
195,8,2,9,2,3,2,43,330,29,32,26,29,0,38,39.5,36,26.0,0,0,0,Pathfinder #150: Broken Promises,17,Promise Guard
183,-5,10,0,10,7,8,46,315,35,30,33,36,1,39,44.0,0,0.0,10,44,39,Pathfinder #150: Broken Promises,21,Candlaron's Echo
199,10,8,9,-4,7,6,48,385,39,36,33,30,0,38,39.5,38,30.0,0,0,0,Pathfinder #150: Broken Promises,20,"Xotani, The Firebleeder"
196,8,7,8,3,4,10,45,400,32,36,33,30,1,38,42.0,0,0.0,10,42,38,Pathfinder #150: Broken Promises,20,Rinnarv Bontimar
181,-5,9,5,0,7,8,45,300,33,33,37,33,0,35,38.0,0,0.0,0,0,0,Pathfinder #150: Broken Promises,18,Aiudara Wraith
182,9,7,9,-5,5,-5,42,255,30,33,30,27,0,35,39.5,0,0.0,0,0,0,Pathfinder #150: Broken Promises,18,Animated Dragonstorm
184,10,8,9,-5,7,-5,48,430,39,39,36,33,1,41,39.5,0,0.0,6,44,36,Pathfinder #150: Broken Promises,21,Dragonshard Guardian
185,9,6,7,3,5,2,42,400,30,33,27,30,1,35,43.0,35,32.0,4,40,32,Pathfinder #150: Broken Promises,18,Dragonstorm Fire Giant
198,6,7,6,7,8,5,45,380,33,30,33,36,1,38,46.5,38,29.0,7,35,27,Pathfinder #150: Broken Promises,20,Vazgorlu
186,2,8,5,10,5,6,45,375,36,30,33,36,3,31,28.0,0,0.0,10,45,36,Pathfinder #150: Broken Promises,20,Emaliza Zandivar
188,3,5,5,10,5,6,28,350,39,17,19,19,3,35,24.0,0,0.0,10,44,36,Pathfinder #150: Broken Promises,20,Ilgreth
189,8,6,9,10,5,2,43,350,33,35,29,32,0,34,19.0,36,18.0,0,0,0,Pathfinder #150: Broken Promises,19,Ingnovim Tluss
190,8,2,9,-4,3,-4,43,330,29,32,26,29,0,33,39.5,0,0.0,0,0,0,Pathfinder #150: Broken Promises,17,Ingnovim's Assistant
191,7,1,5,3,2,4,46,375,36,36,33,31,0,38,29.0,0,0.0,0,0,0,Pathfinder #150: Broken Promises,20,Inizra Arumelo
192,10,5,9,5,6,7,50,500,39,36,33,39,1,42,40.0,0,0.0,4,46,38,Pathfinder #150: Broken Promises,21,Lesser Manifestation Of Dahak
193,12,8,10,8,8,9,52,600,46,42,36,38,1,44,44.0,0,0.0,10,48,44,Pathfinder #150: Broken Promises,21,Manifestation Of Dahak
194,11,5,9,8,7,7,50,575,40,37,34,42,1,42,44.0,0,0.0,10,45,42,Pathfinder #150: Broken Promises,21,Mengkare
187,10,0,9,-3,3,-4,43,380,35,36,28,27,0,36,37.0,0,0.0,0,0,0,Pathfinder #150: Broken Promises,19,Hermean Mutant
197,12,9,12,-3,9,7,54,540,48,47,37,39,0,45,42.0,45,36.5,0,0,0,Pathfinder #150: Broken Promises,21,"Tarrasque, The Armageddon Engine"
3818,5,1,2,1,1,1,19,63,9,10,7,7,0,13,11.5,0,0.0,0,0,0,Pathfinder Society Scenario #1-08: Revolution on the Riverside,4,Veteran Guard Captain
3819,4,1,3,0,2,0,18,32,6,9,4,5,0,10,9.5,0,0.0,0,0,0,Pathfinder Society Scenario #1-08: Revolution on the Riverside,2,Vigilant Guard
3812,0,2,1,3,1,2,15,21,4,4,5,6,1,5,3.5,0,0.0,1,16,6,Pathfinder Society Scenario #1-08: Revolution on the Riverside,1,Harsus (1-2)
3821,-2,3,0,-5,0,-4,14,8,4,3,6,1,0,0,0.0,0,0.0,0,0,0,Pathfinder Society Scenario #1-08: Revolution on the Riverside,-1,Weak Spider Swarm
3817,1,3,1,0,2,0,16,8,4,3,7,4,0,5,4.5,5,3.5,0,0,0,Pathfinder Society Scenario #1-08: Revolution on the Riverside,-1,Rebel
3820,1,3,1,0,2,0,16,8,4,3,7,4,0,5,4.5,5,3.5,0,0,0,Pathfinder Society Scenario #1-08: Revolution on the Riverside,-1,Waterworks Rebel
3816,4,1,3,0,2,0,18,32,6,9,5,6,0,10,9.5,7,5.5,0,0,0,Pathfinder Society Scenario #1-08: Revolution on the Riverside,2,Rebel Brute
3814,3,2,1,0,1,2,16,21,6,10,7,7,1,8,7.5,0,0.0,1,15,5,Pathfinder Society Scenario #1-08: Revolution on the Riverside,1,"Nalla, Rebel Leader (1-2)"
3813,0,2,1,4,1,2,17,48,6,6,7,8,1,7,2.5,7,2.5,2,19,9,Pathfinder Society Scenario #1-08: Revolution on the Riverside,3,Harsus (3-4)
3810,4,1,2,1,1,1,18,24,6,7,4,4,0,9,8.5,0,0.0,0,0,0,Pathfinder Society Scenario #1-08: Revolution on the Riverside,1,Guard Captain
3809,2,3,2,0,2,0,17,21,5,5,9,5,0,6,6.5,6,3.5,0,0,0,Pathfinder Society Scenario #1-08: Revolution on the Riverside,1,Elite Waterworks Rebel
3808,2,3,2,0,2,0,17,21,5,5,9,5,0,6,6.5,6,3.5,0,0,0,Pathfinder Society Scenario #1-08: Revolution on the Riverside,1,Elite Rebel
3807,4,1,3,0,2,0,18,32,6,9,5,6,0,10,9.5,7,5.5,0,0,0,Pathfinder Society Scenario #1-08: Revolution on the Riverside,2,Chops (3-4)
3806,3,1,2,0,2,0,15,16,4,6,3,4,0,7,6.5,5,5.5,0,0,0,Pathfinder Society Scenario #1-08: Revolution on the Riverside,0,Chops (1-2)
3815,4,2,1,0,1,2,19,48,8,6,7,8,1,11,6.5,0,0.0,2,17,7,Pathfinder Society Scenario #1-08: Revolution on the Riverside,3,"Nalla, Rebel Leader (3-4)"
3824,5,-2,3,-2,2,-1,21,65,12,13,6,10,1,13,14.0,0,0.0,3,20,12,Pathfinder Society Scenario #1-09: Star-Crossed Voyages,4,Greater Steel Mephit
3828,4,1,3,0,1,0,23,75,9,15,13,11,0,16,12.5,0,0.0,0,0,0,Pathfinder Society Scenario #1-09: Star-Crossed Voyages,4,Sea Devil Invader
3827,6,3,5,-2,3,-2,25,80,14,18,13,14,0,17,15.0,0,0.0,0,0,0,Pathfinder Society Scenario #1-09: Star-Crossed Voyages,7,Paravaax (5-6)
3826,4,2,5,-2,2,-2,22,50,11,16,11,11,0,13,12.0,0,0.0,0,0,0,Pathfinder Society Scenario #1-09: Star-Crossed Voyages,5,Paravaax (3-4)
3822,4,0,4,-1,2,1,17,38,8,10,5,8,0,10,9.5,0,0.0,0,0,0,Pathfinder Society Scenario #1-09: Star-Crossed Voyages,2,Boggard Warrior (PFS 1-09)
3823,5,-1,4,-4,3,-1,22,71,12,15,8,9,0,14,19.0,0,0.0,0,0,0,Pathfinder Society Scenario #1-09: Star-Crossed Voyages,5,Greater Metallic Sod Hound
3829,4,-2,2,-2,0,-1,14,22,3,9,3,3,1,8,7.5,0,0.0,3,17,9,Pathfinder Society Scenario #1-09: Star-Crossed Voyages,1,Steel Mephit
3825,5,-1,4,-4,3,-1,19,44,9,12,6,7,0,11,11.5,0,0.0,0,0,0,Pathfinder Society Scenario #1-09: Star-Crossed Voyages,3,Metallic Sod Hound
3970,1,1,0,0,2,1,15,9,6,5,2,8,1,6,3.5,0,0.0,1,15,7,Pathfinder Society Quest #4: Port Peril Pub Crawl,-1,Seaborn Fisher
3963,2,3,4,-1,0,2,17,40,8,8,10,6,0,9,3.5,0,0.0,0,0,0,Pathfinder Society Quest #4: Port Peril Pub Crawl,2,Offended High Roller
3973,2,0,1,1,4,1,17,30,6,7,6,10,0,10,5.5,0,0.0,0,0,0,Pathfinder Society Quest #4: Port Peril Pub Crawl,2,Storm Warrior-Priest
3972,0,0,1,0,3,0,16,10,6,5,2,8,0,8,3.5,0,0.0,0,0,0,Pathfinder Society Quest #4: Port Peril Pub Crawl,-1,Storm Acolyte
3962,1,2,2,-1,0,1,15,11,6,5,8,2,0,6,3.5,0,0.0,0,0,0,Pathfinder Society Quest #4: Port Peril Pub Crawl,-1,Offended Gambler
3969,3,2,1,0,4,2,17,30,8,7,6,10,1,9,5.5,0,0.0,1,18,10,Pathfinder Society Quest #4: Port Peril Pub Crawl,2,Seaborn Captain
176,-3,6,0,8,-2,6,44,300,25,29,32,35,1,36,33.5,0,0.0,9,43,37,Pathfinder #149: Against the Scarlet Triad,19,Teyam Ishtori
171,9,7,3,3,3,6,41,340,29,27,33,29,1,37,28.0,0,0.0,4,40,32,Pathfinder #149: Against the Scarlet Triad,18,Ishti
170,6,3,9,7,6,6,26,350,20,30,20,29,3,27,25.5,0,0.0,7,37,31,Pathfinder #149: Against the Scarlet Triad,15,Immortal Ichor
169,4,7,7,3,7,5,38,225,26,26,30,26,1,30,31.0,0,0.0,4,32,28,Pathfinder #149: Against the Scarlet Triad,15,Crucidaemon
168,6,8,5,3,3,5,40,330,26,29,32,27,0,35,24.5,0,0.0,0,0,0,Pathfinder #149: Against the Scarlet Triad,17,"Bshez ""Sand Claws"" Shak"
167,7,2,5,-5,1,-5,30,145,17,21,18,15,0,23,24.0,0,0.0,0,0,0,Pathfinder #149: Against the Scarlet Triad,10,Aluum Enforcer
173,8,6,6,3,4,5,36,275,25,30,26,24,0,32,22.0,31,19.0,0,0,0,Pathfinder #149: Against the Scarlet Triad,15,Scarlet Triad Enforcer
172,6,9,5,7,5,4,39,315,30,27,33,29,0,34,19.0,34,19.5,0,0,0,Pathfinder #149: Against the Scarlet Triad,17,Scarlet Triad Boss
175,9,3,6,-5,4,-2,39,255,28,30,25,28,1,33,33.5,0,0.0,9,38,28,Pathfinder #149: Against the Scarlet Triad,16,Spiritbound Aluum
177,9,7,5,7,8,9,43,350,35,32,29,35,0,37,31.0,0,0.0,0,0,0,Pathfinder #149: Against the Scarlet Triad,19,Uri Zandivar
178,8,7,9,6,5,6,40,315,32,32,30,26,1,33,32.5,0,0.0,8,38,28,Pathfinder #149: Against the Scarlet Triad,17,Weathered Wail
179,9,6,8,-5,4,5,40,340,29,31,29,23,0,30,32.0,0,0.0,0,0,0,Pathfinder #149: Against the Scarlet Triad,17,Xotanispawn
174,3,6,4,5,4,7,37,270,26,23,26,29,1,30,14.0,0,0.0,8,36,30,Pathfinder #149: Against the Scarlet Triad,15,Scarlet Triad Mage
180,8,5,5,2,4,4,36,255,24,26,26,29,0,30,21.0,30,17.0,0,0,0,Pathfinder #149: Against the Scarlet Triad,14,Zephyr Guard
3801,3,4,2,1,2,3,19,30,10,8,12,10,0,13,9.5,0,0.0,0,0,0,Pathfinder Society Scenario #1-07: Flooded King's Court,3,Elite Ghast (PFS 1-07)
3803,1,4,1,1,2,2,16,20,7,4,9,5,0,9,3.5,0,0.0,0,0,0,Pathfinder Society Scenario #1-07: Flooded King's Court,1,Marcon Tinol (1-2)
3802,3,1,2,0,0,1,15,20,7,7,5,4,0,7,6.5,0,0.0,0,0,0,Pathfinder Society Scenario #1-07: Flooded King's Court,1,Experienced Mercenary
3804,3,4,2,1,2,3,35,30,10,8,12,10,0,13,9.5,0,0.0,0,0,0,Pathfinder Society Scenario #1-07: Flooded King's Court,3,Marcon Tinol (3-4)
3805,2,0,2,0,0,1,14,8,5,6,3,3,0,6,5.5,0,0.0,0,0,0,Pathfinder Society Scenario #1-07: Flooded King's Court,-1,Mercenary
3941,5,1,3,-4,1,0,18,44,9,10,5,5,0,12,10.5,10,0.0,0,0,0,Pathfinder Society Quest #3: Grehunde's Gorget,3,Adolescent Sea Serpent
3978,5,1,3,-4,1,0,16,20,7,10,5,5,0,9,5.5,7,0.0,0,0,0,Pathfinder Society Quest #3: Grehunde's Gorget,1,Young Sea Serpent
3792,1,1,0,-5,0,-5,16,6,3,3,6,3,0,6,3.5,0,0.0,0,0,0,Pathfinder Society Scenario #1-06: Lost on the Spirit Road,-1,Lesser Guardian Statue
3786,1,3,2,-4,1,-2,15,8,7,5,6,4,0,8,2.5,0,0.0,0,0,0,Pathfinder Society Scenario #1-06: Lost on the Spirit Road,-1,Angry Fox
3791,3,2,0,0,2,-1,15,8,7,3,7,5,0,6,3.5,5,3.5,0,0,0,Pathfinder Society Scenario #1-06: Lost on the Spirit Road,-1,Human Bandit (PFS 1-06)
3787,6,4,4,1,4,3,24,85,15,16,12,14,0,16,15.0,0,0.0,8,23,15,Pathfinder Society Scenario #1-06: Lost on the Spirit Road,6,Annis Hag (1-06)
3788,3,1,2,0,4,1,19,48,10,9,6,12,1,13,10.0,0,0.0,1,19,12,Pathfinder Society Scenario #1-06: Lost on the Spirit Road,3,Dorobu (1-2)
3789,4,1,2,0,4,1,24,99,15,14,11,17,1,18,11.0,0,0.0,2,24,17,Pathfinder Society Scenario #1-06: Lost on the Spirit Road,6,Dorobu (3-4)
3800,-1,3,0,0,1,-2,15,7,3,0,5,1,0,5,2.5,0,0.0,0,0,0,Pathfinder Society Scenario #1-06: Lost on the Spirit Road,-1,Weak Soulbound Homunculus
3796,4,-2,5,-5,0,-5,19,35,9,12,5,5,0,11,10.5,0,0.0,0,0,0,Pathfinder Society Scenario #1-06: Lost on the Spirit Road,3,Spirit Guardian Statue
3798,5,1,3,1,3,1,18,60,9,11,7,9,0,11,11.5,0,0.0,0,0,0,Pathfinder Society Scenario #1-06: Lost on the Spirit Road,3,Weak Arboreal Warden
3793,1,4,2,-4,1,-2,16,22,7,7,9,4,0,9,4.5,0,0.0,0,0,0,Pathfinder Society Scenario #1-06: Lost on the Spirit Road,1,Loyal Giant Fox
3799,5,3,3,2,2,4,21,55,10,11,11,12,1,14,10.5,0,0.0,8,23,15,Pathfinder Society Scenario #1-06: Lost on the Spirit Road,4,Weak Green Hag
3794,4,1,3,-1,2,0,16,25,7,10,4,7,0,8,6.5,0,0.0,0,0,0,Pathfinder Society Scenario #1-06: Lost on the Spirit Road,1,Pine Brute
3790,5,1,3,0,0,2,17,50,7,10,8,7,0,12,10.5,0,0.0,0,0,0,Pathfinder Society Scenario #1-06: Lost on the Spirit Road,3,Eerie Skeletal Giant
3797,2,4,2,0,1,2,19,55,8,9,11,6,0,9,6.5,0,0.0,0,0,0,Pathfinder Society Scenario #1-06: Lost on the Spirit Road,3,Vicious Vulpine
1386,4,5,4,0,3,0,29,195,24,20,23,19,0,21,10.5,22,15.0,0,0,0,Pathfinder Lost Omens Character Guide,11,Veteran Reclaimer
1385,0,4,3,5,3,1,28,145,18,19,20,21,2,16,4.5,20,6.5,6,30,20,Pathfinder Lost Omens Character Guide,11,Tempest-Sun Mage
1384,6,2,4,0,1,0,28,170,16,20,16,16,2,22,25.0,20,21.0,2,24,16,Pathfinder Lost Omens Character Guide,9,Stone Giant Monk
1383,2,3,1,1,4,0,21,54,13,9,9,12,2,9,5.5,10,5.5,2,21,11,Pathfinder Lost Omens Character Guide,4,Rain-Scribe
1381,5,1,3,1,2,4,32,195,20,22,18,19,1,24,20.0,20,17.0,0,27,19,Pathfinder Lost Omens Character Guide,11,Pathfinder Venture-Captain
1380,0,4,3,2,2,0,21,60,11,10,13,11,0,12,9.5,12,5.5,0,0,0,Pathfinder Lost Omens Character Guide,4,Pathfinder Field Agent
1379,4,2,2,0,3,5,30,145,20,19,19,24,3,21,15.0,19,13.0,6,30,20,Pathfinder Lost Omens Character Guide,11,Hellknight Paravicar
1378,4,1,3,0,3,0,22,75,11,12,10,10,0,13,11.5,10,8.5,0,0,0,Pathfinder Lost Omens Character Guide,4,Hellknight Armiger
1377,1,4,2,1,0,3,21,54,8,9,13,9,0,12,9.5,12,5.5,0,0,0,Pathfinder Lost Omens Character Guide,4,Charming Scoundrel
1376,4,0,0,0,4,4,22,45,13,9,10,13,1,12,11.5,0,0.0,2,22,12,Pathfinder Lost Omens Character Guide,4,Changeling Hellknight
1382,1,4,3,0,5,3,30,175,21,19,20,23,2,21,12.0,21,9.5,6,30,22,Pathfinder Lost Omens Character Guide,11,Privateer Captain
1387,4,0,3,0,1,3,22,70,10,12,6,12,1,12,10.5,8,8.5,1,19,11,Pathfinder Lost Omens Character Guide,4,Virtuous Defender
161,2,7,3,0,4,6,32,195,21,18,24,21,1,24,15.0,24,7.0,2,33,25,Pathfinder #148: Fires of the Haunted City,11,Scarlet Triad Agent
146,8,4,6,3,5,2,37,285,26,28,24,25,0,31,23.0,0,0.0,0,0,0,Pathfinder #148: Fires of the Haunted City,15,Accursed Forge-Spurned
162,10,0,6,4,4,3,37,310,25,29,21,27,0,30,31.0,0,0.0,0,0,0,Pathfinder #148: Fires of the Haunted City,15,Soulbound Ruin
163,-5,4,0,6,5,4,34,185,24,20,23,26,1,27,28.5,0,0.0,7,33,27,Pathfinder #148: Fires of the Haunted City,13,Talamira
164,7,4,5,4,4,6,39,300,28,29,28,26,1,33,31.5,0,0.0,4,40,32,Pathfinder #148: Fires of the Haunted City,16,Veshumirix
165,8,4,5,2,7,4,34,235,19,26,20,23,1,27,27.5,0,0.0,6,33,27,Pathfinder #148: Fires of the Haunted City,13,Xevalorg
160,-5,7,2,-1,4,5,33,180,20,18,25,22,1,0,0.0,27,26.0,5,33,27,Pathfinder #148: Fires of the Haunted City,12,Saggorak Poltergeist
159,8,-1,5,-5,0,-5,33,195,22,25,19,20,0,26,29.0,0,0.0,0,0,0,Pathfinder #148: Fires of the Haunted City,12,Lazurite-Infused Stone Golem
158,8,4,4,0,4,3,36,255,24,28,22,25,1,31,24.5,27,21.0,2,34,26,Pathfinder #148: Fires of the Haunted City,14,Kralgurn
157,6,5,0,7,5,7,35,195,25,22,24,28,1,28,28.5,0,0.0,7,35,27,Pathfinder #148: Fires of the Haunted City,14,King Harral
156,4,2,3,5,4,3,24,135,22,19,13,16,0,20,15.0,0,0.0,0,0,0,Pathfinder #148: Fires of the Haunted City,8,Kelda Halrig
166,2,7,4,8,7,0,36,265,26,24,29,27,0,30,13.0,30,10.5,0,0,0,Pathfinder #148: Fires of the Haunted City,15,Zuferian
154,5,2,4,1,2,0,22,75,11,15,9,11,0,15,17.5,0,0.0,0,0,0,Pathfinder #148: Fires of the Haunted City,5,Forge-Spurned
155,6,4,5,4,8,5,40,270,29,27,24,30,3,31,26.5,0,0.0,8,36,32,Pathfinder #148: Fires of the Haunted City,15,Ilssrah Embermead
148,7,3,5,0,4,1,32,215,22,24,20,21,0,28,28.0,25,12.5,0,0,0,Pathfinder #148: Fires of the Haunted City,12,Corrupt Guard
149,8,4,6,2,4,2,34,240,23,27,19,23,1,27,31.5,25,22.0,3,31,21,Pathfinder #148: Fires of the Haunted City,13,Dalos
150,5,7,4,-3,1,5,33,215,23,21,26,18,1,26,24.5,0,0.0,2,32,24,Pathfinder #148: Fires of the Haunted City,12,Deculi
151,6,5,4,1,1,2,33,210,24,25,20,22,0,27,33.0,0,0.0,0,0,0,Pathfinder #148: Fires of the Haunted City,13,Dragonscarred Dead
147,7,-5,5,-5,0,-5,20,300,15,20,10,15,0,24,25.0,0,0.0,0,0,0,Pathfinder #148: Fires of the Haunted City,11,Carnivorous Crystal
152,4,8,3,2,5,3,35,240,26,21,28,23,1,28,17.0,29,17.0,2,33,25,Pathfinder #148: Fires of the Haunted City,13,Duergar Slave Lord
153,4,8,5,3,2,6,37,250,28,26,29,23,0,30,22.5,0,0.0,0,0,0,Pathfinder #148: Fires of the Haunted City,14,Falrok
3765,-2,3,1,-4,1,-3,13,12,5,2,7,4,0,0,0.0,0,0.0,0,0,0,Pathfinder Society Scenario #1-04: Bandits of Immenwood,-1,Frog Swarm
3769,0,3,1,-4,1,1,16,7,6,4,6,2,0,6,2.5,0,0.0,0,0,0,Pathfinder Society Scenario #1-04: Bandits of Immenwood,-1,Osprey
3770,-3,3,1,-4,1,-2,14,12,5,2,7,4,0,0,0.0,0,0.0,0,0,0,Pathfinder Society Scenario #1-04: Bandits of Immenwood,1,Rabid Squirrel Swarm
3771,1,4,2,-3,1,1,18,17,8,5,7,2,0,7,2.5,0,0.0,0,0,0,Pathfinder Society Scenario #1-04: Bandits of Immenwood,0,Reefclaw Spawn
3772,-3,3,1,-4,1,-2,14,12,5,2,7,4,0,0,0.0,0,0.0,0,0,0,Pathfinder Society Scenario #1-04: Bandits of Immenwood,1,Squirrel Swarm (1-04)
3773,2,2,2,0,2,1,18,40,7,6,7,7,2,9,5.5,0,0.0,1,16,8,Pathfinder Society Scenario #1-04: Bandits of Immenwood,3,Vengeant Thorn (1-2)
3774,2,2,2,0,3,1,19,60,13,8,9,10,2,11,5.5,0,0.0,2,18,10,Pathfinder Society Scenario #1-04: Bandits of Immenwood,5,Vengeant Thorn (3-4)
3767,0,3,1,0,3,0,17,15,8,4,6,8,1,3,3.5,6,5.5,1,16,8,Pathfinder Society Scenario #1-04: Bandits of Immenwood,0,Halfling Druid (1-2)
3764,2,3,2,-4,1,0,16,30,4,5,6,4,0,8,5.5,0,0.0,0,0,0,Pathfinder Society Scenario #1-04: Bandits of Immenwood,0,Animal Companion (Wolf) (3-4)
3763,2,3,2,-4,1,0,16,14,4,5,6,4,0,6,5.5,0,0.0,0,0,0,Pathfinder Society Scenario #1-04: Bandits of Immenwood,0,Animal Companion (Wolf) (1-2)
3768,2,3,1,0,3,0,19,35,10,6,8,10,2,5,3.5,8,5.5,2,17,9,Pathfinder Society Scenario #1-04: Bandits of Immenwood,2,Halfling Druid (3-4)
3766,3,4,1,-4,1,1,19,45,8,6,11,8,0,12,10.5,0,0.0,0,0,0,Pathfinder Society Scenario #1-04: Bandits of Immenwood,3,Giant Osprey
3954,2,4,1,0,2,0,18,30,5,8,11,5,0,11,4.5,11,4.5,0,0,0,Pathfinder Society Quest #2: Unforgiving Fire,2,Meleeka Sanvara (1-2)
3944,0,3,1,0,-1,1,15,8,2,5,8,2,0,6,3.5,6,3.5,0,0,0,Pathfinder Society Quest #2: Unforgiving Fire,-1,Bandit Disciple (1-2)
3945,0,3,1,0,-1,1,18,30,5,8,11,5,0,9,3.5,9,3.5,0,0,0,Pathfinder Society Quest #2: Unforgiving Fire,2,Bandit Disciple (3-4)
3955,2,4,1,0,2,0,21,60,8,11,14,8,0,14,4.5,14,10.5,0,0,0,Pathfinder Society Quest #2: Unforgiving Fire,4,Meleeka Sanvara (3-4)
3778,3,2,3,-4,2,0,14,16,4,7,4,4,0,5,5.5,0,0.0,0,0,0,Pathfinder Society Scenario #1-05: Trailblazers' Bounty,0,Mountain Goat
3776,1,4,2,-4,3,-1,18,45,10,10,12,8,0,0,0.0,0,0.0,0,0,0,Pathfinder Society Scenario #1-05: Trailblazers' Bounty,4,Enraged Raven Swarm
3775,5,4,4,-1,2,2,21,60,12,12,10,8,0,13,10.5,0,0.0,0,0,0,Pathfinder Society Scenario #1-05: Trailblazers' Bounty,4,Dire Warg
3784,4,4,3,-4,2,0,16,20,5,8,7,5,0,7,6.5,0,0.0,0,0,0,Pathfinder Society Scenario #1-05: Trailblazers' Bounty,1,Tough Mountain Goat
3783,3,3,2,-4,1,-3,16,20,5,8,9,5,0,8,6.5,0,0.0,0,0,0,Pathfinder Society Scenario #1-05: Trailblazers' Bounty,1,Tough Giant Shrew
3782,1,4,1,-4,3,-3,16,19,10,7,10,7,0,0,0.0,0,0.0,0,0,0,Pathfinder Society Scenario #1-05: Trailblazers' Bounty,2,Raven Swarm (1-05)
3785,3,2,3,-1,1,0,15,8,5,6,4,2,0,7,5.5,0,0.0,0,0,0,Pathfinder Society Scenario #1-05: Trailblazers' Bounty,-1,Wounded Orc Brute
3780,5,-1,4,-2,0,-2,16,35,5,10,5,4,0,11,9.5,0,0.0,0,0,0,Pathfinder Society Scenario #1-05: Trailblazers' Bounty,2,Ogre
3779,6,-1,4,-2,0,-2,18,70,6,14,7,6,0,14,12.5,0,0.0,0,0,0,Pathfinder Society Scenario #1-05: Trailblazers' Bounty,4,Ogre Glutton (PFS 1-05)
3777,1,3,2,-4,1,-3,15,8,5,6,7,3,0,7,3.5,0,0.0,0,0,0,Pathfinder Society Scenario #1-05: Trailblazers' Bounty,-1,Giant Shrew
3781,2,3,3,3,0,-1,17,20,6,8,8,3,0,7,4.5,0,0.0,0,0,0,Pathfinder Society Scenario #1-05: Trailblazers' Bounty,1,Orc Alchemist
134,4,4,3,0,2,-1,22,75,11,12,15,9,0,15,10.5,15,6.5,0,0,0,Pathfinder #147: Tomorrow Must Burn,5,Mercenary Sailor
127,2,4,2,5,2,4,28,170,17,17,19,19,2,21,10.5,0,0.0,6,22,14,Pathfinder #147: Tomorrow Must Burn,11,Barushak Il-Varashma
128,5,2,4,-4,2,-2,23,98,15,16,14,10,0,17,17.0,0,0.0,0,0,0,Pathfinder #147: Tomorrow Must Burn,6,Blood Boar
129,6,1,6,-4,1,-1,27,135,16,19,14,16,0,20,18.0,0,0.0,0,0,0,Pathfinder #147: Tomorrow Must Burn,9,Ghastly Bear
130,3,2,3,1,1,4,28,155,14,21,15,18,1,19,16.0,0,0.0,5,27,19,Pathfinder #147: Tomorrow Must Burn,9,Heuberk Thropp
131,6,2,4,5,3,4,34,200,22,21,21,22,1,26,17.0,25,19.0,7,34,26,Pathfinder #147: Tomorrow Must Burn,13,Jaggaki
132,7,1,5,2,3,3,30,200,19,21,17,19,1,23,20.0,0,0.0,4,27,19,Pathfinder #147: Tomorrow Must Burn,10,Kalavakus
135,0,5,1,4,3,4,30,160,20,17,21,19,0,22,18.0,22,9.5,3,29,23,Pathfinder #147: Tomorrow Must Burn,10,Mialari Docur
133,4,5,3,1,3,4,35,235,24,23,25,22,0,26,19.0,27,22.5,0,0,0,Pathfinder #147: Tomorrow Must Burn,13,Laslunn
137,6,7,3,6,6,8,39,295,32,25,29,30,1,31,31.5,0,0.0,9,38,30,Pathfinder #147: Tomorrow Must Burn,16,Precentor
138,-5,3,0,3,7,5,29,135,22,14,21,23,0,22,22.0,0,0.0,0,0,0,Pathfinder #147: Tomorrow Must Burn,10,Remnant of Barzillai
139,7,5,5,4,6,5,30,155,22,22,16,19,1,23,22.0,0,0.0,5,0,0,Pathfinder #147: Tomorrow Must Burn,10,Rusty Mae
140,5,3,5,0,5,2,30,180,19,20,17,19,0,22,12.0,21,15.0,0,0,0,Pathfinder #147: Tomorrow Must Burn,10,Scarlet Triad Bruiser
141,0,4,3,4,2,1,27,135,16,17,18,14,0,19,13.5,19,15.0,0,0,0,Pathfinder #147: Tomorrow Must Burn,8,Scarlet Triad Poisoner
142,2,4,2,0,0,2,25,95,12,10,14,12,0,17,8.5,0,0.0,0,0,0,Pathfinder #147: Tomorrow Must Burn,6,Scarlet Triad Sneak
143,4,5,3,1,4,0,32,195,23,20,22,21,0,22,13.5,23,17.0,0,0,0,Pathfinder #147: Tomorrow Must Burn,11,Scarlet Triad Sniper
144,4,2,3,0,2,2,25,120,13,18,12,15,0,18,17.0,0,0.0,0,0,0,Pathfinder #147: Tomorrow Must Burn,7,Scarlet Triad Thug
145,5,6,4,5,3,4,33,185,22,22,22,23,1,24,24.5,0,0.0,6,32,24,Pathfinder #147: Tomorrow Must Burn,12,Vaklish
136,2,5,1,1,4,3,31,185,21,18,24,21,0,22,10.5,23,21.5,0,0,0,Pathfinder #147: Tomorrow Must Burn,11,Nolly Peltry
114,6,2,3,4,3,6,27,135,15,18,15,18,1,20,16.0,0,0.0,3,26,18,Pathfinder #146: Cult of Cinders,8,Bida
115,4,3,2,0,5,3,23,90,15,14,12,15,1,17,15.0,0,0.0,3,25,17,Pathfinder #146: Cult of Cinders,6,Charau-ka Dragon Priest
116,3,3,0,1,2,0,19,26,8,6,9,6,1,11,5.5,11,4.5,0,16,8,Pathfinder #146: Cult of Cinders,2,Ekujae Guardian
117,3,4,5,0,-1,6,26,135,19,17,16,11,0,19,11.0,0,0.0,0,0,0,Pathfinder #146: Cult of Cinders,8,Gerhard Pendergrast
118,1,4,2,0,3,-1,20,44,10,9,11,10,0,11,6.5,11,5.5,0,0,0,Pathfinder #146: Cult of Cinders,3,Grippli Archer
119,2,4,1,1,4,0,21,71,13,10,13,13,1,13,6.5,0,0.0,2,23,13,Pathfinder #146: Cult of Cinders,5,Grippli Greenspeaker
124,1,3,0,3,2,4,23,74,12,8,13,12,2,15,11.0,16,12.0,3,24,14,Pathfinder #146: Cult of Cinders,6,Nketiah
121,4,4,1,1,2,3,28,135,14,16,17,15,2,19,12.0,19,7.5,3,25,17,Pathfinder #146: Cult of Cinders,8,Jahsi
122,5,-3,4,-5,-5,-5,13,175,7,18,7,5,0,17,17.0,0,0.0,0,0,0,Pathfinder #146: Cult of Cinders,6,Living Sap
123,6,1,5,-5,2,-4,21,135,14,15,13,10,0,17,14.5,0,0.0,0,0,0,Pathfinder #146: Cult of Cinders,6,Mud Spider
125,6,3,5,0,4,1,27,135,16,19,13,16,0,20,18.0,0,0.0,0,0,0,Pathfinder #146: Cult of Cinders,8,Racharak
126,6,3,5,0,4,1,27,135,16,19,13,16,0,19,22.5,0,0.0,0,0,0,Pathfinder #146: Cult of Cinders,8,Spawn of Dahak
120,-1,4,2,6,2,3,27,122,14,14,18,16,0,19,4.5,20,6.5,0,0,0,Pathfinder #146: Cult of Cinders,8,Hezle
113,5,3,3,-1,3,6,28,145,18,18,16,18,1,20,18.0,0,0.0,5,27,19,Pathfinder #146: Cult of Cinders,9,Belmazog
3727,0,4,1,5,2,0,22,75,11,12,15,9,0,15,7.5,16,9.0,0,0,0,Pathfinder Society Scenario #1-00: Origin of the Open Road,5,Bijan And Zaynap Ohrlavi
915,1,3,2,-4,1,-3,16,15,5,6,7,3,0,7,5.5,0,0.0,0,0,0,Pathfinder Adventure: The Fall of Plaguestone,0,Icy Rat
925,2,3,2,-4,0,0,16,15,4,6,7,4,0,7,6.5,0,0.0,0,0,0,Pathfinder Adventure: The Fall of Plaguestone,0,Vine Lasher
922,5,1,4,0,0,-2,17,60,7,11,6,7,0,12,12.0,0,0.0,0,0,0,Pathfinder Adventure: The Fall of Plaguestone,3,The Behemoth
921,5,2,4,2,1,0,20,65,11,12,10,9,0,14,9.5,0,0.0,0,0,0,Pathfinder Adventure: The Fall of Plaguestone,4,The Amalgam
920,4,1,5,-4,2,-1,16,30,6,11,5,8,0,10,8.5,0,0.0,0,0,0,Pathfinder Adventure: The Fall of Plaguestone,2,Stone Horse
918,4,4,2,-4,2,-2,19,45,9,9,11,7,0,11,12.0,0,0.0,0,0,0,Pathfinder Adventure: The Fall of Plaguestone,3,Mutant Wolf
917,1,2,0,-4,1,-2,15,8,5,4,6,3,0,6,4.5,0,0.0,0,0,0,Pathfinder Adventure: The Fall of Plaguestone,-1,Mangy Wolf
916,5,2,3,-1,1,0,21,68,9,11,8,9,0,14,10.5,0,0.0,0,0,0,Pathfinder Adventure: The Fall of Plaguestone,4,Lord Nar
924,1,4,2,4,1,0,22,68,10,11,13,8,0,14,6.0,13,4.5,0,0,0,Pathfinder Adventure: The Fall of Plaguestone,5,Vilree
914,4,3,1,0,2,0,19,44,9,8,10,7,0,12,9.5,10,7.5,0,0,0,Pathfinder Adventure: The Fall of Plaguestone,3,Hallod
913,3,4,3,1,2,0,21,47,9,10,11,7,0,11,7.5,11,7.5,0,0,0,Pathfinder Adventure: The Fall of Plaguestone,3,Graytusk
912,2,4,3,-4,1,-2,19,27,7,7,10,7,0,11,9.0,0,0.0,0,0,0,Pathfinder Adventure: The Fall of Plaguestone,2,Giant Lightning Serpent
923,1,3,3,4,1,0,21,54,9,11,11,7,0,9,3.5,12,4.5,0,0,0,Pathfinder Adventure: The Fall of Plaguestone,4,The Sculptor
910,3,1,1,1,0,1,13,16,2,5,3,2,0,5,5.5,1,5.0,0,0,0,Pathfinder Adventure: The Fall of Plaguestone,-1,Drunken Farmer
909,2,4,2,-4,2,2,18,30,8,8,10,6,0,11,8.0,0,0.0,0,0,0,Pathfinder Adventure: The Fall of Plaguestone,2,Caustic Wolf
908,4,2,4,-4,0,0,16,35,6,10,8,6,0,11,8.5,0,0.0,0,0,0,Pathfinder Adventure: The Fall of Plaguestone,2,Bloodlash Bush
907,5,-4,5,-5,0,-5,12,90,8,15,6,6,0,15,18.0,0,0.0,0,0,0,Pathfinder Adventure: The Fall of Plaguestone,4,Blood Ooze
906,-1,4,1,-5,1,-4,17,18,5,4,9,4,0,0,0.0,0,0.0,0,0,0,Pathfinder Adventure: The Fall of Plaguestone,1,Bee Swarm
905,2,4,1,2,0,-2,18,30,6,7,10,6,0,10,6.5,0,0.0,0,0,0,Pathfinder Adventure: The Fall of Plaguestone,2,Alchemical Drudge
911,1,3,1,-4,1,-2,17,17,6,6,8,4,0,8,4.5,0,0.0,0,0,0,Pathfinder Adventure: The Fall of Plaguestone,1,Fiery Leopard
2459,6,1,6,1,3,1,29,215,21,20,15,21,0,23,0.0,0,0.0,0,0,0,Pathfinder Bestiary,10,Roper
2458,7,2,5,-3,1,-2,25,120,14,18,15,10,0,18,15.5,0,0.0,0,0,0,Pathfinder Bestiary,7,Remorhaz
2457,6,1,4,1,2,3,30,210,20,21,18,19,1,23,23.0,0,0.0,0,27,19,Pathfinder Bestiary,10,Red Dragon (Young)
2456,6,1,4,1,2,3,30,210,20,21,18,19,1,23,23.0,0,0.0,4,27,19,Pathfinder Bestiary,10,"Red Dragon (Young, Spellcaster)"
2455,9,5,8,5,6,7,45,425,35,35,32,35,1,37,35.0,0,0.0,4,42,34,Pathfinder Bestiary,19,Red Dragon (Ancient)
2445,6,2,4,-2,2,-2,20,70,10,12,8,10,0,14,9.5,0,0.0,0,0,0,Pathfinder Bestiary,4,Otyugh
2448,-1,4,0,1,2,2,17,25,7,4,10,7,1,9,5.0,0,0.0,4,17,9,Pathfinder Bestiary,1,Quasit
2451,4,6,4,2,1,5,30,155,19,19,21,18,1,23,17.0,0,0.0,5,31,23,Pathfinder Bestiary,10,Raja Rakshasa
2452,7,3,6,3,4,5,37,305,26,28,25,26,1,29,31.5,0,0.0,6,35,27,Pathfinder Bestiary,14,"Red Dragon (Adult, Spellcaster)"
2454,9,5,8,5,6,7,45,425,35,35,32,35,1,37,35.0,0,0.0,9,42,34,Pathfinder Bestiary,19,"Red Dragon (Ancient, Spellcaster)"
2453,7,3,6,3,4,5,37,305,26,28,25,26,1,29,31.5,0,0.0,4,35,27,Pathfinder Bestiary,14,Red Dragon (Adult)
2446,6,1,5,-4,3,0,21,70,13,13,7,11,0,14,12.5,0,0.0,0,0,0,Pathfinder Bestiary,4,Owlbear
2378,5,3,4,2,3,1,22,80,12,13,12,12,0,14,14.0,0,0.0,0,0,0,Pathfinder Bestiary,5,Cloaker
2339,1,4,0,-2,0,0,16,12,3,3,19,7,1,9,4.5,0,0.0,2,17,9,Pathfinder Bestiary,1,Air Mephit
5376,7,2,6,-4,2,0,25,190,17,21,13,15,0,20,23.0,0,0.0,0,0,0,Pathfinder Bestiary,9,Kugaptee's Drakauthix
2350,6,3,4,1,2,2,25,125,15,17,12,15,0,19,16.0,0,0.0,3,25,18,Pathfinder Bestiary,7,"Black Dragon (Young, Spellcaster)"
2349,8,5,6,4,5,5,39,325,30,30,27,29,1,33,27.5,0,0.0,2,37,29,Pathfinder Bestiary,16,Black Dragon (Ancient)
2348,8,5,6,4,5,5,39,325,30,30,27,29,1,33,27.5,0,0.0,7,37,32,Pathfinder Bestiary,16,"Black Dragon (Ancient, Spellcaster)"
2347,7,3,5,2,3,3,31,215,22,23,18,21,1,25,24.0,0,0.0,2,30,22,Pathfinder Bestiary,11,Black Dragon (Adult)
2346,7,3,5,2,3,3,31,215,22,23,18,21,1,25,24.0,0,0.0,5,30,24,Pathfinder Bestiary,11,"Black Dragon (Adult, Spellcaster)"
2344,4,2,4,-2,2,1,22,60,13,15,11,11,1,15,10.5,0,0.0,4,19,11,Pathfinder Bestiary,5,Barbazu
2343,9,7,9,6,6,8,45,480,36,39,35,34,1,40,31.0,0,0.0,7,44,36,Pathfinder Bestiary,20,Balor
2342,6,4,4,1,4,3,24,85,15,16,12,14,0,16,15.0,0,0.0,8,23,15,Pathfinder Bestiary,6,Annis Hag
2341,5,1,6,3,5,4,23,135,17,15,10,16,1,16,19.0,0,0.0,7,25,17,Pathfinder Bestiary,7,Alghollthu Master
2340,6,4,3,-5,0,-5,27,150,15,20,19,15,0,22,17.0,0,0.0,0,0,0,Pathfinder Bestiary,9,Alchemical Golem
2460,0,3,1,-4,1,0,19,40,8,8,10,6,0,10,0.0,0,0.0,0,0,0,Pathfinder Bestiary,3,Rust Monster
2338,9,-1,9,-5,0,-5,42,255,26,33,27,29,0,35,33.5,0,0.0,0,0,0,Pathfinder Bestiary,18,Adamantine Golem
2337,4,1,3,0,2,3,23,73,11,12,8,11,1,15,11.5,12,7.5,1,20,12,Pathfinder Bestiary,5,Aasimar Redeemer
2377,6,-1,6,-5,0,-5,29,175,16,23,16,17,0,24,23.0,0,0.0,0,0,0,Pathfinder Bestiary,10,Clay Golem
2503,9,5,6,0,5,-1,39,291,30,34,30,25,1,33,39.0,29,31.0,6,37,31,Pathfinder Bestiary,16,Zaramuun
2461,4,3,4,2,2,1,26,125,15,15,16,13,0,18,18.0,0,0.0,0,0,0,Pathfinder Bestiary,7,Salamander
2469,7,3,4,3,4,5,37,295,26,26,23,28,1,29,26.5,0,0.0,1,33,25,Pathfinder Bestiary,14,Silver Dragon (Adult)
2463,4,1,3,0,1,0,21,60,7,13,11,9,0,14,10.5,0,0.0,0,0,0,Pathfinder Bestiary,4,Sea Devil Brute
2485,7,-1,4,-5,0,-5,30,175,17,24,18,19,0,24,24.0,0,0.0,0,0,0,Pathfinder Bestiary,11,Stone Golem
2486,8,1,6,3,5,2,34,235,24,28,21,23,1,28,32.5,37,27.0,6,33,25,Pathfinder Bestiary,13,Storm Giant
2487,4,7,4,-1,3,0,30,120,18,15,20,16,0,20,23.0,20,17.0,0,0,0,Pathfinder Bestiary,9,Storm Lord
2488,5,5,5,-1,3,0,28,155,18,18,21,15,0,21,24.0,0,0.0,0,0,0,Pathfinder Bestiary,9,Tidal Master
2489,7,3,7,-1,1,4,28,220,19,23,17,15,0,23,22.0,0,0.0,0,0,0,Pathfinder Bestiary,10,Troll King
2491,7,7,4,-1,-2,3,36,250,20,28,29,22,0,29,30.5,29,37.5,0,0,0,Pathfinder Bestiary,14,Uthul
2492,6,3,5,2,3,3,28,185,18,20,18,15,1,21,23.0,0,0.0,4,26,18,Pathfinder Bestiary,9,Vrock
2493,1,3,1,-2,0,0,16,20,3,7,11,4,1,8,4.5,0,0.0,2,17,9,Pathfinder Bestiary,1,Water Mephit
2494,4,4,3,1,3,-1,19,45,10,10,11,8,0,11,0.0,0,0.0,0,0,0,Pathfinder Bestiary,3,Web Lurker
2495,8,7,9,6,5,6,40,315,32,32,30,26,1,33,32.5,0,0.0,8,38,30,Pathfinder Bestiary,17,Wendigo
2496,7,2,5,1,2,1,29,215,20,22,19,17,1,23,22.0,0,0.0,4,27,19,Pathfinder Bestiary,10,"White Dragon (Adult, Spellcaster)"
2497,7,2,5,1,2,1,29,215,20,22,19,17,1,23,22.0,0,0.0,2,27,19,Pathfinder Bestiary,10,White Dragon (Adult)
2498,8,3,7,2,3,3,36,330,30,30,26,24,1,31,32.5,0,0.0,6,36,28,Pathfinder Bestiary,15,"White Dragon (Ancient, Spellcaster)"
2499,8,3,7,2,3,3,36,330,30,30,26,24,1,31,32.5,0,0.0,5,36,28,Pathfinder Bestiary,15,White Dragon (Ancient)
2500,6,2,4,-1,1,0,23,115,13,16,14,11,0,17,16.0,0,0.0,2,24,16,Pathfinder Bestiary,6,"White Dragon (Young, Spellcaster)"
2501,6,2,4,-1,1,0,23,115,13,16,14,11,0,17,16.0,0,0.0,0,0,0,Pathfinder Bestiary,6,White Dragon (Young)
2484,-2,4,3,0,2,0,20,23,8,7,10,6,1,10,5.5,0,0.0,3,18,8,Pathfinder Bestiary,2,Soulbound Doll (True Neutral)
2462,5,2,4,0,3,2,24,95,13,16,14,13,0,17,15.5,0,0.0,0,0,0,Pathfinder Bestiary,6,Sea Devil Baron
2483,-2,4,3,0,2,0,20,23,8,7,10,6,1,10,5.5,0,0.0,3,18,8,Pathfinder Bestiary,2,Soulbound Doll (Neutral Good)
2481,-2,4,3,0,2,0,20,23,8,7,10,6,1,10,5.5,0,0.0,3,18,8,Pathfinder Bestiary,2,Soulbound Doll (Lawful Neutral)
2464,3,4,1,0,3,-1,18,30,9,7,10,7,0,12,6.5,0,0.0,0,0,0,Pathfinder Bestiary,2,Sea Devil Scout
2465,6,1,4,3,2,3,25,110,15,18,12,15,1,20,17.5,0,0.0,7,24,16,Pathfinder Bestiary,7,Shaitan
2467,5,1,7,2,3,3,31,125,19,23,15,19,1,22,17.0,0,0.0,5,27,19,Pathfinder Bestiary,10,Shield Archon
2468,7,3,4,3,4,5,37,295,26,26,23,28,1,29,26.5,0,0.0,6,33,25,Pathfinder Bestiary,14,"Silver Dragon (Adult, Spellcaster)"
2351,6,3,4,1,2,2,25,125,15,17,12,15,0,19,16.0,0,0.0,0,0,0,Pathfinder Bestiary,7,Black Dragon (Young)
2470,9,4,5,5,5,7,45,410,32,34,31,34,1,37,35.0,0,0.0,8,40,32,Pathfinder Bestiary,19,"Silver Dragon (Ancient, Spellcaster)"
2471,9,4,5,5,5,7,45,410,32,34,31,34,1,37,35.0,0,0.0,1,40,32,Pathfinder Bestiary,19,Silver Dragon (Ancient)
2472,6,2,3,2,4,4,31,200,20,20,17,21,1,23,21.0,0,0.0,4,28,20,Pathfinder Bestiary,10,"Silver Dragon (Young, Spellcaster)"
2473,6,2,3,2,4,4,31,200,20,20,17,21,1,23,21.0,0,0.0,1,28,20,Pathfinder Bestiary,10,Silver Dragon (Young)
2474,8,3,6,3,6,5,41,350,32,30,29,32,1,34,28.0,34,35.0,5,42,34,Pathfinder Bestiary,18,Simurgh
2475,4,1,3,0,0,-2,16,40,6,7,7,4,0,10,9.0,0,0.0,0,0,0,Pathfinder Bestiary,2,Skum
2476,-2,4,3,0,2,0,20,23,8,7,10,6,1,10,5.5,0,0.0,3,18,8,Pathfinder Bestiary,2,Soulbound Doll (Chaotic Evil)
2477,-2,4,3,0,2,0,20,23,8,7,10,6,1,10,5.5,0,0.0,3,18,8,Pathfinder Bestiary,2,Soulbound Doll (Chaotic Good)
2478,-2,4,3,0,2,0,20,23,8,7,10,6,1,10,5.5,0,0.0,3,18,8,Pathfinder Bestiary,2,Soulbound Doll (Chaotic Neutral)
2479,-2,4,3,0,2,0,20,23,8,7,10,6,1,10,5.5,0,0.0,3,18,8,Pathfinder Bestiary,2,Soulbound Doll (Lawful Evil)
2480,-2,4,3,0,2,0,20,23,8,7,10,6,1,10,5.5,0,0.0,3,18,8,Pathfinder Bestiary,2,Soulbound Doll (Lawful Good)
2482,-2,4,3,0,2,0,20,23,8,7,10,6,1,10,5.5,0,0.0,3,18,8,Pathfinder Bestiary,2,Soulbound Doll (Neutral Evil)
2352,7,-5,7,-5,0,-5,14,165,9,18,6,11,0,18,23.0,0,0.0,0,0,0,Pathfinder Bestiary,7,Black Pudding
2502,6,0,5,0,2,0,25,115,15,18,11,13,0,18,15.0,0,0.0,0,0,0,Pathfinder Bestiary,7,Xorn
2354,6,3,4,4,3,5,34,260,24,24,23,23,1,27,25.5,0,0.0,6,33,25,Pathfinder Bestiary,13,"Blue Dragon (Adult, Spellcaster)"
2428,8,-1,4,-5,0,-5,34,190,21,26,21,22,0,28,28.5,0,0.0,0,0,0,Pathfinder Bestiary,13,Iron Golem
2427,3,4,3,1,3,1,22,65,11,11,10,11,1,11,15.5,14,12.0,5,21,13,Pathfinder Bestiary,4,Horned Archon
2426,6,1,4,-4,2,-2,29,120,16,18,15,14,0,20,22.0,17,17.5,0,0,0,Pathfinder Bestiary,8,Hive Mother
2425,6,0,4,-2,2,0,24,140,13,17,12,13,0,19,7.5,19,18.5,0,0,0,Pathfinder Bestiary,7,Hill Giant
2424,5,6,5,3,5,4,31,175,22,20,21,22,1,22,17.0,22,0.0,5,29,21,Pathfinder Bestiary,10,Guardian Naga
2423,-2,4,1,0,2,4,17,20,7,6,9,9,1,9,0.5,9,4.5,2,18,10,Pathfinder Bestiary,1,Grig
2429,4,2,2,2,3,1,20,60,11,12,10,11,1,14,12.5,12,8.5,7,21,13,Pathfinder Bestiary,4,Janni
2422,5,3,3,2,2,4,21,70,10,11,11,12,1,14,10.5,0,0.0,8,23,15,Pathfinder Bestiary,4,Green Hag
2420,5,1,3,2,2,4,28,135,16,16,16,17,1,20,17.0,0,0.0,3,26,18,Pathfinder Bestiary,8,"Green Dragon (Young, Spellcaster)"
2419,7,4,5,6,5,6,41,315,30,30,29,32,1,33,31.5,0,0.0,6,39,31,Pathfinder Bestiary,17,Green Dragon (Ancient)
2418,7,4,5,6,5,6,41,315,30,30,29,32,1,33,31.5,0,0.0,8,39,31,Pathfinder Bestiary,17,"Green Dragon (Ancient, Spellcaster)"
2417,6,3,3,4,4,5,34,215,22,20,22,23,1,26,25.5,0,0.0,4,32,24,Pathfinder Bestiary,12,Green Dragon (Adult)
2416,6,3,3,4,4,5,34,215,22,20,22,23,1,26,25.5,0,0.0,5,32,24,Pathfinder Bestiary,12,"Green Dragon (Adult, Spellcaster)"
2415,6,2,4,3,3,5,25,105,16,17,15,12,1,17,15.0,0,0.0,4,25,17,Pathfinder Bestiary,7,Greater Barghest
2421,5,1,3,2,2,4,28,135,16,16,16,17,1,20,17.0,0,0.0,2,26,18,Pathfinder Bestiary,8,Green Dragon (Young)
2414,6,2,4,3,4,4,32,230,21,22,20,22,1,24,23.0,0,0.0,3,29,21,Pathfinder Bestiary,11,Gold Dragon (Young)
2432,-1,3,0,2,1,4,17,25,5,4,7,7,1,7,2.5,0,0.0,1,20,12,Pathfinder Bestiary,2,Kobold Dragon Mage (Blue)
2375,5,2,4,0,2,3,23,130,14,16,12,12,1,16,15.5,0,0.0,4,23,15,Pathfinder Bestiary,6,Ceustodaemon
2376,6,3,4,0,2,-1,28,100,15,18,15,12,0,19,18.0,0,0.0,0,0,0,Pathfinder Bestiary,7,Chuul
2444,4,-5,6,-5,0,-5,12,150,7,15,4,7,0,15,16.5,0,0.0,0,0,0,Pathfinder Bestiary,5,Ochre Jelly
2443,5,4,6,4,5,3,28,170,18,19,17,18,1,20,22.5,0,0.0,9,28,20,Pathfinder Bestiary,9,Night Hag
2442,10,3,9,4,9,9,45,350,36,38,32,38,0,40,40.0,0,0.0,0,0,0,Pathfinder Bestiary,21,Mu Spore
2441,8,6,6,4,4,7,40,380,30,31,29,27,1,35,29.5,0,0.0,6,38,30,Pathfinder Bestiary,17,Marilith
2431,-1,3,0,2,1,4,17,25,5,4,7,7,1,7,2.5,0,0.0,1,20,12,Pathfinder Bestiary,2,Kobold Dragon Mage (Black)
2440,5,5,4,1,3,3,28,145,18,18,21,17,1,21,20.0,0,0.0,7,28,20,Pathfinder Bestiary,9,Marid
2438,-5,3,1,-1,1,1,16,20,6,6,10,4,1,0,0.0,8,5.0,4,17,9,Pathfinder Bestiary,1,Lantern Archon
2437,5,2,4,1,2,5,27,100,15,17,11,15,1,18,19.5,18,15.0,4,24,16,Pathfinder Bestiary,7,Lantern Archon (Gestalt)
2436,7,4,5,1,4,2,34,215,23,23,24,22,1,26,25.5,0,0.0,8,32,24,Pathfinder Bestiary,12,Kolyarut
2435,-1,3,0,2,1,4,17,25,5,4,7,7,1,7,2.5,0,0.0,1,20,12,Pathfinder Bestiary,2,Kobold Dragon Mage (White)
2434,-1,3,0,2,1,4,17,25,5,4,7,7,1,7,2.5,0,0.0,1,20,12,Pathfinder Bestiary,2,Kobold Dragon Mage (Red)
2433,-1,3,0,2,1,4,17,25,5,4,7,7,1,7,2.5,0,0.0,1,20,12,Pathfinder Bestiary,2,Kobold Dragon Mage (Green)
2439,5,2,4,1,2,5,27,100,15,17,11,15,1,18,19.5,15,19.5,5,24,16,Pathfinder Bestiary,7,Legion Archon
2374,4,2,1,0,2,1,20,40,9,8,9,9,0,11,7.5,0,0.0,0,0,0,Pathfinder Bestiary,3,Centaur
2413,6,2,4,3,4,4,32,230,21,22,20,22,1,24,23.0,0,0.0,4,29,21,Pathfinder Bestiary,11,"Gold Dragon (Young, Spellcaster)"
2411,9,5,8,7,8,5,46,450,36,37,34,39,1,38,39.0,0,0.0,9,41,33,Pathfinder Bestiary,20,"Gold Dragon (Ancient, Spellcaster)"
2392,2,4,2,0,1,0,18,18,6,7,9,4,1,9,4.5,9,4.5,2,14,6,Pathfinder Bestiary,1,Drow Fighter
2391,4,3,3,2,3,4,24,95,13,13,13,15,1,16,13.5,16,12.5,4,20,12,Pathfinder Bestiary,6,Drider
2390,7,2,6,-4,2,0,25,190,17,21,13,15,0,20,22.5,0,0.0,0,0,0,Pathfinder Bestiary,9,Drakauthix
2389,3,3,0,1,2,4,18,50,7,5,10,11,1,10,12.0,0,0.0,3,21,13,Pathfinder Bestiary,3,Doppelganger
2388,4,5,2,2,2,4,22,71,13,9,14,11,1,16,12.5,15,10.5,7,23,15,Pathfinder Bestiary,5,Djinni
2387,-3,4,0,7,-2,5,38,220,19,23,27,23,1,27,20.5,0,0.0,9,40,30,Pathfinder Bestiary,15,Demilich
2393,1,2,1,0,4,1,20,39,9,8,7,11,1,9,5.5,9,3.5,3,17,9,Pathfinder Bestiary,3,Drow Priestess
2386,2,6,4,3,2,3,27,115,15,15,17,15,1,19,14.0,0,0.0,4,25,17,Pathfinder Bestiary,7,Dark Naga
2384,5,3,2,2,2,3,27,150,16,16,17,16,1,20,15.0,0,0.0,1,27,19,Pathfinder Bestiary,8,Copper Dragon (Young)
2383,5,3,2,2,2,3,27,150,16,16,17,16,1,20,15.0,0,0.0,3,27,19,Pathfinder Bestiary,8,"Copper Dragon (Young, Spellcaster)"
2382,8,5,5,6,5,6,41,345,30,30,32,32,1,33,32.5,0,0.0,5,39,31,Pathfinder Bestiary,17,Copper Dragon (Ancient)
2381,8,5,5,6,5,6,41,345,30,30,32,32,1,33,32.5,0,0.0,8,39,31,Pathfinder Bestiary,17,"Copper Dragon (Ancient, Spellcaster)"
2380,6,3,4,4,3,5,33,235,23,23,22,22,1,26,25.5,0,0.0,4,33,25,Pathfinder Bestiary,12,Copper Dragon (Adult)
2379,6,3,4,4,3,5,33,235,23,23,22,22,1,26,25.5,0,0.0,5,33,25,Pathfinder Bestiary,12,"Copper Dragon (Adult, Spellcaster)"
2385,1,4,3,1,1,3,23,60,12,12,13,10,1,15,9.0,0,0.0,4,19,11,Pathfinder Bestiary,5,Dandasuka
2412,9,5,8,7,8,5,46,450,36,37,34,39,1,38,39.0,0,0.0,7,41,33,Pathfinder Bestiary,20,Gold Dragon (Ancient)
2394,2,4,2,0,0,1,19,26,6,6,10,6,1,10,7.5,10,3.5,2,16,8,Pathfinder Bestiary,2,Drow Rogue
2396,5,3,4,1,2,4,28,175,17,18,17,20,1,21,25.0,0,0.0,7,29,19,Pathfinder Bestiary,9,Efreeti
2410,7,3,6,5,6,4,38,330,29,28,25,28,1,30,31.5,0,0.0,7,35,27,Pathfinder Bestiary,15,Gold Dragon (Adult)
2409,7,3,6,5,6,4,38,330,29,28,25,28,1,30,31.5,0,0.0,7,35,27,Pathfinder Bestiary,15,"Gold Dragon (Adult, Spellcaster)"
2408,7,2,7,3,3,7,34,280,24,26,19,24,1,27,36.0,0,0.0,7,34,26,Pathfinder Bestiary,13,Glabrezu
2407,2,3,4,-3,3,0,21,120,15,15,12,10,0,14,16.5,14,14.0,0,0,0,Pathfinder Bestiary,5,Gibbering Mouther
2405,1,4,1,1,2,2,16,20,7,4,9,5,0,9,3.5,0,0.0,0,0,0,Pathfinder Bestiary,1,Ghoul
2395,3,-1,2,-2,0,-1,15,20,3,8,4,3,1,8,6.5,0,0.0,3,17,9,Pathfinder Bestiary,1,Earth Mephit
2404,3,4,2,1,2,3,18,30,8,6,10,8,0,11,7.5,0,0.0,0,0,0,Pathfinder Bestiary,2,Ghast
2402,6,5,5,8,5,4,34,215,26,24,24,26,1,28,24.5,0,0.0,5,33,25,Pathfinder Bestiary,13,Gelugon
2401,4,-5,5,-5,0,-5,10,90,5,12,0,5,0,11,3.5,0,0.0,0,0,0,Pathfinder Bestiary,3,Gelatinous Cube
2400,5,-1,3,-5,0,-5,26,140,12,18,14,15,0,20,18.0,0,0.0,0,0,0,Pathfinder Bestiary,8,Flesh Golem
2399,0,4,0,-2,0,2,17,16,3,3,9,7,1,9,6.0,0,0.0,0,15,7,Pathfinder Bestiary,1,Fire Mephit
2398,6,-1,4,-2,2,0,21,110,16,16,11,12,0,16,13.5,0,0.0,0,0,0,Pathfinder Bestiary,6,Ettin
2397,5,5,5,2,4,5,27,120,18,17,19,16,1,19,16.0,20,16.5,6,26,18,Pathfinder Bestiary,8,Erinys
2403,7,4,5,3,4,5,34,235,25,26,20,23,1,28,26.0,25,13.0,7,33,25,Pathfinder Bestiary,13,Ghaele
2353,-4,3,0,-5,1,-2,16,6,6,5,8,4,0,8,0.0,0,0.0,0,0,0,Pathfinder Bestiary,-1,Bloodseeker
2373,4,3,4,-4,1,-1,19,45,10,9,12,6,0,11,8.5,0,0.0,0,0,0,Pathfinder Bestiary,3,Bunyip
2371,5,1,3,3,3,3,28,170,18,19,17,19,1,21,20.0,0,0.0,2,28,20,Pathfinder Bestiary,9,Bronze Dragon (Young)
2367,7,3,4,5,4,4,34,260,23,24,23,26,1,28,26.0,0,0.0,2,33,25,Pathfinder Bestiary,13,Bronze Dragon (Adult)
2366,7,3,4,5,4,4,34,260,23,24,23,26,1,28,26.0,0,0.0,6,33,25,Pathfinder Bestiary,13,"Bronze Dragon (Adult, Spellcaster)"
2365,5,2,3,1,1,2,25,125,15,16,15,14,1,19,15.0,0,0.0,2,25,17,Pathfinder Bestiary,7,Brass Dragon (Young)
2364,5,2,3,1,1,2,25,125,15,16,15,14,1,19,15.0,0,0.0,3,25,17,Pathfinder Bestiary,7,"Brass Dragon (Young, Spellcaster)"
2362,7,5,6,4,4,5,39,325,30,30,29,30,1,32,31.5,0,0.0,7,37,29,Pathfinder Bestiary,16,"Brass Dragon (Ancient, Spellcaster)"
2361,6,3,5,2,4,3,31,215,21,22,20,21,1,24,23.0,0,0.0,2,30,22,Pathfinder Bestiary,11,Brass Dragon (Adult)
2360,6,3,5,2,4,3,31,215,21,22,20,21,1,24,23.0,0,0.0,5,30,22,Pathfinder Bestiary,11,"Brass Dragon (Adult, Spellcaster)"
2359,5,2,3,1,3,3,28,170,18,19,18,19,1,21,20.0,0,0.0,1,28,20,Pathfinder Bestiary,9,Blue Dragon (Young)
2358,5,2,3,1,3,3,28,170,18,19,18,19,1,21,20.0,0,0.0,4,28,20,Pathfinder Bestiary,9,"Blue Dragon (Young, Spellcaster)"
2363,7,5,6,4,4,5,39,325,30,30,29,30,1,32,31.5,0,0.0,2,37,29,Pathfinder Bestiary,16,Brass Dragon (Ancient)
2357,7,4,6,7,5,7,42,370,31,32,30,33,1,35,31.5,0,0.0,7,43,35,Pathfinder Bestiary,18,Blue Dragon (Ancient)
2356,7,4,6,7,5,7,42,370,31,32,30,33,1,35,31.5,0,0.0,8,43,35,Pathfinder Bestiary,18,"Blue Dragon (Ancient, Spellcaster)"
2370,5,1,3,3,3,3,28,170,18,19,17,19,1,21,20.0,0,0.0,4,28,20,Pathfinder Bestiary,9,"Bronze Dragon (Young, Spellcaster)"
2355,6,3,4,4,3,5,34,260,24,24,23,23,1,27,25.5,0,0.0,2,33,25,Pathfinder Bestiary,13,Blue Dragon (Adult)
2368,8,4,6,7,6,6,43,360,32,32,30,34,1,35,32.5,0,0.0,8,40,32,Pathfinder Bestiary,18,"Bronze Dragon (Ancient, Spellcaster)"
2369,8,4,6,7,6,6,43,360,32,32,30,34,1,35,32.5,0,0.0,5,40,32,Pathfinder Bestiary,18,Bronze Dragon (Ancient)
3956,5,-3,3,-5,0,-2,15,60,4,10,3,6,0,11,11.5,0,0.0,0,0,0,Pathfinder Society Quest #1: The Sandstone Secret,2,Mummy Brute
3957,3,-2,0,-5,1,-2,12,15,3,4,0,3,0,7,7.5,0,0.0,0,0,0,Pathfinder Society Quest #1: The Sandstone Secret,-1,Mummy Shambler
3971,6,-1,6,-5,0,-5,24,80,13,15,8,7,0,17,17.0,17,11.0,0,0,0,Pathfinder Society Quest #1: The Sandstone Secret,6,Statue Of Set
97,4,1,3,0,1,0,20,34,7,9,7,5,0,10,10.5,0,0.0,0,0,0,Pathfinder #145: Hellknight Hill,2,Alak Stagram
105,3,-1,3,-3,1,0,17,20,4,8,2,4,0,8,5.5,0,0.0,0,0,0,Pathfinder #145: Hellknight Hill,1,Graveshell
106,-2,4,3,-1,1,1,16,20,10,4,6,10,0,0,0.0,9,4.5,0,0,0,Pathfinder #145: Hellknight Hill,1,Hellcrown
107,3,2,2,0,4,2,22,63,13,11,9,13,1,13,10.0,0,0.0,3,23,13,Pathfinder #145: Hellknight Hill,5,Malarunk
108,0,2,0,2,4,1,18,60,12,8,10,12,1,12,10.0,0,0.0,2,22,14,Pathfinder #145: Hellknight Hill,4,Renali
109,4,2,3,-1,0,1,20,25,7,9,8,4,0,11,9.5,0,0.0,0,0,0,Pathfinder #145: Hellknight Hill,2,Skeletal Hellknight
98,4,3,1,0,1,-1,18,19,6,6,9,4,0,9,8.5,8,3.5,0,0,0,Pathfinder #145: Hellknight Hill,1,Bloody Blade Mercenary
111,1,3,3,4,0,2,20,56,7,10,12,9,1,13,5.5,0,0.0,3,23,15,Pathfinder #145: Hellknight Hill,5,Voz Lirayne
112,-1,2,2,2,0,3,15,20,3,5,5,5,0,5,1.5,0,0.0,0,0,0,Pathfinder #145: Hellknight Hill,1,Warbal Bumblebrasher
99,2,4,1,-1,-1,2,20,35,6,6,11,6,0,9,6.5,9,3.5,0,0,0,Pathfinder #145: Hellknight Hill,3,Calmont
104,4,0,4,-3,1,-2,17,35,7,12,6,7,0,10,8.5,0,0.0,0,0,0,Pathfinder #145: Hellknight Hill,2,Grauladon
110,3,3,2,0,2,-1,19,40,9,9,10,7,0,12,0.0,0,0.0,0,0,0,Pathfinder #145: Hellknight Hill,3,Tixitog
103,2,3,0,-4,1,3,18,27,8,6,9,7,0,11,7.5,0,0.0,0,0,0,Pathfinder #145: Hellknight Hill,2,Emperor Bird
102,6,0,3,-1,1,2,22,60,13,12,7,10,1,15,12.5,0,0.0,2,19,11,Pathfinder #145: Hellknight Hill,5,Doorwarden
101,3,4,1,0,1,-1,22,52,14,10,12,9,0,13,10.0,12,4.5,0,0,0,Pathfinder #145: Hellknight Hill,4,Dmiri Yoltosha
100,3,3,2,-1,1,0,18,18,6,7,8,4,0,8,6.5,0,0.0,0,0,0,Pathfinder #145: Hellknight Hill,1,Charau-ka
3740,5,3,4,-3,0,0,22,75,9,15,12,9,0,15,12.0,0,0.0,0,0,0,Pathfinder Society Scenario #1-01: The Absalom Initiation,5,Fleshforge Prototype (Reach)
3741,5,3,4,-3,0,0,22,75,9,15,12,9,0,15,12.0,0,0.0,0,0,0,Pathfinder Society Scenario #1-01: The Absalom Initiation,5,Fleshforge Prototype (Roots)
3747,5,2,4,0,2,3,21,110,12,14,10,10,1,16,17.5,0,0.0,4,21,13,Pathfinder Society Scenario #1-01: The Absalom Initiation,5,Weak Ceustodaemon (PFS 1-01)
3746,5,-3,4,-5,0,-2,15,70,4,10,3,6,0,11,20.0,11,16.0,0,0,0,Pathfinder Society Scenario #1-01: The Absalom Initiation,3,Unkillable Zombie Brute (PFS 1-01)
3745,-3,3,0,-3,0,2,16,25,4,4,7,4,0,8,3.5,0,0.0,0,0,0,Pathfinder Society Scenario #1-01: The Absalom Initiation,0,Shadow Wisp
3744,-3,4,1,-3,1,3,19,60,8,8,11,8,0,12,9.0,0,0.0,0,0,0,Pathfinder Society Scenario #1-01: The Absalom Initiation,3,Greater Shadow Wisp
3743,0,3,1,0,-1,1,16,6,2,5,7,3,0,8,3.5,8,3.5,0,0,0,Pathfinder Society Scenario #1-01: The Absalom Initiation,-1,Goblin Warrior (PFS 1-01)
3738,5,3,4,-3,0,0,22,75,9,15,12,9,0,15,12.0,0,0.0,0,0,0,Pathfinder Society Scenario #1-01: The Absalom Initiation,5,Fleshforge Prototype (Breath Weapon)
3730,1,3,0,0,1,3,16,7,4,5,6,3,0,8,3.5,0,0.0,0,0,0,Pathfinder Society Scenario #1-01: The Absalom Initiation,-1,Crowd Leader
3731,4,3,3,-3,0,0,19,45,6,9,9,6,0,12,9.5,11,10.5,0,0,0,Pathfinder Society Scenario #1-01: The Absalom Initiation,3,Fleshforge Dreg (Acid Spit)
3732,4,3,3,-3,0,0,19,45,6,9,9,6,0,12,9.5,0,0.0,0,0,0,Pathfinder Society Scenario #1-01: The Absalom Initiation,3,Fleshforge Dreg (Breath Weapon)
3733,4,3,3,-3,0,0,19,45,6,9,9,6,0,12,9.5,0,0.0,0,0,0,Pathfinder Society Scenario #1-01: The Absalom Initiation,3,Fleshforge Dreg (Leaping Charge)
3734,4,3,3,-3,0,0,19,45,6,9,9,6,0,12,9.5,0,0.0,0,0,0,Pathfinder Society Scenario #1-01: The Absalom Initiation,3,Fleshforge Dreg (Reach)
3739,5,3,4,-3,0,0,22,75,9,15,12,9,0,15,12.0,0,0.0,0,0,0,Pathfinder Society Scenario #1-01: The Absalom Initiation,5,Fleshforge Prototype (Leaping Charge)
3735,4,3,3,-3,0,0,19,45,6,9,9,6,0,12,9.5,0,0.0,0,0,0,Pathfinder Society Scenario #1-01: The Absalom Initiation,3,Fleshforge Dreg (Roots)
3742,5,3,4,-3,0,0,22,75,9,15,12,9,0,15,12.0,0,0.0,0,0,0,Pathfinder Society Scenario #1-01: The Absalom Initiation,5,Fleshforge Prototype (Shield)
3737,5,3,4,-3,0,0,22,75,9,15,12,9,0,15,12.0,13,14.0,0,0,0,Pathfinder Society Scenario #1-01: The Absalom Initiation,5,Fleshforge Prototype (Acid Spit)
3736,4,3,3,-3,0,0,19,45,6,9,9,6,0,12,9.5,0,0.0,0,0,0,Pathfinder Society Scenario #1-01: The Absalom Initiation,3,Fleshforge Dreg (Shield)
3729,3,4,1,0,1,3,17,19,6,4,9,6,0,11,5.5,0,0.0,0,0,0,Pathfinder Society Scenario #1-01: The Absalom Initiation,1,Crowd Agitator
3749,-1,4,1,0,1,0,16,23,6,5,10,6,1,9,2.5,9,1.5,2,17,9,Pathfinder Society Scenario #1-02: The Mosquito Witch,1,Gwibble (1-2)
3753,0,4,2,-5,1,-4,18,30,9,7,11,6,0,0,0.0,0,0.0,0,0,0,Pathfinder Society Scenario #1-02: The Mosquito Witch,3,Young Bloodseeker Swarm
3752,-1,4,1,-1,1,0,16,23,6,5,10,6,1,9,2.5,9,1.5,2,17,9,Pathfinder Society Scenario #1-02: The Mosquito Witch,1,Mitflit Sneak
3751,-1,3,0,-1,1,-1,15,10,4,2,7,4,1,8,2.5,8,1.5,2,16,8,Pathfinder Society Scenario #1-02: The Mosquito Witch,-1,Mitflit (PFS 1-02)
3750,0,4,2,-1,2,0,20,44,9,7,11,9,1,11,3.5,11,2.5,2,20,12,Pathfinder Society Scenario #1-02: The Mosquito Witch,3,Gwibble (3-4)
3748,-3,4,0,-5,1,-2,18,18,8,7,10,5,0,9,0.0,0,0.0,0,0,0,Pathfinder Society Scenario #1-02: The Mosquito Witch,1,Barbed Bloodseeker
3756,2,2,2,1,3,0,16,24,8,6,5,8,1,7,4.5,7,5.5,1,16,6,Pathfinder Society Scenario #1-03: Escaping the Grave,1,Larraz Virtanne
3757,2,2,1,0,4,2,18,27,10,7,6,10,1,8,5.5,8,4.5,1,20,10,Pathfinder Society Scenario #1-03: Escaping the Grave,2,Ralthiss (1-2)
3758,2,2,2,0,4,3,21,48,12,10,8,14,1,10,7.5,10,6.5,2,22,12,Pathfinder Society Scenario #1-03: Escaping the Grave,4,Ralthiss (3-4)
3759,5,4,1,-1,2,1,21,50,11,9,12,8,0,14,12.5,0,0.0,0,0,0,Pathfinder Society Scenario #1-03: Escaping the Grave,4,Skeletal Gladiator
3760,4,-2,3,0,0,0,13,50,3,6,3,4,0,7,6.5,0,0.0,0,0,0,Pathfinder Society Scenario #1-03: Escaping the Grave,1,Zombie Riding Horse
3761,3,-2,2,-5,0,-2,12,20,0,6,0,2,0,7,7.5,0,0.0,0,0,0,Pathfinder Society Scenario #1-03: Escaping the Grave,-1,Zombie Shambler (PFS 1-03)
3762,5,-3,4,-5,1,-2,17,85,6,12,5,8,0,12,11.5,0,0.0,0,0,0,Pathfinder Society Scenario #1-03: Escaping the Grave,3,Zombie Warhorse
3754,3,2,2,-4,1,0,18,24,5,8,7,6,0,9,6.5,0,0.0,0,0,0,Pathfinder Society Scenario #1-03: Escaping the Grave,1,Desert Wind
3755,-1,3,1,-5,1,-4,15,7,6,7,6,2,0,6,1.5,0,0.0,0,0,0,Pathfinder Society Scenario #1-03: Escaping the Grave,-1,Giant Centipede (PFS 1-03)
